-6716	連盟	れんめい	一般	115	True
-5716	協会	きょうかい	一般	80	True
-3759	病院	びょういん	一般	51	True
-2221	貿易	ぼうえき	サ変接続	101	False
-2103	野球	やきゅう	一般	65	True
-2006	市内	しない	一般	100	True
-1826	高級	こうきゅう	形容動詞語幹	56	True
-1007	基金	ききん	一般	108	True
-801	運転	うんてん	サ変接続	73	True
-760	政治	せいじ	一般	71	True
-557	国立	こくりつ	一般	47	True
-530	高校	こうこう	一般	90	True
-498	平和	へいわ	形容動詞語幹	89	True
-413	研究	けんきゅう	サ変接続	100	False
-340	五輪	ごりん	一般	76	True
-120	芸術	げいじゅつ	一般	115	True
-48	財団	ざいだん	一般	106	True
-42	公団	こうだん	一般	99	True
131	事業	じぎょう	一般	65	True
166	今後	こんご	副詞可能	49	True
192	会議	かいぎ	サ変接続	86	True
369	議長	ぎちょう	一般	32	True
383	組合	くみあい	一般	92	False
399	学会	がっかい	一般	137	True
427	機構	きこう	一般	95	True
459	警備	けいび	サ変接続	101	True
463	一部	いちぶ	副詞可能	27	True
488	県内	けんない	一般	79	True
498	絶対	ぜったい	副詞可能	89	True
521	国家	こっか	一般	47	True
553	国際	こくさい	一般	61	True
581	行政	ぎょうせい	一般	55	True
644	結果	けっか	副詞可能	77	True
655	動物	どうぶつ	一般	108	True
731	生産	せいさん	サ変接続	54	True
733	清算	せいさん	サ変接続	101	True
771	以来	いらい	副詞可能	91	True
783	県立	けんりつ	一般	103	True
807	高官	こうかん	一般	84	True
836	経済	けいざい	一般	100	True
837	目的	もくてき	一般	42	True
868	開発	かいはつ	サ変接続	61	True
924	高等	こうとう	形容動詞語幹	58	True
968	健康	けんこう	形容動詞語幹	92	False
1015	反対	はんたい	サ変接続	73	True
1056	工事	こうじ	サ変接続	84	True
1074	保護	ほご	サ変接続	99	True
1079	発足	ほっそく	サ変接続	71	True
1112	家族	かぞく	一般	67	True
1113	代表	だいひょう	サ変接続	57	True
1137	機関	きかん	一般	69	True
1183	技術	ぎじゅつ	一般	89	True
1186	番号	ばんごう	一般	114	True
1198	関心	かんしん	一般	92	True
1200	看護	かんご	サ変接続	101	True
1227	一時	いちじ	副詞可能	50	True
1232	連合	れんごう	サ変接続	81	True
1237	施行	しこう	サ変接続	55	True
1252	振興	しんこう	サ変接続	100	False
1272	市立	しりつ	一般	137	True
1322	会合	かいごう	サ変接続	107	True
1325	出場	しゅつじょう	サ変接続	52	True
1328	会員	かいいん	一般	117	True
1328	批判	ひはん	サ変接続	101	True
1333	六月	ろくがつ	副詞可能	None	True
1342	時間	じかん	副詞可能	47	True
1373	連絡	れんらく	サ変接続	101	True
1404	必要	ひつよう	形容動詞語幹	110	True
1413	一転	いってん	サ変接続	90	True
1432	文書	ぶんしょ	一般	58	True
1433	自然	しぜん	形容動詞語幹	68	True
1436	前日	ぜんじつ	副詞可能	64	True
1448	教育	きょういく	サ変接続	91	True
1465	大会	たいかい	一般	78	True
1466	勝負	しょうぶ	サ変接続	0	False
1468	都内	とない	一般	79	True
1496	得意	とくい	形容動詞語幹	85	True
1504	不安	ふあん	形容動詞語幹	119	True
1560	綜合	そうごう	サ変接続	96	True
1565	出血	しゅっけつ	サ変接続	87	False
1592	都市	とし	一般	0	True
1593	取引	とりひき	サ変接続	95	False
1615	歴史	れきし	一般	92	True
1618	教室	きょうしつ	一般	72	True
1620	検討	けんとう	サ変接続	100	True
1624	学校	がっこう	一般	0	True
1672	協議	きょうぎ	サ変接続	72	True
1672	適当	てきとう	形容動詞語幹	92	True
1674	議員	ぎいん	一般	69	True
1680	住宅	じゅうたく	一般	88	True
1690	保障	ほしょう	サ変接続	101	False
1709	夫婦	ふうふ	一般	70	False
1723	中央	ちゅうおう	一般	93	True
1744	対抗	たいこう	サ変接続	92	True
1752	会社	かいしゃ	一般	30	True
1768	救急	きゅうきゅう	一般	115	False
1774	一色	いっしょく	一般	71	True
1774	多数	たすう	副詞可能	78	True
1775	戦闘	せんとう	サ変接続	101	False
1783	一斉	いっせい	副詞可能	104	True
1783	交通	こうつう	一般	100	True
1815	中心	ちゅうしん	一般	53	True
1820	特別	とくべつ	形容動詞語幹	71	True
1832	単行	たんこう	サ変接続	101	False
1839	付属	ふぞく	サ変接続	101	True
1844	均衡	きんこう	サ変接続	115	False
1846	明確	めいかく	形容動詞語幹	121	True
1858	一念	いちねん	一般	104	True
1872	半年	はんとし	副詞可能	33	False
1907	発起	ほっき	サ変接続	101	True
1925	十分	じゅうぶん	形容動詞語幹	126	True
1936	条約	じょうやく	一般	77	True
1943	一番	いちばん	副詞可能	60	True
1945	四球	しきゅう	一般	59	True
1958	私立	しりつ	一般	80	True
1995	博士	はかせ	一般	56	False
2027	五月	ごがつ	副詞可能	0	True
2039	個別	こべつ	形容動詞語幹	112	True
2039	民俗	みんぞく	一般	112	True
2048	団体	だんたい	一般	76	True
2048	工業	こうぎょう	一般	76	True
2054	差別	さべつ	サ変接続	48	True
2075	外科	げか	一般	72	True
2076	資料	しりょう	一般	101	True
2079	本部	ほんぶ	一般	72	True
2084	期限	きげん	一般	88	True
2088	決定	けってい	サ変接続	98	True
2093	委員	いいん	一般	46	True
2098	一切	いっさい	副詞可能	102	True
2105	早急	そうきゅう	形容動詞語幹	99	True
2105	消火	しょうか	サ変接続	99	True
2113	選手	せんしゅ	一般	85	True
2118	七月	しちがつ	副詞可能	None	True
2139	連判	れんばん	サ変接続	92	True
2142	人数	にんずう	一般	76	False
2148	完成	かんせい	サ変接続	97	True
2155	調子	ちょうし	一般	101	True
2156	同市	どうし	一般	84	True
2157	各国	かっこく	一般	65	True
2163	記念	きねん	サ変接続	101	True
2168	平等	びょうどう	形容動詞語幹	66	False
2180	出版	しゅっぱん	サ変接続	92	False
2187	美容	びよう	一般	115	True
2199	右側	みぎがわ	一般	52	False
2211	比率	ひりつ	一般	63	True
2223	三月	さんがつ	副詞可能	None	True
2236	女性	じょせい	一般	56	True
2239	財界	ざいかい	一般	112	True
2249	選挙	せんきょ	サ変接続	97	True
2258	唯一	ゆいいつ	一般	67	False
2262	写真	しゃしん	一般	100	True
2272	世帯	せたい	一般	64	True
2277	海岸	かいがん	一般	36	True
2278	不快	ふかい	形容動詞語幹	75	False
2289	万歳	ばんざい	一般	88	False
2298	当時	とうじ	副詞可能	55	True
2306	一方	いっぽう	副詞可能	59	True
2306	外国	がいこく	一般	64	True
2307	卒業	そつぎょう	サ変接続	76	True
2311	起訴	きそ	サ変接続	101	True
2319	分離	ぶんり	サ変接続	70	True
2322	燃料	ねんりょう	一般	93	False
2322	福祉	ふくし	一般	115	False
2333	現場	げんば	一般	49	False
2340	毎年	まいとし	副詞可能	66	False
2351	国会	こっかい	一般	95	True
2353	一貫	いっかん	サ変接続	62	True
2353	危険	きけん	形容動詞語幹	113	False
2357	音楽	おんがく	一般	63	False
2360	勢力	せいりょく	一般	72	True
2370	生存	せいぞん	サ変接続	101	True
2381	総連	そうれん	一般	118	True
2382	普通	ふつう	形容動詞語幹	113	True
2386	川柳	せんりゅう	一般	88	False
2400	沿岸	えんがん	一般	115	False
2400	記者	きしゃ	一般	84	True
2405	時期	じき	副詞可能	0	True
2409	大幅	おおはば	形容動詞語幹	88	False
2424	遺伝	いでん	サ変接続	101	True
2432	勝手	かって	形容動詞語幹	70	False
2432	約束	やくそく	サ変接続	99	True
2452	結論	けつろん	サ変接続	95	True
2456	前年	ぜんねん	副詞可能	62	True
2456	緊急	きんきゅう	形容動詞語幹	107	True
2457	来春	らいしゅん	副詞可能	80	True
2460	疑問	ぎもん	形容動詞語幹	108	True
2464	在日	ざいにち	サ変接続	117	True
2473	突出	とっしゅつ	サ変接続	101	True
2481	長官	ちょうかん	一般	42	True
2483	来年	らいねん	副詞可能	111	True
2486	労働	ろうどう	サ変接続	95	True
2487	郵便	ゆうびん	一般	101	False
2489	処分	しょぶん	サ変接続	89	True
2490	他人	たにん	一般	45	True
2495	一流	いちりゅう	一般	80	True
2516	正確	せいかく	形容動詞語幹	104	True
2519	対策	たいさく	サ変接続	107	True
2520	株主	かぶぬし	一般	109	False
2523	冊子	さっし	一般	0	False
2523	文化	ぶんか	一般	40	True
2525	建築	けんちく	サ変接続	101	False
2528	武装	ぶそう	サ変接続	101	False
2530	信号	しんごう	一般	114	True
2536	柔軟	じゅうなん	形容動詞語幹	121	False
2537	制度	せいど	一般	77	True
2543	万能	ばんのう	一般	76	True
2546	項目	こうもく	一般	78	True
2550	校長	こうちょう	一般	102	True
2565	労組	ろうそ	一般	101	True
2575	公式	こうしき	形容動詞語幹	96	True
2590	社会	しゃかい	一般	82	True
2601	採用	さいよう	サ変接続	101	True
2601	通用	つうよう	サ変接続	101	True
2601	高値	たかね	一般	27	False
2607	思春	ししゅん	一般	112	True
2609	不正	ふせい	形容動詞語幹	105	True
2615	映画	えいが	一般	96	True
2615	競売	きょうばい	サ変接続	71	False
2623	用地	ようち	一般	181	True
2624	正式	せいしき	形容動詞語幹	120	True
2624	種類	しゅるい	一般	39	True
2624	経営	けいえい	サ変接続	98	True
2627	科学	かがく	一般	115	True
2630	上手	じょうず	形容動詞語幹	113	False
2647	同年	どうねん	副詞可能	126	True
2647	知識	ちしき	一般	115	False
2654	獅子	しし	一般	69	True
2655	二死	にし	一般	None	True
2656	学術	がくじゅつ	一般	113	True
2656	男女	だんじょ	一般	66	True
2657	解放	かいほう	サ変接続	101	True
2658	街路	がいろ	一般	115	True
2659	一家	いっか	一般	69	True
2660	小売	こうり	サ変接続	77	False
2662	共存	きょうぞん	サ変接続	83	True
2696	協力	きょうりょく	サ変接続	100	True
2696	評議	ひょうぎ	サ変接続	66	True
2699	九月	くがつ	副詞可能	129	True
2704	地区	ちく	一般	43	True
2712	整備	せいび	サ変接続	101	False
2726	市民	しみん	一般	108	True
2726	高額	こうがく	形容動詞語幹	103	True
2727	国土	こくど	一般	108	True
2729	天然	てんねん	一般	114	True
2732	医師	いし	一般	70	True
2732	始末	しまつ	サ変接続	102	True
2737	逆転	ぎゃくてん	サ変接続	100	True
2741	過失	かしつ	一般	114	True
2743	卓球	たっきゅう	サ変接続	115	False
2745	一目	いちもく	サ変接続	101	True
2745	二男	じなん	一般	67	False
2755	現行	げんこう	一般	88	True
2762	変化	へんか	サ変接続	72	True
2766	同様	どうよう	形容動詞語幹	96	True
2769	駐米	ちゅうべい	一般	115	True
2773	保存	ほぞん	サ変接続	101	True
2781	合格	ごうかく	サ変接続	99	True
2786	増殖	ぞうしょく	サ変接続	101	False
2787	八月	はちがつ	副詞可能	None	True
2787	公約	こうやく	サ変接続	96	True
2789	応用	おうよう	サ変接続	100	True
2789	有効	ゆうこう	形容動詞語幹	121	True
2789	隔離	かくり	サ変接続	101	True
2796	工夫	くふう	サ変接続	81	False
2797	好調	こうちょう	形容動詞語幹	76	True
2797	部屋	へや	一般	5	False
2798	公正	こうせい	形容動詞語幹	101	True
2806	是非	ぜひ	サ変接続	107	True
2806	特定	とくてい	サ変接続	101	True
2806	独立	どくりつ	サ変接続	44	True
2810	原則	げんそく	一般	73	True
2810	工場	こうじょう	一般	85	True
2813	大事	だいじ	形容動詞語幹	111	True
2815	今回	こんかい	副詞可能	89	True
2818	三時	さんじ	副詞可能	0	True
2821	部分	ぶぶん	一般	0	True
2826	本来	ほんらい	副詞可能	86	True
2828	機嫌	きげん	一般	96	True
2829	市長	しちょう	一般	125	True
2832	一連	いちれん	一般	40	True
2832	共通	きょうつう	サ変接続	88	True
2835	法人	ほうじん	一般	45	True
2838	最終	さいしゅう	一般	67	True
2840	加減	かげん	サ変接続	95	True
2848	今年	ことし	副詞可能	46	False
2850	優勝	ゆうしょう	サ変接続	101	False
2851	不振	ふしん	形容動詞語幹	113	True
2851	植物	しょくぶつ	一般	111	True
2858	交流	こうりゅう	サ変接続	98	True
2858	迫撃	はくげき	サ変接続	101	True
2865	世論	せろん	一般	90	True
2865	同日	どうじつ	副詞可能	76	True
2868	開眼	かいがん	サ変接続	91	True
2870	期間	きかん	一般	39	True
2870	電話	でんわ	サ変接続	99	True
2875	不当	ふとう	形容動詞語幹	118	True
2879	中元	ちゅうげん	一般	95	True
2880	取捨	しゅしゃ	サ変接続	101	False
2881	一緒	いっしょ	サ変接続	96	False
2881	区間	くかん	一般	47	True
2881	教戒	きょうかい	サ変接続	101	True
2881	教誡	きょうかい	サ変接続	101	True
2881	教誨	きょうかい	サ変接続	101	False
2882	一等	いっとう	一般	0	True
2885	一報	いっぽう	サ変接続	62	False
2886	処理	しょり	サ変接続	93	True
2886	耳鼻	じび	一般	115	False
2890	総合	そうごう	サ変接続	79	True
2891	慎重	しんちょう	形容動詞語幹	113	False
2895	行為	こうい	サ変接続	76	True
2899	計算	けいさん	サ変接続	92	True
2903	安全	あんぜん	形容動詞語幹	83	False
2904	歯科	しか	一般	115	True
2904	観葉	かんよう	一般	115	True
2918	悪口	わるぐち	一般	94	False
2930	決算	けっさん	サ変接続	101	True
2931	同盟	どうめい	サ変接続	101	True
2942	経験	けいけん	サ変接続	100	True
2944	不足	ふそく	サ変接続	84	True
2946	大変	たいへん	形容動詞語幹	112	True
2948	過剰	かじょう	形容動詞語幹	113	False
2957	翌年	よくねん	副詞可能	81	True
2958	段階	だんかい	一般	56	True
2959	強力	きょうりょく	形容動詞語幹	86	True
2960	違法	いほう	形容動詞語幹	110	True
2965	一言	ひとこと	一般	84	False
2965	分科	ぶんか	一般	92	True
2965	協同	きょうどう	サ変接続	101	True
2968	判決	はんけつ	サ変接続	86	True
2972	同席	どうせき	サ変接続	98	True
2976	本意	ほんい	形容動詞語幹	115	True
2977	中毒	ちゅうどく	サ変接続	59	True
2977	予選	よせん	一般	113	True
2982	優勢	ゆうせい	形容動詞語幹	90	False
2986	重力	じゅうりょく	一般	115	True
2986	非核	ひかく	一般	105	True
2987	仏教	ぶっきょう	一般	68	False
3003	潤滑	じゅんかつ	形容動詞語幹	108	False
3008	合作	がっさく	サ変接続	101	True
3009	下腹	かふく	一般	82	False
3009	洗面	せんめん	サ変接続	101	True
3010	北西	ほくせい	一般	95	True
3013	致死	ちし	一般	115	True
3018	魚介	ぎょかい	一般	110	True
3021	端末	たんまつ	一般	82	True
3023	対立	たいりつ	サ変接続	81	True
3026	観光	かんこう	サ変接続	100	True
3027	焼却	しょうきゃく	サ変接続	101	False
3029	入場	にゅうじょう	サ変接続	88	True
3036	輸入	ゆにゅう	サ変接続	89	False
3041	家庭	かてい	一般	108	False
3043	競技	きょうぎ	サ変接続	101	False
3045	防疫	ぼうえき	サ変接続	101	True
3047	通商	つうしょう	サ変接続	128	True
3052	人体	じんたい	一般	82	True
3056	小学	しょうがく	一般	61	True
3057	打倒	だとう	サ変接続	101	True
3057	花柳	かりゅう	一般	113	False
3060	設計	せっけい	サ変接続	98	True
3062	異常	いじょう	形容動詞語幹	112	False
3063	作業	さぎょう	サ変接続	45	True
3063	統一	とういつ	サ変接続	95	True
3073	一定	いってい	サ変接続	22	True
3081	宇宙	うちゅう	一般	106	False
3081	行方	ゆくえ	一般	76	False
3089	停車	ていしゃ	サ変接続	101	True
3096	英訳	えいやく	サ変接続	82	True
3099	無理	むり	形容動詞語幹	99	True
3100	近代	きんだい	一般	108	True
3102	満足	まんぞく	サ変接続	92	True
3106	署名	しょめい	サ変接続	99	True
3107	生態	せいたい	一般	114	True
3109	知名	ちめい	形容動詞語幹	99	True
3112	調査	ちょうさ	サ変接続	98	True
3113	四季	しき	一般	84	True
3113	誠意	せいい	副詞可能	115	True
3114	明日	あした	副詞可能	62	False
3115	伝染	でんせん	サ変接続	101	True
3118	一見	いっけん	サ変接続	77	True
3120	解決	かいけつ	サ変接続	101	True
3123	鉄道	てつどう	一般	91	True
3128	分化	ぶんか	サ変接続	72	True
3129	困難	こんなん	形容動詞語幹	118	True
3130	付近	ふきん	一般	87	True
3130	死刑	しけい	一般	113	True
3130	計画	けいかく	サ変接続	63	True
3132	潜水	せんすい	サ変接続	92	False
3135	一帯	いったい	一般	59	True
3136	大国	たいこく	一般	89	True
3138	会談	かいだん	サ変接続	101	True
3140	所有	しょゆう	サ変接続	88	True
3140	無縁	むえん	形容動詞語幹	117	True
3141	作家	さっか	一般	97	True
3141	整形	せいけい	サ変接続	99	False
3143	制限	せいげん	サ変接続	100	True
3144	元気	げんき	形容動詞語幹	86	True
3147	一角	いっかく	一般	0	True
3149	高架	こうか	一般	80	True
3151	論説	ろんせつ	一般	111	True
3153	中小	ちゅうしょう	一般	178	True
3158	内野	ないや	一般	81	True
3159	一室	いっしつ	一般	88	True
3160	積載	せきさい	サ変接続	101	True
3161	部門	ぶもん	一般	43	True
3165	対外	たいがい	一般	88	True
3166	日数	にっすう	一般	64	False
3167	重複	じゅうふく	サ変接続	78	True
3169	肝心	かんじん	形容動詞語幹	122	False
3170	確定	かくてい	サ変接続	101	True
3171	各党	かくとう	一般	105	True
3171	移動	いどう	サ変接続	102	False
3171	餓死	がし	サ変接続	83	True
3172	二分	にぶん	サ変接続	None	True
3173	義務	ぎむ	一般	115	True
3174	回線	かいせん	一般	69	True
3177	推定	すいてい	サ変接続	101	True
3182	強化	きょうか	サ変接続	86	True
3184	全国	ぜんこく	一般	87	False
3191	適齢	てきれい	一般	115	True
3192	誠心	せいしん	一般	124	True
3193	一円	いちえん	一般	97	True
3194	過渡	かと	一般	115	True
3195	一式	いっしき	一般	123	True
3199	時折	ときおり	副詞可能	138	False
3199	限定	げんてい	サ変接続	100	True
3200	不要	ふよう	形容動詞語幹	106	True
3200	私的	してき	形容動詞語幹	137	True
3202	一筋	ひとすじ	形容動詞語幹	76	False
3202	公文	こうぶん	一般	125	True
3205	大綱	たいこう	一般	88	True
3208	国防	こくぼう	一般	71	True
3211	研修	けんしゅう	サ変接続	101	False
3212	臨床	りんしょう	一般	115	True
3214	給付	きゅうふ	サ変接続	98	True
3216	順当	じゅんとう	形容動詞語幹	121	True
3219	市場	しじょう	一般	54	True
3220	発展	はってん	サ変接続	97	True
3223	死亡	しぼう	サ変接続	95	False
3227	一周	いっしゅう	サ変接続	None	False
3227	公示	こうじ	サ変接続	101	True
3227	納付	のうふ	サ変接続	77	False
3229	中学	ちゅうがく	一般	52	True
3229	会派	かいは	一般	64	True
3230	狩猟	しゅりょう	サ変接続	101	False
3235	将棋	しょうぎ	一般	113	False
3237	二女	じじょ	一般	86	False
3237	大人	おとな	一般	90	False
3241	品目	ひんもく	一般	57	True
3241	競馬	けいば	一般	106	True
3245	責任	せきにん	一般	106	True
3251	文学	ぶんがく	一般	74	True
3253	最中	さいちゅう	副詞可能	59	True
3270	無事	ぶじ	形容動詞語幹	99	True
3270	現存	げんそん	サ変接続	96	True
3271	依頼	いらい	サ変接続	101	False
3280	当分	とうぶん	副詞可能	111	True
3280	言語	げんご	一般	58	True
3281	愛国	あいこく	一般	113	True
3282	読経	どきょう	サ変接続	84	False
3284	政党	せいとう	一般	88	True
3284	稽古	けいこ	サ変接続	94	True
3286	路線	ろせん	一般	83	True
3292	一挙	いっきょ	副詞可能	105	True
3293	正常	せいじょう	形容動詞語幹	109	False
3294	歌謡	かよう	一般	105	False
3298	優秀	ゆうしゅう	形容動詞語幹	98	False
3300	住所	じゅうしょ	一般	35	True
3301	利用	りよう	サ変接続	54	True
3305	方面	ほうめん	一般	74	True
3306	人間	にんげん	一般	40	False
3310	会計	かいけい	サ変接続	96	True
3312	人工	じんこう	一般	110	True
3314	半分	はんぶん	副詞可能	80	True
3317	契約	けいやく	サ変接続	101	True
3323	初頭	しょとう	副詞可能	86	True
3330	降下	こうか	サ変接続	101	True
3330	露天	ろてん	一般	108	True
3337	下車	げしゃ	サ変接続	93	True
3337	審議	しんぎ	サ変接続	43	False
3340	子供	こども	一般	51	False
3341	微小	びしょう	形容動詞語幹	102	True
3343	参政	さんせい	サ変接続	87	True
3347	作品	さくひん	一般	51	True
3348	男性	だんせい	一般	58	True
3351	不明	ふめい	形容動詞語幹	105	True
3352	四方	しほう	一般	43	True
3353	会見	かいけん	サ変接続	76	True
3353	詳細	しょうさい	形容動詞語幹	113	False
3358	当初	とうしょ	副詞可能	86	True
3364	上位	じょうい	一般	59	True
3364	弟子	でし	一般	85	True
3366	分野	ぶんや	一般	81	True
3372	大手	おおて	一般	39	False
3372	鮮明	せんめい	形容動詞語幹	121	False
3382	管理	かんり	サ変接続	99	True
3383	一夜	いちや	副詞可能	68	True
3383	八頭	やつがしら	一般	94	False
3384	小屋	こや	一般	73	False
3384	硬式	こうしき	一般	114	True
3391	正当	せいとう	形容動詞語幹	113	True
3391	田舎	いなか	一般	132	False
3395	緑化	りょくか	サ変接続	100	True
3400	著作	ちょさく	サ変接続	101	True
3401	空間	くうかん	一般	0	True
3409	発表	はっぴょう	サ変接続	89	False
3410	施工	しこう	サ変接続	81	True
3410	終日	しゅうじつ	副詞可能	115	True
3411	総研	そうけん	一般	115	False
3412	最近	さいきん	副詞可能	82	True
3414	助言	じょげん	サ変接続	76	True
3414	執着	しゅうちゃく	サ変接続	87	False
3420	平日	へいじつ	副詞可能	90	True
3423	共同	きょうどう	サ変接続	82	True
3424	定着	ていちゃく	サ変接続	78	True
3426	身体	しんたい	一般	108	True
3428	定数	ていすう	一般	112	True
3429	友愛	ゆうあい	一般	115	True
3430	活動	かつどう	サ変接続	74	True
3430	海洋	かいよう	一般	101	True
3431	合同	ごうどう	サ変接続	90	True
3433	中立	ちゅうりつ	サ変接続	85	True
3441	攻究	こうきゅう	サ変接続	101	True
3441	考究	こうきゅう	サ変接続	101	True
3441	講究	こうきゅう	サ変接続	101	True
3441	購求	こうきゅう	サ変接続	101	False
3442	首相	しゅしょう	一般	73	True
3444	役場	やくば	一般	91	False
3447	学習	がくしゅう	サ変接続	101	True
3449	医科	いか	一般	114	True
3454	生物	せいぶつ	一般	76	True
3460	日程	にってい	一般	82	False
3461	所得	しょとく	一般	65	True
3462	一体	いったい	一般	31	True
3462	英語	えいご	一般	69	True
3466	部落	ぶらく	一般	117	True
3467	二月	にがつ	副詞可能	None	True
3469	番組	ばんぐみ	一般	96	False
3470	先日	せんじつ	副詞可能	87	True
3471	交響	こうきょう	一般	115	False
3471	山脈	さんみゃく	一般	110	True
3472	大衆	たいしゅう	一般	85	True
3474	出店	しゅってん	サ変接続	89	False
3476	記名	きめい	サ変接続	100	True
3477	一同	いちどう	一般	66	True
3482	舞台	ぶたい	一般	114	False
3485	上部	じょうぶ	一般	89	True
3486	機能	きのう	サ変接続	94	True
3487	基本	きほん	一般	96	True
3487	面倒	めんどう	形容動詞語幹	83	False
3488	教職	きょうしょく	一般	116	True
3488	節操	せっそう	形容動詞語幹	115	False
3491	不調	ふちょう	形容動詞語幹	102	True
3493	人事	じんじ	一般	108	True
3494	三脚	さんきゃく	一般	81	True
3495	相談	そうだん	サ変接続	99	True
3496	中部	ちゅうぶ	一般	78	True
3497	内外	ないがい	一般	146	True
3497	昨夏	さくなつ	副詞可能	115	False
3497	種目	しゅもく	一般	40	True
3497	週末	しゅうまつ	副詞可能	111	True
3501	対話	たいわ	サ変接続	95	True
3501	市街	しがい	一般	104	True
3503	次回	じかい	副詞可能	91	True
3510	出馬	しゅつば	サ変接続	84	True
3510	来日	らいにち	サ変接続	95	True
3510	百科	ひゃっか	一般	96	True
3512	利子	りし	一般	97	True
3516	好感	こうかん	一般	93	True
3517	注意	ちゅうい	サ変接続	101	True
3520	寄金	ききん	サ変接続	115	True
3520	駐車	ちゅうしゃ	サ変接続	97	True
3524	通学	つうがく	サ変接続	80	True
3527	民族	みんぞく	一般	105	True
3532	北側	きたがわ	一般	87	False
3532	道徳	どうとく	一般	110	True
3533	午後	ごご	副詞可能	83	True
3533	精算	せいさん	サ変接続	101	True
3535	公平	こうへい	形容動詞語幹	100	True
3536	総会	そうかい	一般	94	True
3539	必死	ひっし	形容動詞語幹	121	True
3540	向上	こうじょう	サ変接続	86	True
3542	町立	ちょうりつ	一般	145	True
3543	膾炙	かいしゃ	サ変接続	101	False
3546	主流	しゅりゅう	形容動詞語幹	100	True
3547	簡単	かんたん	形容動詞語幹	119	False
3550	一団	いちだん	一般	88	True
3550	未遂	みすい	一般	115	False
3554	人口	じんこう	一般	65	True
3555	地質	ちしつ	一般	96	True
3555	帰還	きかん	サ変接続	101	False
3559	最小	さいしょう	一般	109	True
3559	評価	ひょうか	サ変接続	87	True
3560	帰艦	きかん	サ変接続	101	True
3560	帰館	きかん	サ変接続	101	True
3560	平静	へいせい	形容動詞語幹	113	False
3560	饋還	きかん	サ変接続	None	False
3560	高速	こうそく	一般	112	True
3562	普段	ふだん	副詞可能	87	True
3566	教徒	きょうと	一般	211	True
3569	一死	いっし	一般	117	True
3573	学長	がくちょう	一般	68	True
3573	投票	とうひょう	サ変接続	101	True
3574	一言	いちげん	サ変接続	84	True
3574	礼拝	れいはい	サ変接続	82	True
3577	一役	ひとやく	一般	97	False
3577	見聞	けんぶん	サ変接続	86	True
3581	助成	じょせい	サ変接続	98	True
3581	地方	ちほう	一般	56	True
3581	政府	せいふ	一般	39	True
3582	志向	しこう	サ変接続	101	True
3582	手術	しゅじゅつ	サ変接続	97	True
3584	構造	こうぞう	一般	108	True
3585	慰霊	いれい	一般	115	True
3587	経緯	けいい	一般	68	True
3587	金利	きんり	一般	84	True
3588	道交	どうこう	一般	115	True
3590	免許	めんきょ	サ変接続	101	True
3596	江東	こうとう	一般	None	True
3597	伺候	しこう	サ変接続	101	False
3597	叩頭	こうとう	サ変接続	101	False
3597	嗜好	しこう	サ変接続	101	False
3597	思考	しこう	サ変接続	101	True
3597	指向	しこう	サ変接続	101	True
3597	昂騰	こうとう	サ変接続	101	False
3597	祗候	しこう	サ変接続	101	False
3597	試行	しこう	サ変接続	101	True
3597	高騰	こうとう	サ変接続	101	False
3599	航行	こうこう	サ変接続	101	True
3602	交感	こうかん	サ変接続	115	True
3602	交換	こうかん	サ変接続	101	True
3602	交歓	こうかん	サ変接続	101	True
3602	交驩	こうかん	サ変接続	101	False
3602	公刊	こうかん	サ変接続	101	True
3602	校勘	こうかん	サ変接続	101	True
3607	最大	さいだい	一般	113	True
3607	関係	かんけい	サ変接続	87	False
3608	感心	かんしん	サ変接続	89	True
3611	一生	いっしょう	副詞可能	47	True
3613	輸血	ゆけつ	サ変接続	101	False
3615	先生	せんせい	一般	40	True
3618	主婦	しゅふ	一般	111	True
3618	国境	こっきょう	一般	82	True
3618	残念	ざんねん	形容動詞語幹	121	True
3619	一塁	いちるい	一般	104	True
3620	判明	はんめい	サ変接続	101	True
3622	大口	おおぐち	一般	65	False
3623	主席	しゅせき	一般	90	True
3627	両親	りょうしん	一般	110	True
3628	兄弟	きょうだい	一般	87	False
3633	九分	くぶ	一般	None	True
3635	画定	かくてい	サ変接続	98	True
3636	自由	じゆう	形容動詞語幹	111	True
3637	改選	かいせん	サ変接続	101	True
3641	鉱業	こうぎょう	一般	115	True
3642	開戦	かいせん	サ変接続	101	True
3643	会戦	かいせん	サ変接続	101	True
3643	回旋	かいせん	サ変接続	101	True
3643	廻旋	かいせん	サ変接続	101	True
3647	東方	とうほう	一般	90	True
3649	選択	せんたく	サ変接続	101	True
3650	悪化	あっか	サ変接続	74	True
3652	考古	こうこ	一般	112	True
3655	会館	かいかん	一般	66	True
3657	不幸	ふこう	形容動詞語幹	112	True
3657	少年	しょうねん	一般	99	True
3666	生誕	せいたん	サ変接続	101	False
3670	個人	こじん	一般	93	True
3671	十月	じゅうがつ	副詞可能	None	True
3672	高談	こうだん	サ変接続	101	True
3673	商社	しょうしゃ	一般	100	True
3674	直後	ちょくご	副詞可能	66	True
3676	左側	ひだりがわ	一般	80	False
3677	祝賀	しゅくが	サ変接続	101	True
3682	府内	ふない	一般	77	True
3682	陸上	りくじょう	一般	70	True
3684	急増	きゅうぞう	サ変接続	101	True
3685	粘土	ねんど	一般	77	False
3689	治安	ちあん	一般	84	True
3690	突破	とっぱ	サ変接続	84	True
3690	飛来	ひらい	サ変接続	101	True
3691	声明	せいめい	サ変接続	90	True
3694	不純	ふじゅん	形容動詞語幹	113	False
3694	加工	かこう	サ変接続	98	True
3694	孝行	こうこう	サ変接続	108	True
3696	科目	かもく	一般	76	True
3699	両日	りょうじつ	一般	99	True
3701	黄金	おうごん	一般	97	False
3706	陶磁	とうじ	一般	115	True
3707	思惑	おもわく	一般	76	False
3707	硫黄	いおう	一般	102	False
3710	作為	さくい	サ変接続	99	True
3711	免職	めんしょく	サ変接続	101	True
3712	確認	かくにん	サ変接続	101	True
3715	領収	りょうしゅう	サ変接続	101	False
3717	合理	ごうり	一般	106	True
3718	物語	ものがたり	一般	67	False
3719	政権	せいけん	一般	65	False
3720	増益	ぞうえき	サ変接続	101	True
3720	文理	ぶんり	一般	115	True
3721	消耗	しょうもう	サ変接続	76	False
3722	失業	しつぎょう	サ変接続	100	True
3722	寄港	きこう	サ変接続	101	True
3722	寄稿	きこう	サ変接続	101	True
3722	帰港	きこう	サ変接続	101	True
3722	帰耕	きこう	サ変接続	101	True
3722	起稿	きこう	サ変接続	101	True
3722	騎行	きこう	サ変接続	101	True
3724	地域	ちいき	一般	62	True
3724	基礎	きそ	一般	115	False
3726	体制	たいせい	一般	79	True
3726	開会	かいかい	サ変接続	98	True
3730	候補	こうほ	一般	105	True
3730	結合	けつごう	サ変接続	93	True
3731	保育	ほいく	サ変接続	101	True
3731	気質	きしつ	一般	88	True
3735	同窓	どうそう	一般	115	False
3737	軽減	けいげん	サ変接続	96	True
3738	鋭利	えいり	形容動詞語幹	113	True
3740	対校	たいこう	サ変接続	101	True
3740	退校	たいこう	サ変接続	101	True
3740	退行	たいこう	サ変接続	101	True
3742	一座	いちざ	サ変接続	96	True
3742	行使	こうし	サ変接続	75	True
3746	製品	せいひん	一般	140	True
3749	町村	ちょうそん	一般	149	True
3751	不服	ふふく	形容動詞語幹	111	True
3752	一片	いっぺん	一般	None	True
3753	一途	いっと	一般	71	True
3753	分類	ぶんるい	サ変接続	78	True
3753	悪質	あくしつ	形容動詞語幹	120	True
3754	奉仕	ほうし	サ変接続	101	False
3759	登山	とざん	サ変接続	96	False
3764	試乗	しじょう	サ変接続	95	True
3765	紅葉	こうよう	サ変接続	91	False
3766	進行	しんこう	サ変接続	101	True
3769	梅雨	つゆ	一般	83	False
3769	進攻	しんこう	サ変接続	101	True
3770	侵寇	しんこう	サ変接続	101	False
3770	侵攻	しんこう	サ変接続	101	True
3770	信仰	しんこう	サ変接続	101	False
3770	復刊	ふっかん	サ変接続	101	True
3770	深耕	しんこう	サ変接続	101	True
3770	進航	しんこう	サ変接続	101	True
3770	進講	しんこう	サ変接続	101	True
3770	進貢	しんこう	サ変接続	101	False
3771	国民	こくみん	一般	76	True
3771	戦線	せんせん	一般	93	True
3774	順応	じゅんのう	サ変接続	74	False
3775	長調	ちょうちょう	一般	113	True
3776	本社	ほんしゃ	一般	57	True
3777	一筆	いっぴつ	副詞可能	102	True
3777	複数	ふくすう	一般	83	True
3778	固執	こしつ	サ変接続	90	False
3781	反発	はんぱつ	サ変接続	84	True
3781	指定	してい	サ変接続	94	True
3781	特派	とくは	サ変接続	101	True
3784	分泌	ぶんぴつ	サ変接続	92	True
3784	本紙	ほんし	一般	105	True
3784	興行	こうぎょう	サ変接続	101	False
3785	残存	ざんそん	サ変接続	95	True
3789	食品	しょくひん	一般	76	True
3790	学科	がっか	一般	145	True
3791	海軍	かいぐん	一般	87	True
3792	直接	ちょくせつ	副詞可能	108	True
3793	配流	はいる	サ変接続	101	True
3795	激化	げきか	サ変接続	76	True
3796	完済	かんさい	サ変接続	101	True
3799	一掃	いっそう	サ変接続	105	False
3807	一滴	いってき	副詞可能	None	True
3807	三角	さんかく	一般	56	True
3811	自記	じき	サ変接続	101	True
3815	強硬	きょうこう	形容動詞語幹	104	True
3815	露店	ろてん	一般	87	True
3819	自棄	じき	サ変接続	109	True
3823	機動	きどう	一般	96	True
3826	書記	しょき	一般	101	True
3826	追加	ついか	サ変接続	86	True
3827	感情	かんじょう	一般	105	True
3828	海外	かいがい	一般	72	True
3828	風俗	ふうぞく	一般	103	True
3830	補給	ほきゅう	サ変接続	101	True
3831	手前	てまえ	一般	51	False
3833	起工	きこう	サ変接続	101	True
3836	世辞	せじ	一般	115	True
3836	場所	ばしょ	一般	65	False
3839	好事	こうじ	一般	114	True
3840	幹部	かんぶ	一般	67	True
3844	生活	せいかつ	サ変接続	91	True
3845	遺跡	いせき	一般	114	True
3846	校内	こうない	一般	116	True
3846	西南	せいなん	一般	85	True
3847	途中	とちゅう	副詞可能	101	True
3849	大仏	だいぶつ	一般	74	True
3852	獲得	かくとく	サ変接続	101	True
3853	改印	かいいん	サ変接続	101	True
3853	開院	かいいん	サ変接続	101	True
3856	回議	かいぎ	サ変接続	101	True
3856	懐疑	かいぎ	サ変接続	101	True
3857	岩船	いわふね	一般	None	False
3857	託宣	たくせん	一般	115	False
3858	対比	たいひ	サ変接続	110	True
3859	浮気	うわき	サ変接続	95	False
3859	聯盟	れんめい	一般	115	True
3859	言葉	ことば	一般	133	False
3859	連名	れんめい	一般	115	True
3860	同視	どうし	サ変接続	101	True
3863	一新	いっしん	サ変接続	107	True
3864	前線	ぜんせん	一般	76	True
3865	多様	たよう	形容動詞語幹	120	True
3866	数字	すうじ	一般	61	True
3868	鋳物	いもの	一般	122	False
3869	同義	どうぎ	形容動詞語幹	115	True
3870	預金	よきん	サ変接続	102	True
3871	対象	たいしょう	一般	85	False
3871	有力	ゆうりょく	形容動詞語幹	109	True
3873	初診	しょしん	一般	115	True
3873	単科	たんか	一般	115	False
3878	不倫	ふりん	サ変接続	96	True
3878	反射	はんしゃ	サ変接続	100	True
3881	補償	ほしょう	サ変接続	98	True
3882	一矢	いっし	副詞可能	104	True
3882	修業	しゅうぎょう	一般	76	True
3883	打点	だてん	一般	93	True
3884	放送	ほうそう	サ変接続	100	True
3886	寛容	かんよう	形容動詞語幹	113	False
3887	一般	いっぱん	一般	65	True
3887	磁気	じき	一般	118	True
3888	歴訪	れきほう	サ変接続	101	False
3889	負傷	ふしょう	サ変接続	101	False
3890	価格	かかく	一般	85	True
3890	大体	だいたい	副詞可能	39	True
3890	計上	けいじょう	サ変接続	91	True
3891	木造	もくぞう	一般	62	True
3893	連勝	れんしょう	サ変接続	89	True
3894	人形	にんぎょう	一般	86	True
3894	対処	たいしょ	サ変接続	101	True
3894	轢死	れきし	サ変接続	101	True
3895	謝罪	しゃざい	サ変接続	101	False
3896	参上	さんじょう	サ変接続	101	True
3899	西側	にしがわ	一般	88	False
3902	一行	いっこう	一般	53	True
3902	手間	てま	一般	111	False
3902	運用	うんよう	サ変接続	78	True
3903	創成	そうせい	サ変接続	101	False
3905	透明	とうめい	形容動詞語幹	0	True
3908	一糸	いっし	副詞可能	103	True
3909	一端	いったん	一般	71	True
3909	冷静	れいせい	形容動詞語幹	113	False
3910	懇談	こんだん	サ変接続	101	True
3911	凄惨	せいさん	形容動詞語幹	113	False
3914	地球	ちきゅう	一般	110	True
3914	青銅	せいどう	一般	101	True
3915	新党	しんとう	一般	93	True
3917	埠頭	ふとう	一般	115	False
3917	見物	けんぶつ	サ変接続	85	True
3918	掃海	そうかい	サ変接続	101	False
3919	湯治	とうじ	サ変接続	101	False
3920	思料	しりょう	サ変接続	101	True
3920	思量	しりょう	サ変接続	101	True
3921	料金	りょうきん	一般	95	True
3924	半島	はんとう	一般	97	True
3924	被爆	ひばく	サ変接続	99	True
3925	名誉	めいよ	形容動詞語幹	111	True
3925	対局	たいきょく	サ変接続	100	True
3927	安堵	あんど	サ変接続	92	True
3929	紙上	しじょう	一般	154	True
3931	相対	そうたい	一般	82	True
3931	送球	そうきゅう	サ変接続	101	True
3933	一考	いっこう	サ変接続	105	True
3935	助勢	じょせい	サ変接続	101	True
3935	参事	さんじ	一般	115	True
3935	陽気	ようき	形容動詞語幹	103	True
3938	人情	にんじょう	一般	132	True
3942	列国	れっこく	一般	115	True
3944	範囲	はんい	一般	104	True
3944	趣味	しゅみ	一般	109	False
3945	鳥類	ちょうるい	一般	115	True
3946	一遍	いっぺん	副詞可能	70	True
3946	大声	おおごえ	一般	89	False
3947	数奇	すうき	形容動詞語幹	121	True
3947	数珠	じゅず	一般	111	False
3948	今週	こんしゅう	副詞可能	75	True
3948	石仏	いしぼとけ	一般	93	False
3949	一再	いっさい	副詞可能	105	True
3949	味方	みかた	サ変接続	87	False
3949	注進	ちゅうしん	サ変接続	101	True
3950	適用	てきよう	サ変接続	99	True
3951	独語	どくご	サ変接続	97	True
3951	退会	たいかい	サ変接続	101	True
3952	管内	かんない	一般	62	True
3954	国内	こくない	一般	92	True
3954	日曜	にちよう	副詞可能	74	True
3956	優位	ゆうい	形容動詞語幹	113	False
3957	名前	なまえ	一般	77	False
3957	概算	がいさん	サ変接続	101	True
3958	敬意	けいい	サ変接続	115	True
3959	告解	こっかい	サ変接続	101	True
3959	年始	ねんし	一般	115	True
3960	保守	ほしゅ	サ変接続	86	True
3960	向学	こうがく	一般	115	True
3960	苦手	にがて	形容動詞語幹	116	False
3960	補佐	ほさ	サ変接続	82	True
3960	鳥瞰	ちょうかん	サ変接続	101	False
3960	鳥観	ちょうかん	サ変接続	101	True
3961	先発	せんぱつ	サ変接続	101	True
3962	境界	きょうかい	一般	72	True
3962	苦労	くろう	サ変接続	94	True
3963	公司	こうし	一般	95	False
3966	先取	せんしゅ	サ変接続	89	True
3967	露呈	ろてい	サ変接続	101	True
3971	愛護	あいご	サ変接続	101	True
3972	完投	かんとう	サ変接続	101	True
3973	保証	ほしょう	サ変接続	100	True
3973	学士	がくし	一般	114	True
3973	番外	ばんがい	一般	98	True
3974	敢闘	かんとう	サ変接続	101	False
3975	一覧	いちらん	サ変接続	104	True
3975	一蹴	いっしゅう	サ変接続	105	False
3975	至高	しこう	形容動詞語幹	115	False
3977	決議	けつぎ	サ変接続	95	True
3980	浩瀚	こうかん	形容動詞語幹	115	False
3981	当日	とうじつ	副詞可能	117	True
3983	一変	いっぺん	サ変接続	105	True
3983	都営	とえい	一般	103	True
3984	割高	わりだか	形容動詞語幹	123	False
3984	防備	ぼうび	サ変接続	101	True
3985	不便	ふべん	形容動詞語幹	111	True
3988	主題	しゅだい	一般	115	True
3988	土曜	どよう	副詞可能	90	True
3988	機器	きき	一般	104	True
3989	正直	しょうじき	形容動詞語幹	106	True
3990	蔵書	ぞうしょ	サ変接続	90	True
3991	一巡	いちじゅん	サ変接続	95	True
3991	不審	ふしん	形容動詞語幹	113	False
3992	配分	はいぶん	サ変接続	101	True
3993	一段	いちだん	一般	96	True
3993	南端	なんたん	一般	120	True
3993	情緒	じょうちょ	一般	87	True
3994	評論	ひょうろん	サ変接続	101	True
3995	一擲	いってき	サ変接続	105	True
3997	右折	うせつ	サ変接続	101	True
3997	管区	かんく	一般	113	True
3999	前夜	ぜんや	副詞可能	74	True
3999	書房	しょぼう	一般	115	True
4000	下手	へた	サ変接続	94	False
4000	監護	かんご	サ変接続	101	True
4000	表明	ひょうめい	サ変接続	101	True
4000	閑語	かんご	サ変接続	101	True
4001	中核	ちゅうかく	一般	67	True
4001	平穏	へいおん	形容動詞語幹	113	False
4002	一泊	いっぱく	サ変接続	None	False
4002	王妃	おうひ	一般	115	True
4003	出発	しゅっぱつ	サ変接続	100	False
4005	地帯	ちたい	一般	109	True
4005	昇華	しょうか	サ変接続	101	False
4005	決着	けっちゃく	サ変接続	101	True
4005	相撲	すもう	一般	66	False
4005	社員	しゃいん	一般	101	True
4005	等分	とうぶん	サ変接続	79	True
4006	安産	あんざん	サ変接続	101	False
4007	喜捨	きしゃ	サ変接続	101	False
4007	帰社	きしゃ	サ変接続	101	True
4007	騎射	きしゃ	サ変接続	101	True
4008	一幕	ひとまく	一般	104	False
4009	後半	こうはん	副詞可能	98	True
4010	人文	じんぶん	一般	82	True
4010	方向	ほうこう	一般	64	True
4012	方法	ほうほう	一般	29	True
4012	消化	しょうか	サ変接続	101	True
4014	平均	へいきん	サ変接続	100	False
4015	貴重	きちょう	形容動詞語幹	121	True
4017	一服	いっぷく	サ変接続	88	False
4017	集会	しゅうかい	サ変接続	92	True
4018	改号	かいごう	サ変接続	101	True
4018	算用	さんよう	サ変接続	84	True
4022	一週	いっしゅう	副詞可能	None	True
4023	上級	じょうきゅう	一般	143	True
4023	栄養	えいよう	一般	114	False
4024	合意	ごうい	サ変接続	101	True
4025	使節	しせつ	一般	115	True
4025	叔父	おじ	一般	91	False
4025	聯絡	れんらく	サ変接続	101	True
4025	職員	しょくいん	一般	149	True
4026	商船	しょうせん	一般	115	True
4026	紅潮	こうちょう	サ変接続	101	False
4026	高調	こうちょう	サ変接続	128	True
4027	論文	ろんぶん	一般	71	True
4028	翻訳	ほんやく	サ変接続	101	False
4032	四散	しさん	サ変接続	105	True
4032	無視	むし	サ変接続	101	True
4032	織物	おりもの	一般	77	False
4032	駅伝	えきでん	一般	93	True
4033	入札	にゅうさつ	サ変接続	101	True
4033	故郷	こきょう	一般	95	False
4033	独自	どくじ	形容動詞語幹	99	True
4034	一拍	いっぱく	副詞可能	None	False
4034	北上	ほくじょう	サ変接続	116	True
4035	人種	じんしゅ	一般	111	True
4035	年内	ねんない	一般	34	True
4035	炎上	えんじょう	サ変接続	101	True
4036	刺殺	しさつ	サ変接続	73	True
4036	得点	とくてん	サ変接続	100	True
4036	胸懐	きょうかい	一般	115	False
4039	進退	しんたい	サ変接続	101	True
4040	美術	びじゅつ	一般	115	True
4041	万代	ばんだい	副詞可能	105	True
4042	画廊	がろう	一般	115	True
4043	公社	こうしゃ	一般	106	True
4043	犠飛	ぎひ	一般	115	False
4044	一瞬	いっしゅん	副詞可能	72	False
4044	制裁	せいさい	サ変接続	95	True
4044	台頭	たいとう	サ変接続	101	False
4044	孤独	こどく	形容動詞語幹	112	True
4045	横領	おうりょう	サ変接続	101	False
4046	一任	いちにん	サ変接続	105	True
4046	一頃	ひところ	副詞可能	96	False
4046	七生	しちしょう	副詞可能	None	True
4046	万古	ばんこ	副詞可能	105	True
4046	千古	せんこ	副詞可能	105	True
4046	百代	ひゃくだい	副詞可能	105	True
4046	百方	ひゃっぽう	副詞可能	105	True
4047	吸収	きゅうしゅう	サ変接続	94	False
4047	急襲	きゅうしゅう	サ変接続	101	False
4047	臣事	しんじ	サ変接続	101	True
4047	評定	ひょうじょう	サ変接続	101	True
4048	和漢	わかん	一般	113	False
4050	愛顧	あいこ	サ変接続	101	False
4050	背離	はいり	サ変接続	101	False
4051	穿鑿	せんさく	サ変接続	101	False
4051	詮索	せんさく	サ変接続	101	True
4051	集中	しゅうちゅう	サ変接続	78	True
4054	復活	ふっかつ	サ変接続	100	True
4055	加湿	かしつ	サ変接続	101	False
4058	土器	どき	一般	107	True
4060	全体	ぜんたい	副詞可能	104	False
4061	健闘	けんとう	サ変接続	101	False
4061	入水	じゅすい	サ変接続	86	False
4061	同国	どうこく	一般	100	True
4061	解説	かいせつ	サ変接続	101	True
4062	堅持	けんじ	サ変接続	101	True
4062	異化	いか	サ変接続	101	True
4063	下期	しもき	副詞可能	83	False
4063	分別	ふんべつ	サ変接続	87	True
4063	火事	かじ	一般	117	True
4065	帰国	きこく	サ変接続	101	True
4065	減速	げんそく	サ変接続	101	True
4065	高齢	こうれい	一般	77	True
4066	互譲	ごじょう	サ変接続	115	False
4066	皮肉	ひにく	形容動詞語幹	112	False
4066	自営	じえい	サ変接続	88	True
4066	落葉	らくよう	サ変接続	99	True
4066	融通	ゆうずう	サ変接続	75	False
4067	修羅	しゅら	一般	91	False
4068	左右	さゆう	サ変接続	138	False
4068	登城	とじょう	サ変接続	101	False
4068	穏健	おんけん	形容動詞語幹	113	False
4069	先制	せんせい	サ変接続	101	True
4069	半数	はんすう	一般	78	True
4069	採集	さいしゅう	サ変接続	101	True
4070	四月	しがつ	副詞可能	None	True
4070	見当	けんとう	サ変接続	114	True
4072	一括	いっかつ	サ変接続	112	False
4073	加持	かじ	サ変接続	101	True
4073	小柄	こがら	形容動詞語幹	101	False
4074	同和	どうわ	一般	120	True
4074	議定	ぎてい	サ変接続	76	True
4075	待命	たいめい	サ変接続	101	False
4076	一喝	いっかつ	サ変接続	105	True
4076	仏語	ふつご	一般	91	True
4078	慣用	かんよう	サ変接続	95	False
4078	涵養	かんよう	サ変接続	101	False
4079	明示	めいじ	サ変接続	101	True
4080	血圧	けつあつ	一般	113	False
4081	仮定	かてい	サ変接続	101	False
4082	三唱	さんしょう	サ変接続	105	False
4082	再建	さいけん	サ変接続	56	False
4082	離宮	りきゅう	一般	110	True
4083	一撃	いちげき	サ変接続	104	True
4083	一望	いちぼう	サ変接続	105	False
4083	学歴	がくれき	一般	107	True
4083	証取	しょうとり	一般	115	False
4084	一揖	いちゆう	サ変接続	105	False
4084	一決	いっけつ	サ変接続	105	True
4084	一睡	いっすい	サ変接続	105	False
4084	一瞥	いちべつ	サ変接続	105	False
4084	一読	いちどく	サ変接続	105	True
4084	一軸	いちじく	サ変接続	None	True
4084	三嘆	さんたん	サ変接続	105	False
4084	三歎	さんたん	サ変接続	105	False
4084	九拝	きゅうはい	サ変接続	105	True
4084	作戦	さくせん	一般	63	True
4084	大陸	たいりく	一般	81	True
4084	百出	ひゃくしゅつ	サ変接続	105	True
4084	顕示	けんじ	サ変接続	101	False
4085	弾頭	だんとう	一般	115	True
4086	一驚	いっきょう	サ変接続	105	False
4086	視聴	しちょう	サ変接続	102	False
4087	出産	しゅっさん	サ変接続	101	False
4087	対照	たいしょう	サ変接続	101	False
4087	弛張	しちょう	サ変接続	101	False
4087	微笑	びしょう	サ変接続	93	False
4087	試聴	しちょう	サ変接続	101	False
4087	途上	とじょう	副詞可能	91	True
4088	優先	ゆうせん	サ変接続	132	False
4089	二乗	にじょう	サ変接続	142	True
4089	首脳	しゅのう	一般	87	True
4090	大捷	たいしょう	サ変接続	110	False
4091	三思	さんし	サ変接続	105	True
4091	所期	しょき	サ変接続	101	True
4091	附属	ふぞく	サ変接続	101	True
4092	主催	しゅさい	サ変接続	100	False
4093	年度	ねんど	一般	0	True
4093	適正	てきせい	形容動詞語幹	121	True
4093	開城	かいじょう	サ変接続	101	True
4093	開場	かいじょう	サ変接続	101	True
4095	歩行	ほこう	サ変接続	101	True
4096	鈍化	どんか	サ変接続	96	True
4097	理解	りかい	サ変接続	100	True
4097	系統	けいとう	一般	115	True
4098	夾撃	きょうげき	サ変接続	101	False
4098	懲戒	ちょうかい	サ変接続	101	False
4098	挟撃	きょうげき	サ変接続	101	True
4099	確実	かくじつ	形容動詞語幹	120	True
4100	合点	がてん	サ変接続	105	False
4100	庶幾	しょき	サ変接続	101	False
4100	粗末	そまつ	形容動詞語幹	121	True
4101	検知	けんち	サ変接続	101	True
4101	自画	じが	一般	92	True
4101	致仕	ちし	サ変接続	101	False
4102	賛辞	さんじ	サ変接続	115	True
4103	早退	そうたい	サ変接続	101	True
4103	関連	かんれん	サ変接続	100	True
4108	商店	しょうてん	一般	50	True
4108	放免	ほうめん	サ変接続	101	True
4108	連休	れんきゅう	一般	115	True
4109	中傷	ちゅうしょう	サ変接続	101	False
4113	同氏	どうし	一般	103	True
4113	好事	こうず	一般	114	True
4113	抽象	ちゅうしょう	サ変接続	101	False
4113	転身	てんしん	サ変接続	101	True
4113	逆襲	ぎゃくしゅう	サ変接続	101	False
4114	激増	げきぞう	サ変接続	101	True
4114	無駄	むだ	形容動詞語幹	122	True
4114	産業	さんぎょう	一般	81	True
4114	転進	てんしん	サ変接続	101	True
4115	硬化	こうか	サ変接続	101	True
4116	兼行	けんこう	サ変接続	101	True
4117	外相	がいしょう	一般	81	True
4117	大木	たいぼく	一般	93	True
4117	膠化	こうか	サ変接続	101	False
4117	降嫁	こうか	サ変接続	101	True
4118	照射	しょうしゃ	サ変接続	101	False
4118	適地	てきち	一般	101	True
4119	口内	こうない	一般	110	True
4119	就業	しゅうぎょう	サ変接続	101	False
4119	短長	たんちょう	一般	116	True
4119	終業	しゅうぎょう	サ変接続	101	True
4119	襲業	しゅうぎょう	サ変接続	101	False
4119	通達	つうたつ	サ変接続	101	True
4120	支給	しきゅう	サ変接続	101	True
4120	熱心	ねっしん	形容動詞語幹	121	True
4121	活発	かっぱつ	形容動詞語幹	121	False
4122	供給	きょうきゅう	サ変接続	101	True
4122	山上	さんじょう	一般	146	True
4122	馳駆	ちく	サ変接続	101	False
4123	著名	ちょめい	形容動詞語幹	112	True
4123	見学	けんがく	サ変接続	98	True
4123	輪唱	りんしょう	サ変接続	101	False
4124	南東	なんとう	一般	74	True
4125	翻意	ほんい	サ変接続	101	False
4126	代替	だいたい	サ変接続	86	True
4126	商議	しょうぎ	サ変接続	101	True
4128	中止	ちゅうし	サ変接続	94	True
4128	製剤	せいざい	一般	108	True
4129	中退	ちゅうたい	サ変接続	101	True
4129	感慨	かんがい	一般	121	False
4131	勝利	しょうり	サ変接続	98	True
4131	征討	せいとう	サ変接続	101	True
4131	正答	せいとう	サ変接続	101	True
4131	製糖	せいとう	サ変接続	115	True
4133	建造	けんぞう	サ変接続	101	False
4134	投球	とうきゅう	サ変接続	101	True
4135	施与	せよ	サ変接続	101	False
4135	飲酒	いんしゅ	サ変接続	86	True
4136	内定	ないてい	サ変接続	94	True
4136	移籍	いせき	サ変接続	101	False
4137	周波	しゅうは	一般	83	False
4137	回復	かいふく	サ変接続	101	True
4137	対決	たいけつ	サ変接続	101	True
4138	年末	ねんまつ	副詞可能	125	True
4138	祈念	きねん	サ変接続	101	False
4139	伝言	でんごん	サ変接続	100	True
4139	心配	しんぱい	サ変接続	94	False
4140	出帆	しゅっぱん	サ変接続	101	False
4140	包装	ほうそう	サ変接続	101	False
4143	駐屯	ちゅうとん	サ変接続	101	False
4144	給食	きゅうしょく	サ変接続	99	True
4144	譲位	じょうい	サ変接続	101	False
4144	選抜	せんばつ	サ変接続	101	False
4145	再編	さいへん	サ変接続	109	True
4145	豊富	ほうふ	形容動詞語幹	107	False
4147	京劇	きょうげき	一般	99	False
4147	算出	さんしゅつ	サ変接続	101	True
4148	右派	うは	一般	106	True
4148	深厚	しんこう	形容動詞語幹	113	False
4149	主唱	しゅしょう	サ変接続	101	False
4149	占拠	せんきょ	サ変接続	101	False
4149	手抄	しゅしょう	サ変接続	101	False
4149	首唱	しゅしょう	サ変接続	101	False
4150	占居	せんきょ	サ変接続	101	False
4151	創建	そうけん	サ変接続	101	False
4151	想見	そうけん	サ変接続	101	True
4151	沈静	ちんせい	サ変接続	96	False
4151	総見	そうけん	サ変接続	101	True
4151	送検	そうけん	サ変接続	101	True
4152	空襲	くうしゅう	サ変接続	99	False
4153	動力	どうりょく	一般	141	True
4153	救済	きゅうさい	サ変接続	101	False
4154	対当	たいとう	サ変接続	101	True
4154	帯刀	たいとう	サ変接続	82	True
4154	擡頭	たいとう	サ変接続	101	False
4154	読書	どくしょ	サ変接続	0	True
4155	四顧	しこ	サ変接続	105	False
4156	下野	げや	サ変接続	122	True
4157	旅客	りょかく	一般	64	True
4157	興起	こうき	サ変接続	101	False
4158	政策	せいさく	一般	109	True
4158	楽団	がくだん	一般	90	False
4159	投手	とうしゅ	一般	83	True
4159	発生	はっせい	サ変接続	85	True
4162	三振	さんしん	サ変接続	97	True
4162	嚮導	きょうどう	サ変接続	101	False
4162	教導	きょうどう	サ変接続	101	False
4162	新築	しんちく	サ変接続	100	True
4163	違令	いれい	サ変接続	101	True
4164	発売	はつばい	サ変接続	101	True
4165	投書	とうしょ	サ変接続	101	True
4165	秘蔵	ひぞう	サ変接続	94	True
4166	宣誓	せんせい	サ変接続	101	False
4166	小児	しょうに	一般	122	False
4167	迅速	じんそく	形容動詞語幹	121	False
4168	大勝	たいしょう	サ変接続	136	True
4168	教師	きょうし	一般	103	True
4168	業者	ぎょうしゃ	一般	127	True
4169	一夕	いっせき	副詞可能	105	False
4169	厳存	げんそん	サ変接続	101	True
4169	同意	どうい	サ変接続	103	True
4169	減損	げんそん	サ変接続	101	True
4170	代償	だいしょう	サ変接続	115	True
4170	調律	ちょうりつ	サ変接続	97	True
4171	人気	にんき	一般	77	True
4172	参観	さんかん	サ変接続	101	True
4172	挌闘	かくとう	サ変接続	99	False
4172	知悉	ちしつ	サ変接続	101	False
4172	確答	かくとう	サ変接続	101	True
4172	金融	きんゆう	一般	88	False
4173	万世	ばんせい	副詞可能	95	True
4173	散会	さんかい	サ変接続	101	True
4173	通算	つうさん	サ変接続	101	True
4176	参看	さんかん	サ変接続	101	True
4177	千里	せんり	副詞可能	0	True
4177	釈明	しゃくめい	サ変接続	101	False
4179	入定	にゅうじょう	サ変接続	101	True
4180	入城	にゅうじょう	サ変接続	101	True
4180	雇用	こよう	サ変接続	101	False
4181	討究	とうきゅう	サ変接続	101	True
4182	付会	ふかい	サ変接続	101	True
4182	附会	ふかい	サ変接続	101	True
4182	風邪	かぜ	一般	69	False
4184	発熱	はつねつ	サ変接続	101	True
4186	訂正	ていせい	サ変接続	101	True
4188	殿下	でんか	一般	112	False
4188	相当	そうとう	サ変接続	120	True
4189	逸走	いっそう	サ変接続	101	True
4190	参画	さんかく	サ変接続	101	True
4190	弁論	べんろん	サ変接続	101	True
4190	新人	しんじん	一般	97	True
4193	中継	ちゅうけい	サ変接続	77	True
4193	使用	しよう	サ変接続	73	True
4193	再審	さいしん	サ変接続	103	False
4193	県民	けんみん	一般	114	True
4193	眼鏡	めがね	一般	85	False
4193	破産	はさん	サ変接続	101	True
4193	調整	ちょうせい	サ変接続	101	False
4195	勘定	かんじょう	サ変接続	101	True
4195	宣戦	せんせん	サ変接続	101	False
4196	下山	げざん	サ変接続	88	True
4196	長生	ちょうせい	サ変接続	116	True
4196	頭書	とうしょ	サ変接続	101	True
4197	物質	ぶっしつ	一般	94	False
4197	私用	しよう	サ変接続	101	True
4198	否決	ひけつ	サ変接続	101	True
4198	滞貨	たいか	サ変接続	115	False
4198	製造	せいぞう	サ変接続	100	True
4198	退化	たいか	サ変接続	101	True
4199	無力	むりょく	形容動詞語幹	96	True
4199	高検	こうけん	一般	122	True
4200	戦後	せんご	副詞可能	106	True
4201	先占	せんせん	サ変接続	101	False
4202	開放	かいほう	サ変接続	101	True
4203	急逝	きゅうせい	サ変接続	101	False
4203	無効	むこう	形容動詞語幹	119	True
4203	談合	だんごう	サ変接続	98	True
4203	農繁	のうはん	一般	115	True
4204	警衛	けいえい	サ変接続	101	False
4205	交渉	こうしょう	サ変接続	101	False
4206	占領	せんりょう	サ変接続	101	False
4207	介抱	かいほう	サ変接続	101	False
4207	再開	さいかい	サ変接続	135	True
4207	懐抱	かいほう	サ変接続	101	False
4208	上期	かみき	副詞可能	82	False
4208	集魚	しゅうぎょ	一般	115	True
4209	善戦	ぜんせん	サ変接続	101	True
4209	日系	にっけい	一般	120	False
4209	時計	とけい	一般	105	False
4210	兄事	けいじ	サ変接続	101	True
4210	勧請	かんじょう	サ変接続	101	False
4210	啓示	けいじ	サ変接続	101	True
4210	法的	ほうてき	形容動詞語幹	87	True
4210	起動	きどう	サ変接続	92	True
4211	通産	つうさん	一般	69	True
4212	最新	さいしん	一般	67	True
4215	注目	ちゅうもく	サ変接続	101	True
4215	流出	りゅうしゅつ	サ変接続	101	True
4215	町長	ちょうちょう	一般	97	True
4216	振盪	しんとう	サ変接続	101	False
4216	浸透	しんとう	サ変接続	101	False
4216	滲透	しんとう	サ変接続	101	False
4216	鉄製	てつせい	一般	103	True
4216	震盪	しんとう	サ変接続	101	False
4217	二食	にしょく	一般	None	True
4217	激戦	げきせん	サ変接続	101	True
4219	賛成	さんせい	サ変接続	101	True
4220	単純	たんじゅん	形容動詞語幹	120	False
4222	客観	きゃっかん	サ変接続	64	False
4223	禁忌	きんき	サ変接続	101	True
4224	反騰	はんとう	サ変接続	101	False
4225	円形	えんけい	一般	86	True
4225	同感	どうかん	サ変接続	101	True
4225	換字	かんじ	サ変接続	115	True
4225	給水	きゅうすい	サ変接続	101	True
4225	降車	こうしゃ	サ変接続	101	True
4226	刃傷	にんじょう	サ変接続	101	False
4226	制動	せいどう	サ変接続	101	True
4226	次期	じき	一般	111	True
4226	開港	かいこう	サ変接続	101	True
4227	出席	しゅっせき	サ変接続	101	False
4227	構想	こうそう	サ変接続	101	True
4227	無職	むしょく	一般	73	True
4228	一朝	いっちょう	副詞可能	82	True
4228	更生	こうせい	サ変接続	101	True
4229	制作	せいさく	サ変接続	100	True
4229	撚糸	ねんし	サ変接続	101	False
4230	対面	たいめん	サ変接続	96	True
4230	改革	かいかく	サ変接続	101	False
4231	登録	とうろく	サ変接続	101	True
4231	神経	しんけい	一般	107	True
4231	賛同	さんどう	サ変接続	101	True
4232	咆哮	ほうこう	サ変接続	101	False
4232	奉公	ほうこう	サ変接続	93	False
4232	彷徨	ほうこう	サ変接続	101	False
4232	提出	ていしゅつ	サ変接続	101	False
4232	放校	ほうこう	サ変接続	101	True
4232	旧制	きゅうせい	一般	107	True
4233	欣喜	きんき	サ変接続	101	False
4233	歳暮	せいぼ	一般	97	False
4234	先行	せんこう	サ変接続	101	True
4234	墓石	はかいし	一般	93	False
4235	法案	ほうあん	一般	161	True
4235	簡素	かんそ	形容動詞語幹	121	True
4236	先後	せんご	サ変接続	99	True
4236	劇団	げきだん	一般	118	True
4236	堅実	けんじつ	形容動詞語幹	113	True
4236	遅滞	ちたい	サ変接続	101	False
4237	一廉	ひとかど	副詞可能	122	False
4237	勾留	こうりゅう	サ変接続	101	False
4237	常任	じょうにん	サ変接続	98	False
4237	拘留	こうりゅう	サ変接続	101	False
4237	登院	とういん	サ変接続	96	True
4237	精製	せいせい	サ変接続	101	True
4237	興隆	こうりゅう	サ変接続	101	False
4238	局面	きょくめん	一般	83	True
4239	当選	とうせん	サ変接続	101	True
4239	新任	しんにん	サ変接続	101	True
4239	施設	しせつ	サ変接続	94	True
4240	手写	しゅしゃ	サ変接続	101	True
4240	提案	ていあん	サ変接続	101	False
4242	整体	せいたい	サ変接続	115	False
4243	二三	にさん	副詞可能	0	True
4243	登板	とうばん	サ変接続	95	True
4243	試製	しせい	サ変接続	101	True
4244	下落	げらく	サ変接続	101	True
4244	句集	くしゅう	一般	110	True
4244	慟哭	どうこく	サ変接続	101	False
4244	憧憬	どうけい	サ変接続	88	False
4244	検分	けんぶん	サ変接続	101	True
4244	水田	すいでん	一般	95	True
4244	説明	せつめい	サ変接続	100	True
4245	下旬	げじゅん	副詞可能	85	False
4245	反芻	はんすう	サ変接続	101	False
4245	得手	えて	一般	48	False
4245	見分	けんぶん	サ変接続	101	True
4246	傾倒	けいとう	サ変接続	101	False
4246	帰納	きのう	サ変接続	101	False
4246	帰農	きのう	サ変接続	101	True
4246	恵投	けいとう	サ変接続	101	False
4246	深夜	しんや	副詞可能	83	True
4246	製革	せいかく	サ変接続	101	False
4247	参堂	さんどう	サ変接続	101	False
4247	徹底	てってい	サ変接続	101	True
4248	永逝	えいせい	サ変接続	101	False
4248	物産	ぶっさん	一般	113	False
4249	一寸	いっすん	一般	106	True
4249	下降	かこう	サ変接続	101	True
4249	自慰	じい	サ変接続	101	True
4250	用紙	ようし	一般	150	True
4250	監理	かんり	サ変接続	101	True
4250	震撼	しんかん	サ変接続	101	False
4251	生動	せいどう	サ変接続	101	True
4252	同社	どうしゃ	一般	80	True
4252	御礼	おれい	サ変接続	97	False
4252	雑食	ざっしょく	サ変接続	101	False
4253	抑制	よくせい	サ変接続	101	False
4253	潅漑	かんがい	サ変接続	95	False
4253	脱出	だっしゅつ	サ変接続	99	True
4253	製材	せいざい	サ変接続	101	True
4254	増発	ぞうはつ	サ変接続	101	True
4254	感謝	かんしゃ	サ変接続	101	False
4254	東側	ひがしがわ	一般	96	False
4255	同居	どうきょ	サ変接続	99	True
4255	昇天	しょうてん	サ変接続	101	False
4255	減益	げんえき	サ変接続	101	True
4256	啓上	けいじょう	サ変接続	101	True
4256	製版	せいはん	サ変接続	100	True
4256	連続	れんぞく	サ変接続	90	True
4256	闡明	せんめい	サ変接続	101	False
4258	演奏	えんそう	サ変接続	100	True
4259	復権	ふっけん	サ変接続	101	False
4259	教示	きょうし	サ変接続	94	False
4259	準備	じゅんび	サ変接続	101	True
4259	狂死	きょうし	サ変接続	0	True
4260	新館	しんかん	一般	114	True
4260	電化	でんか	サ変接続	101	True
4261	償却	しょうきゃく	サ変接続	101	False
4261	実験	じっけん	サ変接続	99	True
4261	延期	えんき	サ変接続	101	False
4261	消却	しょうきゃく	サ変接続	101	False
4261	視察	しさつ	サ変接続	101	True
4261	質問	しつもん	サ変接続	101	True
4261	銷却	しょうきゃく	サ変接続	101	False
4261	電荷	でんか	サ変接続	101	False
4262	妻帯	さいたい	サ変接続	101	False
4262	禁制	きんせい	サ変接続	97	True
4263	今日	きょう	副詞可能	64	False
4263	同業	どうぎょう	一般	132	True
4263	応酬	おうしゅう	サ変接続	101	False
4263	押収	おうしゅう	サ変接続	100	False
4264	捕捉	ほそく	サ変接続	101	False
4264	攻囲	こうい	サ変接続	101	True
4264	更衣	こうい	サ変接続	101	True
4264	歩測	ほそく	サ変接続	101	True
4264	補足	ほそく	サ変接続	101	True
4265	三極	さんきょく	一般	None	True
4265	固定	こてい	サ変接続	101	False
4265	発砲	はっぽう	サ変接続	101	False
4265	謹製	きんせい	サ変接続	101	False
4265	重視	じゅうし	サ変接続	101	True
4266	信心	しんじん	サ変接続	101	False
4266	減少	げんしょう	サ変接続	101	True
4266	激減	げきげん	サ変接続	101	True
4267	増長	ぞうちょう	サ変接続	101	True
4267	早晩	そうばん	副詞可能	113	True
4267	鑽仰	さんぎょう	サ変接続	101	False
4269	出展	しゅってん	サ変接続	101	False
4269	奉安	ほうあん	サ変接続	101	False
4269	民主	みんしゅ	一般	102	True
4269	通訳	つうやく	サ変接続	101	True
4270	布陣	ふじん	サ変接続	101	False
4270	武士	ぶし	一般	85	True
4270	電車	でんしゃ	一般	100	True
4271	上場	じょうじょう	サ変接続	101	True
4271	仏参	ぶっさん	サ変接続	101	False
4271	化学	かがく	一般	53	True
4272	除名	じょめい	サ変接続	101	True
4273	同車	どうしゃ	サ変接続	101	True
4273	排水	はいすい	サ変接続	99	True
4273	時代	じだい	一般	25	True
4273	発電	はつでん	サ変接続	97	True
4273	軽微	けいび	形容動詞語幹	113	True
4273	進上	しんじょう	サ変接続	101	True
4274	伝写	でんしゃ	サ変接続	101	True
4274	勧告	かんこく	サ変接続	101	False
4274	大蔵	おおくら	一般	74	False
4274	戦車	せんしゃ	一般	86	True
4274	独占	どくせん	サ変接続	101	False
4274	異動	いどう	サ変接続	115	True
4274	過熱	かねつ	サ変接続	92	True
4275	掲揚	けいよう	サ変接続	101	False
4275	昨年	さくねん	副詞可能	90	True
4275	渡河	とか	サ変接続	101	False
4276	指名	しめい	サ変接続	101	True
4276	無罪	むざい	一般	115	True
4276	補正	ほせい	サ変接続	101	True
4276	陥落	かんらく	サ変接続	101	False
4277	成形	せいけい	サ変接続	102	True
4278	参詣	さんけい	サ変接続	101	False
4278	営業	えいぎょう	サ変接続	84	True
4278	夭死	ようし	サ変接続	101	False
4278	浪人	ろうにん	サ変接続	101	False
4278	誓言	せいげん	サ変接続	101	False
4278	閑却	かんきゃく	サ変接続	101	False
4278	難航	なんこう	サ変接続	101	True
4278	頭数	とうすう	一般	91	True
4279	宣伝	せんでん	サ変接続	101	False
4279	答弁	とうべん	サ変接続	101	True
4279	駐兵	ちゅうへい	サ変接続	101	True
4280	便乗	びんじょう	サ変接続	101	True
4280	台数	だいすう	一般	67	True
4280	形容	けいよう	サ変接続	101	True
4280	明答	めいとう	サ変接続	101	True
4280	精読	せいどく	サ変接続	101	True
4281	治定	じじょう	サ変接続	101	True
4281	海上	かいじょう	一般	108	True
4281	自乗	じじょう	サ変接続	107	True
4282	病因	びょういん	一般	115	True
4283	低下	ていか	サ変接続	100	True
4283	戦略	せんりゃく	一般	87	True
4284	八丁	はっちょう	一般	96	True
4284	尊重	そんちょう	サ変接続	101	False
4284	縦走	じゅうそう	サ変接続	101	True
4285	同伴	どうはん	サ変接続	101	False
4286	成型	せいけい	サ変接続	105	True
4287	公表	こうひょう	サ変接続	100	True
4287	兼修	けんしゅう	サ変接続	101	True
4287	南部	なんぶ	一般	102	True
4287	奏楽	そうがく	サ変接続	100	False
4287	検収	けんしゅう	サ変接続	101	False
4287	歓楽	かんらく	一般	115	True
4287	献酬	けんしゅう	サ変接続	101	False
4287	軟禁	なんきん	サ変接続	101	False
4288	入選	にゅうせん	サ変接続	72	True
4288	加盟	かめい	サ変接続	101	True
4288	用心	ようじん	サ変接続	97	False
4289	形成	けいせい	サ変接続	99	True
4290	和平	わへい	一般	98	True
4290	脱皮	だっぴ	サ変接続	101	False
4292	貢献	こうけん	サ変接続	101	False
4292	駐留	ちゅうりゅう	サ変接続	101	False
4293	恒久	こうきゅう	一般	112	False
4293	招聘	しょうへい	サ変接続	101	False
4293	車内	しゃない	一般	105	True
4294	承引	しょういん	サ変接続	101	False
4294	証印	しょういん	サ変接続	101	True
4295	分筆	ぶんぴつ	サ変接続	101	True
4296	壮快	そうかい	形容動詞語幹	111	False
4296	暴言	ぼうげん	サ変接続	115	False
4296	焼亡	しょうぼう	サ変接続	101	False
4296	爽快	そうかい	形容動詞語幹	109	False
4296	遠征	えんせい	サ変接続	101	False
4297	逆流	ぎゃくりゅう	サ変接続	101	True
4298	中耕	ちゅうこう	サ変接続	102	True
4298	拘束	こうそく	サ変接続	101	False
4298	招致	しょうち	サ変接続	101	False
4298	梗塞	こうそく	サ変接続	101	False
4298	業界	ぎょうかい	一般	162	True
4298	滑走	かっそう	サ変接続	99	False
4298	観客	かんきゃく	一般	100	True
4299	事件	じけん	一般	76	True
4300	反論	はんろん	サ変接続	101	True
4300	渡米	とべい	サ変接続	101	True
4301	精米	せいまい	サ変接続	101	True
4301	行列	ぎょうれつ	サ変接続	102	True
4301	親臨	しんりん	サ変接続	101	True
4302	切開	せっかい	サ変接続	101	False
4302	回航	かいこう	サ変接続	101	True
4302	承認	しょうにん	サ変接続	101	False
4302	改稿	かいこう	サ変接続	101	True
4302	昇任	しょうにん	サ変接続	101	False
4302	添乗	てんじょう	サ変接続	101	False
4302	纏繞	てんじょう	サ変接続	101	False
4302	転乗	てんじょう	サ変接続	101	True
4302	通知	つうち	サ変接続	101	True
4302	邂逅	かいこう	サ変接続	101	False
4302	開校	かいこう	サ変接続	101	True
4303	現在	げんざい	副詞可能	87	True
4303	納税	のうぜい	サ変接続	100	False
4303	要請	ようせい	サ変接続	101	False
4303	通信	つうしん	サ変接続	92	True
4303	陞任	しょうにん	サ変接続	101	False
4304	回生	かいせい	サ変接続	118	True
4304	報道	ほうどう	サ変接続	91	True
4304	行動	こうどう	サ変接続	93	True
4305	命令	めいれい	サ変接続	101	False
4305	拠出	きょしゅつ	サ変接続	101	False
4305	済度	さいど	サ変接続	101	True
4306	分割	ぶんかつ	サ変接続	83	True
4306	吟行	ぎんこう	サ変接続	101	False
4306	粛正	しゅくせい	サ変接続	101	False
4306	粛清	しゅくせい	サ変接続	101	False
4307	後悔	こうかい	サ変接続	101	True
4307	志望	しぼう	サ変接続	101	False
4307	意思	いし	サ変接続	115	True
4307	難産	なんざん	サ変接続	101	False
4308	化石	かせき	サ変接続	99	True
4308	後送	こうそう	サ変接続	101	True
4308	抗争	こうそう	サ変接続	101	False
4308	治療	ちりょう	サ変接続	101	False
4308	自身	じしん	一般	91	True
4309	改正	かいせい	サ変接続	101	True
4309	親父	おやじ	一般	78	False
4310	仮称	かしょう	サ変接続	115	False
4310	兼補	けんぽ	サ変接続	118	False
4310	出生	しゅっしょう	サ変接続	75	False
4310	題目	だいもく	一般	115	True
4311	回答	かいとう	サ変接続	101	True
4311	廃棄	はいき	サ変接続	101	True
4311	復帰	ふっき	サ変接続	101	True
4311	更改	こうかい	サ変接続	101	True
4311	縊死	いし	サ変接続	101	False
4311	航海	こうかい	サ変接続	102	True
4311	頤使	いし	サ変接続	101	False
4311	頤指	いし	サ変接続	101	False
4311	馘首	かくしゅ	サ変接続	101	False
4311	鶴首	かくしゅ	サ変接続	101	False
4312	成績	せいせき	一般	115	False
4312	躁急	そうきゅう	形容動詞語幹	113	False
4313	北方	ほっぽう	一般	89	False
4313	議論	ぎろん	サ変接続	101	True
4314	沙汰	さた	サ変接続	88	False
4314	潜入	せんにゅう	サ変接続	101	False
4315	上梓	じょうし	サ変接続	101	False
4315	情死	じょうし	サ変接続	101	True
4315	植民	しょくみん	サ変接続	97	True
4317	世代	せだい	一般	96	True
4317	公的	こうてき	形容動詞語幹	104	True
4317	即行	そっこう	サ変接続	101	False
4317	清清	せいせい	サ変接続	113	True
4317	炭化	たんか	サ変接続	101	False
4317	生成	せいせい	サ変接続	0	True
4317	見舞	みまい	サ変接続	119	False
4317	速攻	そっこう	サ変接続	101	False
4318	列車	れっしゃ	一般	91	True
4318	朝貢	ちょうこう	サ変接続	101	False
4319	刊行	かんこう	サ変接続	101	True
4319	強行	きょうこう	サ変接続	101	True
4319	指示	しじ	サ変接続	101	True
4319	求人	きゅうじん	サ変接続	89	True
4319	着工	ちゃっこう	サ変接続	89	False
4320	事情	じじょう	一般	82	True
4320	以降	いこう	副詞可能	91	True
4320	強攻	きょうこう	サ変接続	101	True
4320	排除	はいじょ	サ変接続	101	True
4320	注射	ちゅうしゃ	サ変接続	105	True
4321	下宿	げしゅく	サ変接続	90	False
4321	学修	がくしゅう	サ変接続	101	True
4321	新興	しんこう	一般	86	False
4321	枯死	こし	サ変接続	101	False
4322	念願	ねんがん	サ変接続	101	True
4322	感動	かんどう	サ変接続	95	True
4322	観戦	かんせん	サ変接続	101	True
4323	侵入	しんにゅう	サ変接続	101	True
4323	勘校	かんこう	サ変接続	101	True
4323	勘考	かんこう	サ変接続	101	True
4323	増加	ぞうか	サ変接続	101	True
4323	完工	かんこう	サ変接続	101	True
4323	感光	かんこう	サ変接続	101	True
4323	推進	すいしん	サ変接続	101	True
4323	敢行	かんこう	サ変接続	101	False
4323	浸入	しんにゅう	サ変接続	101	False
4323	箝口	かんこう	サ変接続	101	False
4323	緘口	かんこう	サ変接続	101	False
4323	緩行	かんこう	サ変接続	101	False
4323	進入	しんにゅう	サ変接続	101	True
4323	還幸	かんこう	サ変接続	101	False
4323	長考	ちょうこう	サ変接続	101	True
4324	他薦	たせん	サ変接続	101	False
4324	円熟	えんじゅく	サ変接続	101	True
4324	布団	ふとん	一般	97	False
4326	改姓	かいせい	サ変接続	101	True
4326	書評	しょひょう	サ変接続	114	True
4327	一環	いっかん	一般	91	True
4327	創製	そうせい	サ変接続	101	False
4327	叢生	そうせい	サ変接続	101	False
4327	奏請	そうせい	サ変接続	101	False
4327	早世	そうせい	サ変接続	101	True
4327	登極	とうきょく	サ変接続	101	True
4327	簇生	そうせい	サ変接続	101	False
4327	観察	かんさつ	サ変接続	101	True
4328	教員	きょういん	一般	66	True
4328	止揚	しよう	サ変接続	101	False
4328	装弾	そうだん	サ変接続	101	False
4328	試用	しよう	サ変接続	101	True
4328	講習	こうしゅう	サ変接続	101	True
4328	飼養	しよう	サ変接続	101	False
4329	真剣	しんけん	形容動詞語幹	112	True
4329	縮小	しゅくしょう	サ変接続	101	False
4330	一軍	いちぐん	一般	146	True
4330	入学	にゅうがく	サ変接続	119	True
4331	急造	きゅうぞう	サ変接続	101	True
4331	教化	きょうか	サ変接続	100	True
4332	同定	どうてい	サ変接続	111	True
4332	容赦	ようしゃ	サ変接続	101	False
4332	復元	ふくげん	サ変接続	101	True
4333	公判	こうはん	サ変接続	115	True
4334	不承	ふしょう	サ変接続	90	False
4334	付着	ふちゃく	サ変接続	101	True
4334	固辞	こじ	サ変接続	101	False
4334	比例	ひれい	サ変接続	84	True
4334	調製	ちょうせい	サ変接続	72	True
4334	転倒	てんとう	サ変接続	101	True
4334	長逝	ちょうせい	サ変接続	101	False
4336	後期	こうき	一般	99	True
4336	濃化	のうか	サ変接続	101	False
4336	示現	じげん	サ変接続	101	True
4337	固持	こじ	サ変接続	101	False
4337	細工	ざいく	一般	88	False
4337	著者	ちょしゃ	一般	108	True
4337	誇示	こじ	サ変接続	101	False
4337	軽易	けいい	形容動詞語幹	121	True
4340	接戦	せっせん	サ変接続	101	True
4341	付加	ふか	サ変接続	101	True
4341	喪失	そうしつ	サ変接続	100	False
4341	導水	どうすい	サ変接続	100	False
4341	成立	せいりつ	サ変接続	95	True
4341	注文	ちゅうもん	サ変接続	81	True
4341	解約	かいやく	サ変接続	101	True
4342	実現	じつげん	サ変接続	99	True
4342	採炭	さいたん	サ変接続	101	False
4342	敵対	てきたい	サ変接続	101	True
4342	歪曲	わいきょく	サ変接続	101	False
4342	義理	ぎり	一般	115	True
4343	分派	ぶんぱ	サ変接続	105	False
4343	合成	ごうせい	サ変接続	99	True
4343	揚水	ようすい	サ変接続	101	False
4344	還啓	かんけい	サ変接続	101	False
4345	同情	どうじょう	サ変接続	101	True
4345	教会	きょうかい	一般	133	True
4345	着服	ちゃくふく	サ変接続	101	True
4345	競争	きょうそう	サ変接続	101	False
4346	区立	くりつ	一般	147	True
4346	工作	こうさく	サ変接続	97	True
4346	斡旋	あっせん	サ変接続	99	False
4346	本名	ほんみょう	一般	97	True
4346	連立	れんりつ	サ変接続	93	True
4347	交際	こうさい	サ変接続	101	True
4347	劇的	げきてき	形容動詞語幹	116	True
4347	大同	だいどう	サ変接続	95	True
4347	曳航	えいこう	サ変接続	101	False
4347	由来	ゆらい	サ変接続	101	True
4348	劃定	かくてい	サ変接続	101	False
4348	包含	ほうがん	サ変接続	101	False
4348	対談	たいだん	サ変接続	101	True
4348	焼死	しょうし	サ変接続	92	True
4349	体験	たいけん	サ変接続	95	True
4349	分署	ぶんしょ	一般	115	True
4350	伸張	しんちょう	サ変接続	101	False
4350	伸長	しんちょう	サ変接続	98	False
4350	専心	せんしん	サ変接続	101	False
4350	山地	さんち	一般	92	True
4350	広場	ひろば	一般	97	False
4350	採決	さいけつ	サ変接続	101	True
4350	新調	しんちょう	サ変接続	101	True
4350	洗濯	せんたく	サ変接続	101	False
4350	潜心	せんしん	サ変接続	101	False
4350	聴講	ちょうこう	サ変接続	101	False
4350	負荷	ふか	サ変接続	101	False
4350	駐在	ちゅうざい	サ変接続	100	True
4351	商品	しょうひん	一般	67	True
4351	報奨	ほうしょう	サ変接続	101	False
4351	畏怖	いふ	サ変接続	101	False
4351	鑑定	かんてい	サ変接続	101	True
4352	上達	じょうたつ	サ変接続	101	True
4352	判示	はんじ	サ変接続	101	True
4352	増産	ぞうさん	サ変接続	100	True
4352	支持	しじ	サ変接続	101	True
4352	蒸溜	じょうりゅう	サ変接続	101	False
4352	蒸留	じょうりゅう	サ変接続	101	False
4352	講評	こうひょう	サ変接続	101	True
4353	奉送	ほうそう	サ変接続	101	False
4353	孵化	ふか	サ変接続	100	False
4353	戡定	かんてい	サ変接続	101	False
4353	非難	ひなん	サ変接続	100	True
4354	付課	ふか	サ変接続	None	True
4354	呼称	こしょう	サ変接続	101	True
4354	扈従	こしょう	サ変接続	97	False
4354	故障	こしょう	サ変接続	101	False
4354	耽読	たんどく	サ変接続	101	False
4354	言訳	いいわけ	サ変接続	111	False
4354	誇称	こしょう	サ変接続	101	False
4354	賦課	ふか	サ変接続	101	True
4354	附加	ふか	サ変接続	101	True
4356	入会	にゅうかい	サ変接続	96	True
4356	問屋	とんや	一般	96	False
4356	転地	てんち	サ変接続	101	True
4356	転置	てんち	サ変接続	101	True
4356	送信	そうしん	サ変接続	91	True
4356	配線	はいせん	サ変接続	101	True
4357	一族	いちぞく	一般	79	True
4357	全壊	ぜんかい	サ変接続	101	False
4357	全快	ぜんかい	サ変接続	101	False
4357	全潰	ぜんかい	サ変接続	101	False
4357	全開	ぜんかい	サ変接続	101	False
4357	和解	わかい	サ変接続	101	True
4357	喪心	そうしん	サ変接続	101	False
4357	喪神	そうしん	サ変接続	101	False
4357	拘置	こうち	サ変接続	101	False
4357	残高	ざんだか	一般	87	False
4357	観望	かんぼう	サ変接続	101	False
4358	何者	なにもの	一般	110	False
4358	出所	しゅっしょ	サ変接続	112	False
4358	報償	ほうしょう	サ変接続	101	True
4358	奉唱	ほうしょう	サ変接続	101	False
4358	師事	しじ	サ変接続	101	True
4358	幽栖	ゆうせい	サ変接続	101	False
4358	幽棲	ゆうせい	サ変接続	101	False
4358	調印	ちょういん	サ変接続	101	True
4359	得票	とくひょう	サ変接続	101	True
4359	病気	びょうき	サ変接続	101	True
4360	付帯	ふたい	サ変接続	101	True
4360	堪能	たんのう	サ変接続	97	False
4360	対等	たいとう	形容動詞語幹	104	True
4360	文通	ぶんつう	サ変接続	101	True
4360	更始	こうし	サ変接続	101	True
4360	精励	せいれい	サ変接続	101	False
4360	高熱	こうねつ	一般	112	True
4361	下放	かほう	サ変接続	88	True
4362	収集	しゅうしゅう	サ変接続	95	False
4362	哺育	ほいく	サ変接続	101	False
4362	新設	しんせつ	サ変接続	101	True
4362	熱狂	ねっきょう	サ変接続	101	True
4363	代謝	たいしゃ	サ変接続	101	False
4363	応答	おうとう	サ変接続	101	True
4364	内用	ないよう	サ変接続	102	True
4364	調達	ちょうたつ	サ変接続	101	True
4365	動転	どうてん	サ変接続	101	True
4365	奉伺	ほうし	サ変接続	101	False
4365	奉祀	ほうし	サ変接続	101	False
4365	客死	かくし	サ変接続	101	True
4365	欠課	けっか	サ変接続	101	False
4365	私家	しか	一般	140	True
4365	缺課	けっか	サ変接続	101	False
4366	中断	ちゅうだん	サ変接続	101	True
4366	元号	げんごう	一般	115	True
4366	割賦	かっぷ	サ変接続	115	False
4366	及第	きゅうだい	サ変接続	101	False
4366	当面	とうめん	副詞可能	105	True
4366	録音	ろくおん	サ変接続	101	True
4367	一両	いちりょう	副詞可能	92	True
4367	中絶	ちゅうぜつ	サ変接続	101	False
4367	惨死	ざんし	サ変接続	101	False
4367	慙死	ざんし	サ変接続	101	False
4367	照合	しょうごう	サ変接続	101	False
4368	承合	しょうごう	サ変接続	101	False
4368	知覚	ちかく	サ変接続	101	False
4369	勝者	しょうしゃ	一般	114	True
4369	反撥	はんぱつ	サ変接続	97	False
4369	斃死	へいし	サ変接続	101	False
4369	発覚	はっかく	サ変接続	101	False
4369	試写	ししゃ	サ変接続	101	True
4369	閉止	へいし	サ変接続	101	True
4370	審理	しんり	サ変接続	101	False
4370	撃攘	げきじょう	サ変接続	101	False
4370	激情	げきじょう	サ変接続	115	True
4370	瞑目	めいもく	サ変接続	101	False
4371	一足	いっそく	副詞可能	102	True
4371	再生	さいせい	サ変接続	106	True
4371	劇化	げきか	サ変接続	101	True
4372	分掌	ぶんしょう	サ変接続	101	False
4372	放心	ほうしん	サ変接続	101	True
4372	放神	ほうしん	サ変接続	101	True
4372	試射	ししゃ	サ変接続	101	True
4372	高揚	こうよう	サ変接続	101	False
4373	協定	きょうてい	サ変接続	101	True
4373	案内	あんない	サ変接続	58	True
4373	発見	はっけん	サ変接続	87	True
4373	脱税	だつぜい	サ変接続	100	True
4373	要求	ようきゅう	サ変接続	101	True
4373	連打	れんだ	サ変接続	90	True
4374	出走	しゅっそう	サ変接続	101	False
4375	先物	さきもの	一般	116	False
4375	召集	しょうしゅう	サ変接続	101	False
4375	各界	かくかい	一般	100	True
4375	我侭	わがまま	サ変接続	106	False
4375	我儘	わがまま	サ変接続	106	False
4375	立替	たてかえ	サ変接続	108	False
4376	否定	ひてい	サ変接続	101	True
4376	抛擲	ほうてき	サ変接続	101	True
4376	放擲	ほうてき	サ変接続	101	True
4376	流行	りゅうこう	サ変接続	55	True
4376	解除	かいじょ	サ変接続	101	True
4376	重大	じゅうだい	形容動詞語幹	120	True
4377	別居	べっきょ	サ変接続	101	True
4377	同右	どうう	一般	94	True
4377	失速	しっそく	サ変接続	101	False
4377	孝養	こうよう	サ変接続	101	False
4377	山系	さんけい	一般	153	True
4377	待避	たいひ	サ変接続	101	True
4377	所持	しょじ	サ変接続	100	True
4377	新年	しんねん	副詞可能	87	True
4377	昂揚	こうよう	サ変接続	101	False
4377	監督	かんとく	サ変接続	0	True
4377	翌日	よくじつ	副詞可能	90	True
4377	退避	たいひ	サ変接続	101	True
4377	通報	つうほう	サ変接続	101	True
4377	醸造	じょうぞう	サ変接続	101	False
4377	黄葉	こうよう	サ変接続	101	False
4378	休館	きゅうかん	サ変接続	81	True
4378	即死	そくし	サ変接続	101	True
4378	在宅	ざいたく	サ変接続	101	True
4378	招集	しょうしゅう	サ変接続	101	False
4378	推参	すいさん	サ変接続	96	True
4378	推算	すいさん	サ変接続	101	True
4378	炊爨	すいさん	サ変接続	101	False
4378	表示	ひょうじ	サ変接続	100	True
4378	車線	しゃせん	一般	85	True
4378	避暑	ひしょ	サ変接続	101	False
4378	開始	かいし	サ変接続	101	True
4379	主張	しゅちょう	サ変接続	101	True
4379	乾杯	かんぱい	サ変接続	101	False
4379	再起	さいき	サ変接続	110	True
4379	双眼	そうがん	一般	109	True
4379	司令	しれい	サ変接続	92	False
4379	慰藉	いしゃ	サ変接続	101	False
4379	慰謝	いしゃ	サ変接続	101	False
4379	投合	とうごう	サ変接続	101	True
4379	重要	じゅうよう	形容動詞語幹	114	True
4379	静止	せいし	サ変接続	101	False
4380	再帰	さいき	サ変接続	115	True
4380	回付	かいふ	サ変接続	101	True
4380	回附	かいふ	サ変接続	101	True
4380	廻附	かいふ	サ変接続	101	True
4380	生息	せいそく	サ変接続	101	False
4380	発給	はっきゅう	サ変接続	101	True
4380	着目	ちゃくもく	サ変接続	101	True
4381	交尾	こうび	サ変接続	101	True
4381	再検	さいけん	サ変接続	105	True
4381	増員	ぞういん	サ変接続	101	True
4381	手配	てはい	サ変接続	102	False
4381	拍手	はくしゅ	サ変接続	101	True
4381	排便	はいべん	サ変接続	101	True
4381	転記	てんき	サ変接続	101	True
4382	廃業	はいぎょう	サ変接続	104	True
4382	怪死	かいし	サ変接続	101	True
4382	照明	しょうめい	サ変接続	99	False
4382	着手	ちゃくしゅ	サ変接続	101	True
4382	選炭	せんたん	サ変接続	101	False
4382	関節	かんせつ	一般	115	True
4383	上昇	じょうしょう	サ変接続	99	False
4383	私鉄	してつ	一般	114	True
4383	総額	そうがく	一般	92	True
4383	転換	てんかん	サ変接続	101	True
4383	退社	たいしゃ	サ変接続	101	True
4383	連戦	れんせん	サ変接続	92	True
4384	公事	こうじ	一般	115	True
4384	再製	さいせい	サ変接続	101	True
4384	分解	ぶんかい	サ変接続	100	True
4384	制止	せいし	サ変接続	101	True
4384	参拝	さんぱい	サ変接続	101	False
4384	好字	こうじ	一般	115	True
4384	好餌	こうじ	一般	115	False
4384	展観	てんかん	サ変接続	101	True
4384	後事	こうじ	一般	115	True
4384	柑子	こうじ	一般	115	False
4384	正視	せいし	サ変接続	101	True
4384	高次	こうじ	一般	109	True
4385	付託	ふたく	サ変接続	101	True
4385	列席	れっせき	サ変接続	101	True
4385	参考	さんこう	サ変接続	103	True
4385	多食	たしょく	サ変接続	101	True
4385	大書	たいしょ	サ変接続	101	True
4385	楽観	らっかん	サ変接続	88	False
4385	許可	きょか	サ変接続	101	True
4385	静思	せいし	サ変接続	101	False
4386	嘉賞	かしょう	サ変接続	101	False
4386	歌唱	かしょう	サ変接続	101	False
4386	火傷	かしょう	サ変接続	78	False
4386	特異	とくい	形容動詞語幹	112	True
4386	論戦	ろんせん	サ変接続	99	True
4386	転落	てんらく	サ変接続	101	True
4386	過称	かしょう	サ変接続	101	True
4386	過賞	かしょう	サ変接続	101	True
4387	外野	がいや	一般	80	True
4387	運営	うんえい	サ変接続	93	True
4388	再発	さいはつ	サ変接続	113	True
4388	反乱	はんらん	サ変接続	101	True
4388	啓発	けいはつ	サ変接続	101	True
4388	把持	はじ	サ変接続	101	False
4388	独学	どくがく	サ変接続	89	True
4388	表現	ひょうげん	サ変接続	98	True
4388	解消	かいしょう	サ変接続	101	True
4389	密造	みつぞう	サ変接続	101	True
4389	恋愛	れんあい	サ変接続	101	False
4389	意見	いけん	サ変接続	86	True
4389	暴露	ばくろ	サ変接続	98	False
4389	曝露	ばくろ	サ変接続	101	False
4389	社内	しゃない	一般	99	True
4389	育成	いくせい	サ変接続	101	True
4389	被曝	ひばく	サ変接続	101	False
4389	頻繁	ひんぱん	形容動詞語幹	121	False
4390	参向	さんこう	サ変接続	101	True
4390	捜査	そうさ	サ変接続	101	False
4390	鑽孔	さんこう	サ変接続	101	False
4391	予定	よてい	サ変接続	99	True
4391	博物	はくぶつ	一般	111	True
4391	増強	ぞうきょう	サ変接続	101	True
4391	山間	さんかん	一般	108	True
4391	急速	きゅうそく	形容動詞語幹	121	True
4391	指導	しどう	サ変接続	101	False
4391	解答	かいとう	サ変接続	101	True
4391	通話	つうわ	サ変接続	101	True
4391	鑑賞	かんしょう	サ変接続	101	True
4391	面会	めんかい	サ変接続	101	True
4392	処罰	しょばつ	サ変接続	101	True
4392	加熱	かねつ	サ変接続	101	True
4392	反響	はんきょう	サ変接続	101	False
4392	国債	こくさい	一般	111	True
4392	急死	きゅうし	サ変接続	101	True
4392	新米	しんまい	一般	90	True
4392	独裁	どくさい	サ変接続	99	True
4392	発注	はっちゅう	サ変接続	101	True
4392	相殺	そうさい	サ変接続	81	False
4392	訴訟	そしょう	サ変接続	101	False
4393	休電	きゅうでん	サ変接続	101	True
4393	摘要	てきよう	サ変接続	115	False
4393	減員	げんいん	サ変接続	101	True
4393	祭礼	さいれい	一般	103	True
4393	給電	きゅうでん	サ変接続	101	True
4393	観測	かんそく	サ変接続	101	True
4393	解凍	かいとう	サ変接続	101	False
4393	面接	めんせつ	サ変接続	101	True
4394	報告	ほうこく	サ変接続	101	True
4394	大切	たいせつ	形容動詞語幹	111	True
4394	廃止	はいし	サ変接続	103	True
4394	心中	しんじゅう	サ変接続	99	True
4394	染髪	せんぱつ	サ変接続	101	False
4394	検地	けんち	サ変接続	101	True
4394	洗髪	せんぱつ	サ変接続	101	False
4394	発言	はつげん	サ変接続	101	True
4394	軒輊	けんち	サ変接続	101	False
4394	輔佐	ほさ	サ変接続	97	False
4395	動作	どうさ	サ変接続	106	True
4395	変形	へんけい	サ変接続	101	True
4395	成熟	せいじゅく	サ変接続	100	True
4395	曲折	きょくせつ	サ変接続	101	True
4395	樹立	じゅりつ	サ変接続	85	True
4395	深謝	しんしゃ	サ変接続	101	False
4395	清明	せいめい	サ変接続	115	True
4395	痛感	つうかん	サ変接続	101	True
4395	相場	そうば	一般	74	False
4395	納得	なっとく	サ変接続	101	False
4395	製作	せいさく	サ変接続	80	True
4395	親炙	しんしゃ	サ変接続	101	False
4395	離島	りとう	サ変接続	101	True
4396	外泊	がいはく	サ変接続	101	True
4396	正解	せいかい	サ変接続	101	True
4396	統合	とうごう	サ変接続	101	True
4396	試合	しあい	サ変接続	0	False
4397	一章	いっしょう	副詞可能	None	True
4397	好転	こうてん	サ変接続	101	True
4397	排気	はいき	サ変接続	89	True
4397	隣接	りんせつ	サ変接続	98	False
4398	一期	いっき	一般	81	True
4398	前記	ぜんき	サ変接続	101	True
4398	快気	かいき	サ変接続	101	False
4398	提供	ていきょう	サ変接続	101	False
4398	白状	はくじょう	サ変接続	101	True
4398	老化	ろうか	サ変接続	101	True
4398	進出	しんしゅつ	サ変接続	101	True
4399	反則	はんそく	サ変接続	101	True
4399	少子	しょうし	一般	115	True
4399	念持	ねんじ	サ変接続	101	True
4399	浣腸	かんちょう	サ変接続	101	False
4399	補講	ほこう	サ変接続	101	True
4399	鉄鋼	てっこう	一般	108	False
4400	充用	じゅうよう	サ変接続	101	False
4400	分界	ぶんかい	サ変接続	101	True
4400	勤学	きんがく	サ変接続	101	False
4400	想起	そうき	サ変接続	101	True
4400	斎戒	さいかい	サ変接続	101	False
4400	混和	こんわ	サ変接続	101	False
4400	重用	じゅうよう	サ変接続	94	True
4400	骨折	こっせつ	サ変接続	101	False
4401	全廃	ぜんぱい	サ変接続	101	False
4401	兼用	けんよう	サ変接続	92	True
4401	売買	ばいばい	サ変接続	101	True
4401	暗算	あんざん	サ変接続	101	False
4401	配当	はいとう	サ変接続	100	True
4401	開館	かいかん	サ変接続	101	True
4402	共感	きょうかん	サ変接続	101	True
4402	出荷	しゅっか	サ変接続	102	False
4402	同行	どうこう	サ変接続	100	True
4402	周回	しゅうかい	サ変接続	101	False
4402	宿泊	しゅくはく	サ変接続	100	False
4402	撰修	せんしゅう	サ変接続	101	True
4402	発令	はつれい	サ変接続	101	True
4402	育英	いくえい	サ変接続	115	True
4402	蠱惑	こわく	サ変接続	101	False
4403	抗議	こうぎ	サ変接続	101	True
4403	欠伸	あくび	サ変接続	108	False
4403	汚染	おせん	サ変接続	106	False
4403	節水	せっすい	サ変接続	101	False
4403	総計	そうけい	サ変接続	118	True
4403	薬局	やっきょく	一般	107	False
4404	休載	きゅうさい	サ変接続	101	True
4404	免責	めんせき	サ変接続	101	True
4404	土着	どちゃく	サ変接続	99	True
4404	増大	ぞうだい	サ変接続	96	True
4404	完封	かんぷう	サ変接続	101	False
4404	思惟	しい	サ変接続	101	False
4404	捕手	ほしゅ	一般	92	False
4404	昇進	しょうしん	サ変接続	101	False
4404	米人	べいじん	一般	95	True
4404	糺弾	きゅうだん	サ変接続	101	False
4404	糾弾	きゅうだん	サ変接続	101	False
4404	終了	しゅうりょう	サ変接続	101	False
4404	編集	へんしゅう	サ変接続	105	True
4404	花見	はなみ	サ変接続	91	False
4404	面責	めんせき	サ変接続	101	True
4405	代置	だいち	サ変接続	101	True
4405	愛着	あいちゃく	サ変接続	81	True
4405	登場	とうじょう	サ変接続	88	True
4405	論議	ろんぎ	サ変接続	99	True
4406	代行	だいこう	サ変接続	99	True
4406	出火	しゅっか	サ変接続	101	False
4406	同調	どうちょう	サ変接続	106	True
4406	商売	しょうばい	サ変接続	101	True
4406	声援	せいえん	サ変接続	101	True
4406	注視	ちゅうし	サ変接続	101	True
4406	音訳	おんやく	サ変接続	101	True
4407	上奏	じょうそう	サ変接続	101	True
4407	兼業	けんぎょう	サ変接続	100	True
4407	出品	しゅっぴん	サ変接続	99	False
4407	扇情	せんじょう	サ変接続	101	False
4407	普請	ふしん	サ変接続	90	False
4407	決別	けつべつ	サ変接続	101	True
4407	洗浄	せんじょう	サ変接続	101	False
4407	洗滌	せんじょう	サ変接続	101	False
4407	煽情	せんじょう	サ変接続	101	False
4407	発着	はっちゃく	サ変接続	176	True
4407	腐心	ふしん	サ変接続	101	False
4407	製塩	せいえん	サ変接続	101	True
4407	開設	かいせつ	サ変接続	101	True
4408	制約	せいやく	サ変接続	101	True
4408	勇戦	ゆうせん	サ変接続	101	True
4408	招来	しょうらい	サ変接続	101	False
4408	掌理	しょうり	サ変接続	101	False
4408	提示	ていじ	サ変接続	101	False
4408	直下	ちょっか	サ変接続	97	False
4408	着色	ちゃくしょく	サ変接続	103	True
4408	自首	じしゅ	サ変接続	101	True
4408	裏書	うらがき	サ変接続	96	False
4408	請来	しょうらい	サ変接続	101	False
4408	造船	ぞうせん	サ変接続	112	True
4409	回折	かいせつ	サ変接続	101	True
4409	悟得	ごとく	サ変接続	101	False
4409	脱線	だっせん	サ変接続	101	True
4409	通過	つうか	サ変接続	101	True
4410	再嫁	さいか	サ変接続	101	True
4410	千歳	ちとせ	一般	121	False
4410	志願	しがん	サ変接続	101	True
4410	減刑	げんけい	サ変接続	101	True
4410	経過	けいか	サ変接続	101	True
4410	裁可	さいか	サ変接続	101	True
4410	西下	さいか	サ変接続	101	True
4410	配給	はいきゅう	サ変接続	101	True
4411	主導	しゅどう	サ変接続	101	False
4411	公転	こうてん	サ変接続	101	True
4411	反映	はんえい	サ変接続	101	True
4411	帰化	きか	サ変接続	101	True
4411	強大	きょうだい	形容動詞語幹	113	True
4411	挑戦	ちょうせん	サ変接続	101	False
4411	検証	けんしょう	サ変接続	100	True
4411	筆写	ひっしゃ	サ変接続	101	False
4411	補助	ほじょ	サ変接続	99	True
4411	誓約	せいやく	サ変接続	101	False
4411	配列	はいれつ	サ変接続	101	True
4411	雄飛	ゆうひ	サ変接続	101	True
4412	入賞	にゅうしょう	サ変接続	101	True
4412	変動	へんどう	サ変接続	111	True
4412	実施	じっし	サ変接続	98	True
4412	浴室	よくしつ	一般	70	True
4412	配車	はいしゃ	サ変接続	101	True
4412	野生	やせい	サ変接続	101	True
4412	開腹	かいふく	サ変接続	101	False
4412	養成	ようせい	サ変接続	101	False
4413	上陸	じょうりく	サ変接続	101	True
4413	主宰	しゅさい	サ変接続	101	False
4413	仕官	しかん	サ変接続	101	False
4413	兼任	けんにん	サ変接続	101	True
4413	可決	かけつ	サ変接続	101	True
4413	夭逝	ようせい	サ変接続	101	False
4413	弛緩	しかん	サ変接続	91	False
4413	成約	せいやく	サ変接続	101	True
4413	逸機	いっき	サ変接続	101	True
4413	選考	せんこう	サ変接続	101	True
4413	除外	じょがい	サ変接続	101	True
4414	夕方	ゆうがた	副詞可能	102	False
4414	強奪	ごうだつ	サ変接続	101	False
4414	感激	かんげき	サ変接続	101	True
4414	禁止	きんし	サ変接続	101	True
4414	編曲	へんきょく	サ変接続	101	True
4414	観賞	かんしょう	サ変接続	101	True
4414	造型	ぞうけい	サ変接続	101	True
4414	酷使	こくし	サ変接続	101	True
4415	布石	ふせき	サ変接続	101	False
4415	廃絶	はいぜつ	サ変接続	101	False
4415	所蔵	しょぞう	サ変接続	101	True
4415	擁護	ようご	サ変接続	101	True
4415	消防	しょうぼう	一般	113	True
4415	試算	しさん	サ変接続	101	True
4415	請願	せいがん	サ変接続	101	False
4415	関聯	かんれん	サ変接続	101	True
4416	保全	ほぜん	サ変接続	100	False
4416	入手	にゅうしゅ	サ変接続	101	True
4416	印刷	いんさつ	サ変接続	101	True
4416	総代	そうだい	一般	107	True
4416	買物	かいもの	サ変接続	105	False
4416	養護	ようご	サ変接続	101	False
4417	再婚	さいこん	サ変接続	101	True
4417	反逆	はんぎゃく	サ変接続	101	True
4417	戦死	せんし	サ変接続	101	True
4417	明記	めいき	サ変接続	100	True
4417	減資	げんし	サ変接続	101	True
4417	車検	しゃけん	サ変接続	114	True
4417	辞職	じしょく	サ変接続	101	True
4417	逆行	ぎゃっこう	サ変接続	121	False
4417	高名	こうみょう	形容動詞語幹	110	True
4418	対顔	たいがん	サ変接続	101	False
4418	工面	くめん	サ変接続	102	False
4418	操作	そうさ	サ変接続	107	True
4418	点灯	てんとう	サ変接続	101	True
4418	親昵	しんじつ	サ変接続	101	False
4418	調理	ちょうり	サ変接続	101	True
4419	入浴	にゅうよく	サ変接続	100	True
4419	危惧	きぐ	サ変接続	101	False
4419	復唱	ふくしょう	サ変接続	101	False
4419	復誦	ふくしょう	サ変接続	101	False
4419	徹夜	てつや	サ変接続	100	False
4419	快復	かいふく	サ変接続	101	False
4419	恢復	かいふく	サ変接続	101	False
4419	敬遠	けいえん	サ変接続	101	False
4419	点頭	てんとう	サ変接続	101	True
4419	組織	そしき	サ変接続	100	False
4419	結束	けっそく	サ変接続	95	True
4419	親拝	しんぱい	サ変接続	101	False
4419	顛倒	てんとう	サ変接続	101	False
4419	飲食	いんしょく	サ変接続	86	True
4420	優遇	ゆうぐう	サ変接続	101	False
4420	内偵	ないてい	サ変接続	101	False
4420	前納	ぜんのう	サ変接続	101	False
4420	実質	じっしつ	一般	88	True
4420	干拓	かんたく	サ変接続	99	False
4420	描写	びょうしゃ	サ変接続	101	False
4420	検出	けんしゅつ	サ変接続	101	True
4420	款待	かんたい	サ変接続	101	False
4420	歓待	かんたい	サ変接続	101	True
4420	求職	きゅうしょく	サ変接続	101	True
4420	流用	りゅうよう	サ変接続	101	True
4420	生新	せいしん	形容動詞語幹	124	True
4420	脱水	だっすい	サ変接続	101	True
4420	飛揚	ひよう	サ変接続	101	False
4421	休職	きゅうしょく	サ変接続	101	True
4421	希望	きぼう	サ変接続	101	False
4421	渡海	とかい	サ変接続	101	True
4421	産出	さんしゅつ	サ変接続	101	True
4421	発行	はっこう	サ変接続	100	True
4421	編入	へんにゅう	サ変接続	84	True
4422	判断	はんだん	サ変接続	101	True
4422	囲繞	いじょう	サ変接続	101	False
4422	委譲	いじょう	サ変接続	101	False
4422	撹乱	かくらん	サ変接続	97	False
4422	攪乱	かくらん	サ変接続	101	False
4422	斯様	かよう	形容動詞語幹	121	False
4422	移乗	いじょう	サ変接続	101	False
4422	移譲	いじょう	サ変接続	101	False
4422	膠着	こうちゃく	サ変接続	101	False
4422	輸出	ゆしゅつ	サ変接続	101	False
4422	降着	こうちゃく	サ変接続	101	True
4423	会場	かいじょう	一般	88	True
4423	土地	とち	一般	92	False
4423	変更	へんこう	サ変接続	99	True
4423	復員	ふくいん	サ変接続	101	True
4423	接種	せっしゅ	サ変接続	101	True
4423	派兵	はへい	サ変接続	101	True
4423	演出	えんしゅつ	サ変接続	101	True
4423	産卵	さんらん	サ変接続	101	True
4423	発声	はっせい	サ変接続	101	True
4423	発病	はつびょう	サ変接続	101	True
4423	結成	けっせい	サ変接続	101	True
4423	見栄	みえ	一般	125	False
4423	雌伏	しふく	サ変接続	101	True
4424	保管	ほかん	サ変接続	101	True
4424	反省	はんせい	サ変接続	97	False
4424	対峙	たいじ	サ変接続	101	False
4424	対峠	たいじ	サ変接続	None	False
4424	展望	てんぼう	サ変接続	101	False
4424	帯磁	たいじ	サ変接続	101	True
4424	待機	たいき	サ変接続	101	True
4424	掌握	しょうあく	サ変接続	101	False
4424	書写	しょしゃ	サ変接続	70	True
4424	要心	ようじん	サ変接続	100	False
4424	誘引	ゆういん	サ変接続	101	False
4424	退治	たいじ	サ変接続	101	True
4424	顕現	けんげん	サ変接続	101	False
4425	入館	にゅうかん	サ変接続	101	True
4425	協調	きょうちょう	サ変接続	101	True
4425	奉答	ほうとう	サ変接続	101	False
4425	怪我	けが	サ変接続	97	False
4425	手足	てあし	一般	91	False
4425	放蕩	ほうとう	サ変接続	101	False
4425	昇叙	しょうじょ	サ変接続	101	False
4425	自恃	じじ	サ変接続	101	False
4425	造語	ぞうご	サ変接続	101	True
4425	陞叙	しょうじょ	サ変接続	101	False
4426	好投	こうとう	サ変接続	126	True
4426	帰順	きじゅん	サ変接続	101	True
4426	快勝	かいしょう	サ変接続	101	False
4426	推計	すいけい	サ変接続	101	True
4426	答申	とうしん	サ変接続	101	False
4426	要望	ようぼう	サ変接続	101	False
4426	道破	どうは	サ変接続	101	True
4426	雇傭	こよう	サ変接続	101	False
4427	上司	じょうし	一般	91	False
4427	敗戦	はいせん	サ変接続	101	True
4427	熱発	ねっぱつ	サ変接続	107	True
4427	親子	おやこ	一般	56	False
4427	解明	かいめい	サ変接続	101	True
4427	該当	がいとう	サ変接続	101	True
4427	連覇	れんぱ	サ変接続	98	False
4427	運航	うんこう	サ変接続	101	True
4427	闘争	とうそう	サ変接続	101	False
4428	作曲	さっきょく	サ変接続	111	True
4428	倒産	とうさん	サ変接続	101	True
4428	内蔵	ないぞう	サ変接続	95	True
4428	分配	ぶんぱい	サ変接続	101	False
4428	加算	かさん	サ変接続	101	True
4428	医学	いがく	一般	87	True
4428	秘結	ひけつ	サ変接続	101	True
4429	全勝	ぜんしょう	サ変接続	101	False
4429	前進	ぜんしん	サ変接続	101	True
4429	加糖	かとう	サ変接続	101	True
4429	命名	めいめい	サ変接続	101	False
4429	大量	たいりょう	形容動詞語幹	77	True
4429	存在	そんざい	サ変接続	101	True
4429	建言	けんげん	サ変接続	101	False
4429	徴兵	ちょうへい	サ変接続	101	True
4429	抑圧	よくあつ	サ変接続	101	False
4429	操縦	そうじゅう	サ変接続	101	True
4429	改善	かいぜん	サ変接続	101	True
4429	横行	おうこう	サ変接続	101	True
4429	献言	けんげん	サ変接続	101	False
4430	厳選	げんせん	サ変接続	101	True
4430	唱和	しょうわ	サ変接続	101	False
4430	構成	こうせい	サ変接続	101	True
4430	特集	とくしゅう	サ変接続	100	True
4430	節減	せつげん	サ変接続	101	True
4430	自嘲	じちょう	サ変接続	101	False
4430	自重	じちょう	サ変接続	101	True
4431	倒閣	とうかく	サ変接続	101	False
4431	先攻	せんこう	サ変接続	101	True
4431	北面	ほくめん	サ変接続	101	True
4431	卸売	おろしうり	サ変接続	108	False
4431	受付	うけつけ	サ変接続	106	False
4431	増額	ぞうがく	サ変接続	101	True
4431	子守	こもり	サ変接続	122	False
4431	専攻	せんこう	サ変接続	101	False
4431	専行	せんこう	サ変接続	101	False
4431	導入	どうにゅう	サ変接続	101	False
4431	広報	こうほう	サ変接続	114	True
4431	排卵	はいらん	サ変接続	101	True
4431	放下	ほうか	サ変接続	101	True
4431	放歌	ほうか	サ変接続	101	True
4431	放火	ほうか	サ変接続	101	True
4431	潜幸	せんこう	サ変接続	101	False
4431	潜航	せんこう	サ変接続	101	False
4431	潜行	せんこう	サ変接続	101	False
4431	穿孔	せんこう	サ変接続	101	False
4431	美化	びか	サ変接続	100	True
4431	自書	じしょ	サ変接続	101	True
4431	自署	じしょ	サ変接続	101	True
4431	調和	ちょうわ	サ変接続	101	True
4431	適合	てきごう	サ変接続	101	True
4431	遷幸	せんこう	サ変接続	101	False
4431	選好	せんこう	サ変接続	101	True
4431	選鉱	せんこう	サ変接続	101	True
4431	銓衡	せんこう	サ変接続	101	False
4432	充填	じゅうてん	サ変接続	101	False
4432	全治	ぜんち	サ変接続	101	False
4432	南下	なんか	サ変接続	101	True
4432	徴用	ちょうよう	サ変接続	101	True
4432	欲求	よっきゅう	サ変接続	101	False
4432	生徒	せいと	一般	58	True
4432	納骨	のうこつ	サ変接続	101	False
4433	分遣	ぶんけん	サ変接続	101	False
4433	呈出	ていしゅつ	サ変接続	101	True
4433	更正	こうせい	サ変接続	101	True
4433	校正	こうせい	サ変接続	101	True
4433	検視	けんし	サ変接続	101	True
4433	決戦	けっせん	サ変接続	101	True
4433	甦生	こうせい	サ変接続	101	False
4433	転用	てんよう	サ変接続	86	True
4433	較正	こうせい	サ変接続	101	False
4433	追徴	ついちょう	サ変接続	101	True
4433	配置	はいち	サ変接続	101	True
4434	中略	ちゅうりゃく	サ変接続	101	True
4434	傾聴	けいちょう	サ変接続	101	False
4434	再現	さいげん	サ変接続	99	True
4434	前述	ぜんじゅつ	サ変接続	101	True
4434	厳罰	げんばつ	サ変接続	115	True
4434	告発	こくはつ	サ変接続	101	True
4434	対質	たいしつ	サ変接続	101	True
4434	尊敬	そんけい	サ変接続	101	False
4434	敬弔	けいちょう	サ変接続	101	True
4434	敬重	けいちょう	サ変接続	101	True
4434	歴任	れきにん	サ変接続	101	True
4434	没頭	ぼっとう	サ変接続	101	True
4434	生還	せいかん	サ変接続	101	False
4434	退室	たいしつ	サ変接続	101	True
4434	連敗	れんぱい	サ変接続	92	False
4435	全焼	ぜんしょう	サ変接続	101	False
4435	収監	しゅうかん	サ変接続	101	False
4435	外出	がいしゅつ	サ変接続	100	True
4435	子孫	しそん	一般	115	False
4435	密着	みっちゃく	サ変接続	101	False
4435	小便	しょうべん	サ変接続	97	True
4435	建議	けんぎ	サ変接続	101	False
4435	手続	てつづき	サ変接続	106	False
4435	掃射	そうしゃ	サ変接続	101	False
4435	操車	そうしゃ	サ変接続	101	True
4435	断水	だんすい	サ変接続	101	True
4435	検便	けんべん	サ変接続	101	True
4435	転嫁	てんか	サ変接続	101	True
4436	享受	きょうじゅ	サ変接続	101	False
4436	出演	しゅつえん	サ変接続	101	True
4436	出願	しゅつがん	サ変接続	101	True
4436	定義	ていぎ	サ変接続	100	True
4436	実検	じっけん	サ変接続	101	True
4436	実見	じっけん	サ変接続	101	True
4436	強制	きょうせい	サ変接続	101	True
4436	心痛	しんつう	サ変接続	101	True
4436	急減	きゅうげん	サ変接続	101	True
4436	憲法	けんぽう	一般	96	False
4436	減点	げんてん	サ変接続	101	True
4436	熟成	じゅくせい	サ変接続	100	True
4436	補導	ほどう	サ変接続	101	False
4436	退勤	たいきん	サ変接続	101	False
4436	配水	はいすい	サ変接続	101	True
4436	重畳	ちょうじょう	サ変接続	101	True
4436	静観	せいかん	サ変接続	101	False
4437	主管	しゅかん	サ変接続	101	True
4437	乳首	ちくび	一般	99	False
4437	仲介	ちゅうかい	サ変接続	101	False
4437	共生	きょうせい	サ変接続	96	True
4437	合計	ごうけい	サ変接続	100	True
4437	周旋	しゅうせん	サ変接続	101	False
4437	多発	たはつ	サ変接続	100	True
4437	揮毫	きごう	サ変接続	101	False
4437	擁立	ようりつ	サ変接続	101	True
4437	注記	ちゅうき	サ変接続	101	True
4437	海域	かいいき	一般	84	True
4437	発動	はつどう	サ変接続	90	True
4437	着用	ちゃくよう	サ変接続	101	True
4437	考証	こうしょう	サ変接続	101	True
4437	註記	ちゅうき	サ変接続	101	False
4437	転任	てんにん	サ変接続	101	True
4437	集線	しゅうせん	サ変接続	115	True
4438	下見	したみ	サ変接続	112	False
4438	再思	さいし	サ変接続	101	True
4438	参禅	さんぜん	サ変接続	101	True
4438	増徴	ぞうちょう	サ変接続	101	True
4438	威服	いふく	サ変接続	101	True
4438	死傷	ししょう	サ変接続	99	False
4438	畏伏	いふく	サ変接続	101	False
4438	畏服	いふく	サ変接続	101	False
4438	発泡	はっぽう	サ変接続	101	False
4438	転化	てんか	サ変接続	97	True
4438	輔導	ほどう	サ変接続	101	False
4438	逃避	とうひ	サ変接続	101	False
4438	野合	やごう	サ変接続	101	True
4438	集団	しゅうだん	一般	86	True
4438	離党	りとう	サ変接続	101	True
4438	駆使	くし	サ変接続	101	False
4439	先述	せんじゅつ	サ変接続	101	True
4439	入居	にゅうきょ	サ変接続	91	True
4439	判定	はんてい	サ変接続	101	True
4439	助命	じょめい	サ変接続	101	False
4439	区分	くぶん	サ変接続	64	True
4439	在任	ざいにん	サ変接続	101	True
4439	在庫	ざいこ	サ変接続	101	True
4439	寄付	きふ	サ変接続	0	True
4439	拝跪	はいき	サ変接続	101	False
4439	撰述	せんじゅつ	サ変接続	101	True
4439	来襲	らいしゅう	サ変接続	101	False
4439	来集	らいしゅう	サ変接続	101	True
4439	炊事	すいじ	サ変接続	101	False
4439	純粋	じゅんすい	形容動詞語幹	121	False
4439	証明	しょうめい	サ変接続	101	True
4439	論評	ろんぴょう	サ変接続	101	False
4439	通約	つうやく	サ変接続	101	True
4440	伝達	でんたつ	サ変接続	101	True
4440	伯仲	はくちゅう	サ変接続	101	False
4440	供述	きょうじゅつ	サ変接続	101	True
4440	先遣	せんけん	サ変接続	101	False
4440	公称	こうしょう	サ変接続	101	True
4440	厳禁	げんきん	サ変接続	101	True
4440	口承	こうしょう	サ変接続	101	False
4440	口誦	こうしょう	サ変接続	101	False
4440	哄笑	こうしょう	サ変接続	101	False
4440	漸進	ぜんしん	サ変接続	101	False
4440	補整	ほせい	サ変接続	101	False
4440	警報	けいほう	サ変接続	109	True
4440	輪姦	りんかん	サ変接続	101	True
4440	高唱	こうしょう	サ変接続	101	False
4441	入線	にゅうせん	サ変接続	101	True
4441	効力	こうりょく	一般	131	True
4441	大敗	たいはい	サ変接続	101	True
4441	是正	ぜせい	サ変接続	101	True
4441	混信	こんしん	サ変接続	101	False
4441	添加	てんか	サ変接続	101	False
4441	点火	てんか	サ変接続	101	True
4441	熟思	じゅくし	サ変接続	101	True
4441	熟視	じゅくし	サ変接続	101	True
4441	登記	とうき	サ変接続	101	True
4441	着陸	ちゃくりく	サ変接続	101	True
4441	記帳	きちょう	サ変接続	118	True
4441	転訛	てんか	サ変接続	101	False
4442	付録	ふろく	サ変接続	101	True
4442	公言	こうげん	サ変接続	101	True
4442	内部	ないぶ	一般	75	True
4442	受領	じゅりょう	サ変接続	92	False
4442	布教	ふきょう	サ変接続	101	False
4442	布達	ふたつ	サ変接続	101	False
4442	広言	こうげん	サ変接続	101	True
4442	往診	おうしん	サ変接続	101	True
4442	想定	そうてい	サ変接続	100	True
4442	感染	かんせん	サ変接続	101	True
4442	投棄	とうき	サ変接続	101	True
4442	抗言	こうげん	サ変接続	101	True
4442	指令	しれい	サ変接続	101	True
4442	排出	はいしゅつ	サ変接続	101	True
4442	期待	きたい	サ変接続	103	True
4442	発症	はっしょう	サ変接続	106	True
4442	絶縁	ぜつえん	サ変接続	101	False
4442	続出	ぞくしゅつ	サ変接続	101	True
4442	脱脂	だっし	サ変接続	101	False
4442	荘厳	そうごん	形容動詞語幹	96	False
4442	部会	ぶかい	一般	94	True
4442	鎖国	さこく	サ変接続	101	False
4442	食事	しょくじ	サ変接続	117	True
4442	騰貴	とうき	サ変接続	101	False
4442	高言	こうげん	サ変接続	101	True
4443	付与	ふよ	サ変接続	38	False
4443	召致	しょうち	サ変接続	101	False
4443	告別	こくべつ	サ変接続	101	True
4443	喚問	かんもん	サ変接続	101	False
4443	均分	きんぶん	サ変接続	101	False
4443	射殺	しゃさつ	サ変接続	59	True
4443	承知	しょうち	サ変接続	101	False
4443	改称	かいしょう	サ変接続	101	True
4443	殺害	さつがい	サ変接続	72	True
4443	渡航	とこう	サ変接続	101	True
4443	痛心	つうしん	サ変接続	101	True
4443	縦断	じゅうだん	サ変接続	101	True
4443	縮写	しゅくしゃ	サ変接続	101	False
4443	薬殺	やくさつ	サ変接続	101	True
4443	親睦	しんぼく	サ変接続	101	False
4443	訓練	くんれん	サ変接続	100	False
4443	返還	へんかん	サ変接続	101	False
4443	過密	かみつ	形容動詞語幹	113	True
4443	隠栖	いんせい	サ変接続	101	False
4443	隠棲	いんせい	サ変接続	101	False
4444	伝送	でんそう	サ変接続	101	True
4444	入院	にゅういん	サ変接続	65	True
4444	出費	しゅっぴ	サ変接続	101	False
4444	分轄	ぶんかつ	サ変接続	101	False
4444	勘当	かんどう	サ変接続	101	False
4444	南進	なんしん	サ変接続	101	True
4444	大柄	おおがら	形容動詞語幹	94	False
4444	対応	たいおう	サ変接続	98	True
4444	帰朝	きちょう	サ変接続	101	True
4444	徴募	ちょうぼ	サ変接続	101	False
4444	派生	はせい	サ変接続	100	True
4444	焼香	しょうこう	サ変接続	101	True
4444	生別	せいべつ	サ変接続	101	True
4444	直訳	ちょくやく	サ変接続	101	True
4444	看病	かんびょう	サ変接続	101	True
4444	緩和	かんわ	サ変接続	101	False
4444	聴従	ちょうじゅう	サ変接続	101	False
4444	費消	ひしょう	サ変接続	101	True
4444	賃貸	ちんたい	サ変接続	101	False
4444	赦免	しゃめん	サ変接続	101	False
4444	起業	きぎょう	サ変接続	101	True
4444	醵出	きょしゅつ	サ変接続	101	False
4444	電送	でんそう	サ変接続	102	True
4444	飛翔	ひしょう	サ変接続	101	False
4445	休業	きゅうぎょう	サ変接続	101	True
4445	休止	きゅうし	サ変接続	99	True
4445	会商	かいしょう	サ変接続	101	True
4445	創案	そうあん	サ変接続	101	False
4445	加重	かじゅう	サ変接続	77	True
4445	少考	しょうこう	サ変接続	101	True
4445	数量	すうりょう	一般	99	True
4445	昇降	しょうこう	サ変接続	101	False
4445	欠場	けつじょう	サ変接続	101	True
4445	殖民	しょくみん	サ変接続	100	False
4445	消光	しょうこう	サ変接続	101	True
4445	熱中	ねっちゅう	サ変接続	100	True
4445	盗塁	とうるい	サ変接続	101	True
4445	直視	ちょくし	サ変接続	101	True
4445	窮死	きゅうし	サ変接続	101	True
4445	輩出	はいしゅつ	サ変接続	101	False
4445	達成	たっせい	サ変接続	98	False
4446	両替	りょうがえ	サ変接続	103	False
4446	入棺	にゅうかん	サ変接続	101	True
4446	再訂	さいてい	サ変接続	101	True
4446	出土	しゅつど	サ変接続	101	True
4446	帯剣	たいけん	サ変接続	101	True
4446	復学	ふくがく	サ変接続	101	True
4446	応召	おうしょう	サ変接続	101	False
4446	忠諌	ちゅうかん	サ変接続	101	False
4446	持参	じさん	サ変接続	101	True
4446	改良	かいりょう	サ変接続	101	True
4446	敵視	てきし	サ変接続	101	True
4446	昇格	しょうかく	サ変接続	101	False
4446	染色	せんしょく	サ変接続	101	True
4446	火葬	かそう	サ変接続	97	True
4446	築造	ちくぞう	サ変接続	101	True
4446	精通	せいつう	サ変接続	101	True
4446	耕耘	こううん	サ変接続	101	False
4446	脱帽	だつぼう	サ変接続	101	True
4446	荷電	かでん	サ変接続	101	False
4446	蔵相	ぞうしょう	一般	113	True
4446	表記	ひょうき	サ変接続	93	True
4446	裁定	さいてい	サ変接続	101	True
4446	解体	かいたい	サ変接続	101	True
4446	訛伝	かでん	サ変接続	101	False
4446	造反	ぞうはん	サ変接続	101	True
4446	遺精	いせい	サ変接続	101	True
4446	零封	れいふう	サ変接続	101	True
4446	鞅掌	おうしょう	サ変接続	101	False
4447	事故	じこ	一般	91	True
4447	交代	こうたい	サ変接続	101	True
4447	供与	きょうよ	サ変接続	101	False
4447	勧進	かんじん	サ変接続	100	False
4447	同乗	どうじょう	サ変接続	101	True
4447	婚約	こんやく	サ変接続	101	True
4447	存立	そんりつ	サ変接続	101	True
4447	宅配	たくはい	サ変接続	101	True
4447	帰洛	きらく	サ変接続	101	True
4447	強調	きょうちょう	サ変接続	101	True
4447	攻落	こうらく	サ変接続	101	True
4447	楽勝	らくしょう	サ変接続	101	True
4447	洋行	ようこう	サ変接続	101	True
4447	消灯	しょうとう	サ変接続	101	True
4447	減産	げんさん	サ変接続	101	True
4447	減給	げんきゅう	サ変接続	101	True
4447	独居	どっきょ	サ変接続	101	False
4447	登校	とうこう	サ変接続	100	True
4447	監察	かんさつ	サ変接続	100	True
4447	祈願	きがん	サ変接続	101	False
4447	移管	いかん	サ変接続	101	False
4447	経由	けいゆ	サ変接続	101	True
4447	芝居	しばい	サ変接続	78	False
4447	親近	しんきん	サ変接続	141	True
4447	貯蓄	ちょちく	サ変接続	101	False
4447	配転	はいてん	サ変接続	101	True
4447	集約	しゅうやく	サ変接続	101	True
4447	順守	じゅんしゅ	サ変接続	101	True
4448	予測	よそく	サ変接続	100	True
4448	先着	せんちゃく	サ変接続	92	True
4448	包帯	ほうたい	サ変接続	115	False
4448	埋立	うめたて	サ変接続	120	False
4448	夕食	ゆうしょく	一般	77	False
4448	天気	てんき	一般	98	True
4448	完勝	かんしょう	サ変接続	101	True
4448	引受	ひきうけ	サ変接続	122	False
4448	復原	ふくげん	サ変接続	101	True
4448	捨象	しゃしょう	サ変接続	101	False
4448	暫定	ざんてい	サ変接続	97	False
4448	校訂	こうてい	サ変接続	101	True
4448	演説	えんぜつ	サ変接続	101	False
4448	発達	はったつ	サ変接続	98	True
4448	目印	めじるし	サ変接続	122	False
4448	縮減	しゅくげん	サ変接続	101	False
4448	荒蕪	こうぶ	サ変接続	101	False
4448	西漸	せいぜん	サ変接続	101	False
4448	退任	たいにん	サ変接続	101	True
4448	附着	ふちゃく	サ変接続	101	True
4449	交錯	こうさく	サ変接続	101	True
4449	全納	ぜんのう	サ変接続	101	False
4449	出陣	しゅつじん	サ変接続	101	True
4449	創業	そうぎょう	サ変接続	101	False
4449	勾引	こういん	サ変接続	101	False
4449	周知	しゅうち	サ変接続	101	False
4449	増資	ぞうし	サ変接続	101	True
4449	小人	こども	一般	98	False
4449	帰宅	きたく	サ変接続	101	True
4449	拘引	こういん	サ変接続	101	False
4449	操業	そうぎょう	サ変接続	101	True
4449	改訳	かいやく	サ変接続	101	True
4449	更訂	こうてい	サ変接続	101	True
4449	直行	ちょっこう	サ変接続	101	False
4449	筆答	ひっとう	サ変接続	101	False
4449	繁栄	はんえい	サ変接続	101	True
4449	群生	ぐんせい	サ変接続	101	True
4449	肯定	こうてい	サ変接続	101	False
4449	苦難	くなん	サ変接続	115	True
4449	註文	ちゅうもん	サ変接続	95	False
4449	詳記	しょうき	サ変接続	101	False
4449	誅求	ちゅうきゅう	サ変接続	101	False
4449	請求	せいきゅう	サ変接続	101	False
4449	負担	ふたん	サ変接続	101	True
4449	転回	てんかい	サ変接続	101	True
4449	退団	たいだん	サ変接続	101	True
4450	乗艦	じょうかん	サ変接続	101	True
4450	共演	きょうえん	サ変接続	101	True
4450	助長	じょちょう	サ変接続	101	True
4450	勧奨	かんしょう	サ変接続	101	False
4450	勧賞	かんしょう	サ変接続	101	False
4450	厳戒	げんかい	サ変接続	101	True
4450	報復	ほうふく	サ変接続	101	True
4450	失明	しつめい	サ変接続	101	True
4450	奉告	ほうこく	サ変接続	101	False
4450	展示	てんじ	サ変接続	101	True
4450	干渉	かんしょう	サ変接続	101	False
4450	復旧	ふっきゅう	サ変接続	101	True
4450	感賞	かんしょう	サ変接続	101	True
4450	揚棄	ようき	サ変接続	101	False
4450	撹拌	こうはん	サ変接続	101	False
4450	教訓	きょうくん	サ変接続	101	True
4450	検定	けんてい	サ変接続	100	True
4450	発券	はっけん	サ変接続	101	True
4450	発想	はっそう	サ変接続	101	True
4450	短縮	たんしゅく	サ変接続	101	False
4450	管掌	かんしょう	サ変接続	101	False
4450	緩衝	かんしょう	サ変接続	101	False
4450	聯立	れんりつ	サ変接続	99	True
4450	脱却	だっきゃく	サ変接続	101	False
4450	観照	かんしょう	サ変接続	101	False
4450	解職	かいしょく	サ変接続	101	True
4450	詳説	しょうせつ	サ変接続	101	False
4450	講演	こうえん	サ変接続	101	True
4450	辛苦	しんく	サ変接続	101	False
4450	逸脱	いつだつ	サ変接続	101	True
4450	配向	はいこう	サ変接続	115	True
4450	際会	さいかい	サ変接続	112	True
4450	革新	かくしん	サ変接続	101	False
4451	下命	かめい	サ変接続	101	False
4451	乗降	じょうこう	サ変接続	101	True
4451	他界	たかい	サ変接続	101	True
4451	仮託	かたく	サ変接続	101	False
4451	修習	しゅうしゅう	サ変接続	101	True
4451	入村	にゅうそん	サ変接続	101	True
4451	出力	しゅつりょく	サ変接続	101	True
4451	区別	くべつ	サ変接続	78	True
4451	南側	みなみがわ	一般	97	False
4451	収拾	しゅうしゅう	サ変接続	101	False
4451	批難	ひなん	サ変接続	101	True
4451	抹消	まっしょう	サ変接続	101	False
4451	既存	きそん	サ変接続	88	False
4451	独断	どくだん	サ変接続	101	True
4451	略奪	りゃくだつ	サ変接続	101	True
4451	直属	ちょくぞく	サ変接続	101	True
4451	研磨	けんま	サ変接続	101	False
4451	走査	そうさ	サ変接続	101	True
4451	避難	ひなん	サ変接続	92	True
4451	酸敗	さんぱい	サ変接続	101	False
4451	除草	じょそう	サ変接続	101	True
4452	乱用	らんよう	サ変接続	100	True
4452	了解	りょうかい	サ変接続	101	False
4452	供託	きょうたく	サ変接続	101	True
4452	先導	せんどう	サ変接続	101	False
4452	内包	ないほう	サ変接続	101	False
4452	勉強	べんきょう	サ変接続	71	True
4452	外食	がいしょく	サ変接続	99	True
4452	審査	しんさ	サ変接続	100	False
4452	扇動	せんどう	サ変接続	101	False
4452	撤退	てったい	サ変接続	101	False
4452	散布	さんぷ	サ変接続	101	False
4452	減量	げんりょう	サ変接続	101	True
4452	灼熱	しゃくねつ	サ変接続	101	False
4452	煽動	せんどう	サ変接続	101	False
4452	物色	ぶっしょく	サ変接続	101	False
4452	発音	はつおん	サ変接続	101	True
4452	直面	ちょくめん	サ変接続	101	True
4452	結実	けつじつ	サ変接続	101	True
4452	絶句	ぜっく	サ変接続	101	True
4452	継承	けいしょう	サ変接続	101	False
4452	考案	こうあん	サ変接続	101	True
4452	自壊	じかい	サ変接続	101	False
4452	自戒	じかい	サ変接続	101	True
4452	舶載	はくさい	サ変接続	101	False
4452	蒐集	しゅうしゅう	サ変接続	100	False
4452	証言	しょうげん	サ変接続	101	True
4452	警固	けいご	サ変接続	101	False
4452	赤熱	しゃくねつ	サ変接続	91	True
4452	録画	ろくが	サ変接続	101	True
4452	附帯	ふたい	サ変接続	101	True
4452	集収	しゅうしゅう	サ変接続	None	False
4452	顫動	せんどう	サ変接続	101	False
4453	使令	しれい	サ変接続	101	True
4453	偽造	ぎぞう	サ変接続	101	False
4453	即位	そくい	サ変接続	101	True
4453	完了	かんりょう	サ変接続	101	False
4453	帰来	きらい	サ変接続	101	True
4453	待遇	たいぐう	サ変接続	101	True
4453	急落	きゅうらく	サ変接続	101	True
4453	扶養	ふよう	サ変接続	101	False
4453	挙式	きょしき	サ変接続	101	True
4453	控除	こうじょ	サ変接続	101	False
4453	浮揚	ふよう	サ変接続	101	False
4453	減食	げんしょく	サ変接続	101	True
4453	結集	けっしゅう	サ変接続	101	True
4453	給油	きゅうゆ	サ変接続	101	True
4453	蒙塵	もうじん	サ変接続	101	False
4453	襲名	しゅうめい	サ変接続	101	False
4453	許諾	きょだく	サ変接続	101	True
4453	賞味	しょうみ	サ変接続	101	True
4453	遊猟	ゆうりょう	サ変接続	101	True
4453	集金	しゅうきん	サ変接続	101	True
4454	休刊	きゅうかん	サ変接続	101	True
4454	光被	こうひ	サ変接続	101	True
4454	入団	にゅうだん	サ変接続	101	True
4454	劣化	れっか	サ変接続	101	False
4454	反復	はんぷく	サ変接続	101	False
4454	変質	へんしつ	サ変接続	101	True
4454	完敗	かんぱい	サ変接続	101	False
4454	実戦	じっせん	サ変接続	112	True
4454	実用	じつよう	サ変接続	91	True
4454	密漁	みつりょう	サ変接続	101	True
4454	展張	てんちょう	サ変接続	101	True
4454	崩御	ほうぎょ	サ変接続	101	False
4454	感佩	かんぱい	サ変接続	101	False
4454	感得	かんとく	サ変接続	101	True
4454	投稿	とうこう	サ変接続	101	True
4454	拱手	こうしゅ	サ変接続	101	False
4454	携帯	けいたい	サ変接続	101	False
4454	栄進	えいしん	サ変接続	101	True
4454	標示	ひょうじ	サ変接続	101	False
4454	比定	ひてい	サ変接続	101	True
4454	減反	げんたん	サ変接続	101	True
4454	渡島	ととう	サ変接続	123	True
4454	現有	げんゆう	サ変接続	101	True
4454	禁煙	きんえん	サ変接続	101	False
4454	移植	いしょく	サ変接続	101	False
4454	肉食	にくしょく	サ変接続	82	True
4454	詠進	えいしん	サ変接続	101	True
4454	説得	せっとく	サ変接続	101	False
4454	調節	ちょうせつ	サ変接続	101	True
4454	転調	てんちょう	サ変接続	101	True
4454	辞退	じたい	サ変接続	101	True
4454	進歩	しんぽ	サ変接続	101	True
4454	選別	せんべつ	サ変接続	101	True
4454	開催	かいさい	サ変接続	100	False
4454	開通	かいつう	サ変接続	97	True
4454	類別	るいべつ	サ変接続	111	True
4455	予知	よち	サ変接続	101	True
4455	介入	かいにゅう	サ変接続	101	True
4455	保持	ほじ	サ変接続	101	True
4455	修了	しゅうりょう	サ変接続	101	False
4455	入省	にゅうしょう	サ変接続	101	True
4455	入門	にゅうもん	サ変接続	101	True
4455	公認	こうにん	サ変接続	101	True
4455	参賀	さんが	サ変接続	101	True
4455	叛乱	はんらん	サ変接続	101	False
4455	告知	こくち	サ変接続	101	True
4455	商談	しょうだん	サ変接続	101	True
4455	失策	しっさく	サ変接続	101	False
4455	委嘱	いしょく	サ変接続	101	True
4455	家出	いえで	サ変接続	108	False
4455	密葬	みっそう	サ変接続	101	False
4455	当籤	とうせん	サ変接続	101	False
4455	投降	とうこう	サ変接続	101	True
4455	挨拶	あいさつ	サ変接続	101	False
4455	捜索	そうさく	サ変接続	101	False
4455	改名	かいめい	サ変接続	101	True
4455	東遷	とうせん	サ変接続	101	False
4455	氾濫	はんらん	サ変接続	101	False
4455	洋装	ようそう	サ変接続	101	False
4455	浪費	ろうひ	サ変接続	101	False
4455	混同	こんどう	サ変接続	101	False
4455	清遊	せいゆう	サ変接続	101	True
4455	点検	てんけん	サ変接続	84	True
4455	用意	ようい	サ変接続	104	True
4455	申告	しんこく	サ変接続	101	False
4455	病死	びょうし	サ変接続	101	True
4455	登仙	とうせん	サ変接続	101	False
4455	登降	とうこう	サ変接続	101	True
4455	目下	もっか	副詞可能	101	False
4455	絶交	ぜっこう	サ変接続	101	True
4455	自責	じせき	サ変接続	101	True
4455	西遊	せいゆう	サ変接続	94	True
4455	解任	かいにん	サ変接続	101	True
4455	誘掖	ゆうえき	サ変接続	101	False
4455	負託	ふたく	サ変接続	101	True
4455	進撃	しんげき	サ変接続	101	True
4455	銘記	めいき	サ変接続	101	True
4455	附託	ふたく	サ変接続	101	True
4455	顛落	てんらく	サ変接続	101	False
4456	代休	だいきゅう	サ変接続	102	True
4456	任官	にんかん	サ変接続	101	True
4456	共有	きょうゆう	サ変接続	99	True
4456	包容	ほうよう	サ変接続	101	False
4456	合図	あいず	サ変接続	103	False
4456	在世	ざいせい	サ変接続	115	True
4456	在住	ざいじゅう	サ変接続	101	True
4456	在学	ざいがく	サ変接続	97	True
4456	延焼	えんしょう	サ変接続	100	False
4456	所要	しょよう	サ変接続	117	True
4456	抱擁	ほうよう	サ変接続	101	False
4456	拉致	らち	サ変接続	76	False
4456	拘禁	こうきん	サ変接続	101	False
4456	整理	せいり	サ変接続	101	False
4456	淘汰	とうた	サ変接続	101	False
4456	減価	げんか	サ変接続	115	True
4456	獄死	ごくし	サ変接続	101	True
4456	発案	はつあん	サ変接続	101	True
4456	発現	はつげん	サ変接続	101	True
4456	絶滅	ぜつめつ	サ変接続	101	False
4456	肉薄	にくはく	サ変接続	101	False
4456	肝要	かんよう	形容動詞語幹	121	True
4456	背馳	はいち	サ変接続	101	False
4456	臣従	しんじゅう	サ変接続	101	False
4456	苦戦	くせん	サ変接続	101	True
4456	蝟集	いしゅう	サ変接続	101	False
4456	被弾	ひだん	サ変接続	101	True
4456	観念	かんねん	サ変接続	101	True
4456	許容	きょよう	サ変接続	101	True
4456	診療	しんりょう	サ変接続	101	False
4456	警護	けいご	サ変接続	101	True
4456	通観	つうかん	サ変接続	101	True
4456	通関	つうかん	サ変接続	101	True
4456	重唱	じゅうしょう	サ変接続	118	False
4456	降任	こうにん	サ変接続	101	True
4456	願望	がんぼう	サ変接続	101	False
4457	上映	じょうえい	サ変接続	101	True
4457	五倫	ごりん	一般	105	True
4457	侵出	しんしゅつ	サ変接続	101	True
4457	全敗	ぜんぱい	サ変接続	101	False
4457	凍上	とうじょう	サ変接続	101	False
4457	出船	しゅっせん	サ変接続	97	False
4457	割当	わりあて	サ変接続	111	False
4457	化合	かごう	サ変接続	100	True
4457	卓越	たくえつ	サ変接続	101	False
4457	即売	そくばい	サ変接続	101	True
4457	嘱託	しょくたく	サ変接続	101	True
4457	在室	ざいしつ	サ変接続	101	True
4457	変型	へんけい	サ変接続	115	True
4457	大家	おおや	一般	92	False
4457	失敗	しっぱい	サ変接続	101	False
4457	嫌悪	けんお	サ変接続	101	False
4457	存続	そんぞく	サ変接続	101	True
4457	干犯	かんぱん	サ変接続	101	False
4457	形式	けいしき	一般	95	True
4457	徐行	じょこう	サ変接続	101	False
4457	復職	ふくしょく	サ変接続	101	True
4457	戦没	せんぼつ	サ変接続	101	True
4457	搭乗	とうじょう	サ変接続	101	False
4457	改訂	かいてい	サ変接続	101	True
4457	束縛	そくばく	サ変接続	101	True
4457	東上	とうじょう	サ変接続	101	True
4457	浸出	しんしゅつ	サ変接続	101	False
4457	滲出	しんしゅつ	サ変接続	101	False
4457	熟練	じゅくれん	サ変接続	100	False
4457	献金	けんきん	サ変接続	101	False
4457	猶予	ゆうよ	サ変接続	101	False
4457	経理	けいり	サ変接続	101	True
4457	考察	こうさつ	サ変接続	101	True
4457	自警	じけい	サ変接続	101	True
4457	覆審	ふくしん	サ変接続	101	False
4457	観劇	かんげき	サ変接続	101	True
4457	講義	こうぎ	サ変接続	101	True
4457	配本	はいほん	サ変接続	101	True
4457	開幕	かいまく	サ変接続	101	True
4457	開花	かいか	サ変接続	101	True
4457	集計	しゅうけい	サ変接続	101	True
4457	顕揚	けんよう	サ変接続	101	False
4457	風化	ふうか	サ変接続	100	True
4458	予防	よぼう	サ変接続	106	True
4458	休息	きゅうそく	サ変接続	101	False
4458	伴奏	ばんそう	サ変接続	101	False
4458	傷心	しょうしん	サ変接続	101	False
4458	傷神	しょうしん	サ変接続	101	False
4458	共謀	きょうぼう	サ変接続	101	False
4458	内示	ないじ	サ変接続	101	True
4458	処遇	しょぐう	サ変接続	101	True
4458	分布	ぶんぷ	サ変接続	95	False
4458	叙勲	じょくん	サ変接続	101	True
4458	告訴	こくそ	サ変接続	101	True
4458	善用	ぜんよう	サ変接続	101	True
4458	大病	たいびょう	サ変接続	128	True
4458	失格	しっかく	サ変接続	101	False
4458	奨揚	しょうよう	サ変接続	101	False
4458	実視	じっし	サ変接続	115	True
4458	居住	きょじゅう	サ変接続	96	True
4458	後援	こうえん	サ変接続	101	True
4458	慫慂	しょうよう	サ変接続	101	False
4458	懐柔	かいじゅう	サ変接続	101	False
4458	我慢	がまん	サ変接続	99	False
4458	投薬	とうやく	サ変接続	101	True
4458	拱手	きょうしゅ	サ変接続	101	False
4458	挂冠	けいかん	サ変接続	101	False
4458	更迭	こうてつ	サ変接続	101	False
4458	概観	がいかん	サ変接続	101	True
4458	欠席	けっせき	サ変接続	101	False
4458	欠落	けつらく	サ変接続	101	True
4458	求刑	きゅうけい	サ変接続	101	True
4458	決心	けっしん	サ変接続	101	True
4458	決断	けつだん	サ変接続	101	True
4458	洞見	とうけん	サ変接続	101	False
4458	焦心	しょうしん	サ変接続	101	False
4458	焼損	しょうそん	サ変接続	101	True
4458	焼身	しょうしん	サ変接続	101	True
4458	発射	はっしゃ	サ変接続	101	True
4458	着衣	ちゃくい	サ変接続	101	True
4458	祝福	しゅくふく	サ変接続	101	False
4458	称揚	しょうよう	サ変接続	101	False
4458	精選	せいせん	サ変接続	101	True
4458	終漁	しゅうりょう	サ変接続	101	True
4458	編修	へんしゅう	サ変接続	101	True
4458	編輯	へんしゅう	サ変接続	102	False
4458	翼賛	よくさん	サ変接続	101	True
4458	脱党	だっとう	サ変接続	101	True
4458	船出	ふなで	サ変接続	108	False
4458	衝心	しょうしん	サ変接続	101	False
4458	訣別	けつべつ	サ変接続	101	False
4458	賞揚	しょうよう	サ変接続	101	False
4458	賞用	しょうよう	サ変接続	101	True
4458	贈賄	ぞうわい	サ変接続	101	False
4458	追跡	ついせき	サ変接続	101	True
4458	運行	うんこう	サ変接続	101	True
4458	遮断	しゃだん	サ変接続	101	False
4458	配布	はいふ	サ変接続	101	False
4458	開票	かいひょう	サ変接続	101	True
4458	陞進	しょうしん	サ変接続	101	False
4458	雑談	ざつだん	サ変接続	0	True
4459	争論	そうろん	サ変接続	101	False
4459	仕事	しごと	サ変接続	65	False
4459	会食	かいしょく	サ変接続	99	True
4459	作文	さくぶん	サ変接続	101	True
4459	共棲	きょうせい	サ変接続	100	False
4459	内省	ないせい	サ変接続	94	False
4459	加入	かにゅう	サ変接続	103	True
4459	努力	どりょく	サ変接続	101	False
4459	匡正	きょうせい	サ変接続	101	False
4459	呈示	ていじ	サ変接続	101	True
4459	告示	こくじ	サ変接続	101	True
4459	喝破	かっぱ	サ変接続	101	False
4459	在中	ざいちゅう	サ変接続	115	True
4459	密売	みつばい	サ変接続	101	True
4459	密航	みっこう	サ変接続	101	False
4459	属託	しょくたく	サ変接続	101	True
4459	廃休	はいきゅう	サ変接続	115	True
4459	弔慰	ちょうい	サ変接続	101	True
4459	強請	きょうせい	サ変接続	101	False
4459	後退	こうたい	サ変接続	101	True
4459	忠勤	ちゅうきん	サ変接続	115	False
4459	指弾	しだん	サ変接続	101	True
4459	振込	ふりこみ	サ変接続	0	False
4459	排列	はいれつ	サ変接続	101	True
4459	接近	せっきん	サ変接続	101	True
4459	損失	そんしつ	サ変接続	101	True
4459	改札	かいさつ	サ変接続	101	True
4459	改造	かいぞう	サ変接続	101	True
4459	朗唱	ろうしょう	サ変接続	101	False
4459	朗笑	ろうしょう	サ変接続	101	False
4459	朗誦	ろうしょう	サ変接続	101	False
4459	残業	ざんぎょう	サ変接続	101	True
4459	決意	けつい	サ変接続	101	True
4459	清浄	せいじょう	サ変接続	111	False
4459	熱愛	ねつあい	サ変接続	101	True
4459	略称	りゃくしょう	サ変接続	101	True
4459	矯正	きょうせい	サ変接続	101	False
4459	移牒	いちょう	サ変接続	101	False
4459	移調	いちょう	サ変接続	101	False
4459	給仕	きゅうじ	サ変接続	101	False
4459	統計	とうけい	サ変接続	97	True
4459	翻身	ほんしん	サ変接続	101	False
4459	脱船	だっせん	サ変接続	101	True
4459	装丁	そうてい	サ変接続	101	False
4459	装幀	そうてい	サ変接続	101	False
4459	装釘	そうてい	サ変接続	101	False
4459	計量	けいりょう	サ変接続	104	True
4459	訓示	くんじ	サ変接続	101	True
4459	謁見	えっけん	サ変接続	101	False
4459	販売	はんばい	サ変接続	101	True
4459	送呈	そうてい	サ変接続	101	True
4459	逃走	とうそう	サ変接続	101	False
4459	通夜	つや	サ変接続	114	True
4459	造形	ぞうけい	サ変接続	101	True
4459	酷似	こくじ	サ変接続	101	False
4459	騎乗	きじょう	サ変接続	101	True
4459	鼓動	こどう	サ変接続	101	True
4460	交替	こうたい	サ変接続	101	True
4460	代弁	だいべん	サ変接続	101	True
4460	仲買	なかがい	サ変接続	122	False
4460	休耕	きゅうこう	サ変接続	98	True
4460	伝来	でんらい	サ変接続	101	True
4460	信愛	しんあい	サ変接続	101	True
4460	充実	じゅうじつ	サ変接続	101	False
4460	入力	にゅうりょく	サ変接続	70	True
4460	入北	にゅうほく	サ変接続	101	True
4460	入園	にゅうえん	サ変接続	101	True
4460	再転	さいてん	サ変接続	101	True
4460	出現	しゅつげん	サ変接続	101	True
4460	削減	さくげん	サ変接続	101	True
4460	前売	まえうり	サ変接続	107	False
4460	半減	はんげん	サ変接続	101	True
4460	協賛	きょうさん	サ変接続	101	True
4460	叛逆	はんぎゃく	サ変接続	101	False
4460	同封	どうふう	サ変接続	101	True
4460	嗤笑	ししょう	サ変接続	101	False
4460	失火	しっか	サ変接続	101	False
4460	局限	きょくげん	サ変接続	101	True
4460	展開	てんかい	サ変接続	81	True
4460	師承	ししょう	サ変接続	101	False
4460	帰趨	きすう	サ変接続	101	False
4460	微増	びぞう	サ変接続	101	True
4460	心労	しんろう	サ変接続	115	True
4460	思案	しあん	サ変接続	86	True
4460	手品	てじな	サ変接続	122	False
4460	打算	ださん	サ変接続	101	True
4460	扞格	かんかく	サ変接続	101	False
4460	採点	さいてん	サ変接続	101	True
4460	採血	さいけつ	サ変接続	101	False
4460	提言	ていげん	サ変接続	101	False
4460	携行	けいこう	サ変接続	101	False
4460	救命	きゅうめい	サ変接続	115	False
4460	散乱	さんらん	サ変接続	101	True
4460	断食	だんじき	サ変接続	101	True
4460	景仰	けいこう	サ変接続	101	False
4460	曲言	きょくげん	サ変接続	101	True
4460	検疫	けんえき	サ変接続	101	True
4460	極言	きょくげん	サ変接続	101	True
4460	横断	おうだん	サ変接続	101	True
4460	涕泣	ていきゅう	サ変接続	101	False
4460	特約	とくやく	サ変接続	101	True
4460	発車	はっしゃ	サ変接続	101	True
4460	直観	ちょっかん	サ変接続	101	False
4460	省略	しょうりゃく	サ変接続	101	True
4460	着弾	ちゃくだん	サ変接続	101	True
4460	私消	ししょう	サ変接続	101	True
4460	究明	きゅうめい	サ変接続	101	True
4460	窮命	きゅうめい	サ変接続	101	False
4460	糺明	きゅうめい	サ変接続	101	False
4460	糾明	きゅうめい	サ変接続	101	False
4460	継続	けいぞく	サ変接続	101	True
4460	群発	ぐんぱつ	サ変接続	101	True
4460	自殺	じさつ	サ変接続	101	True
4460	自賛	じさん	サ変接続	101	True
4460	血戦	けっせん	サ変接続	101	False
4460	補完	ほかん	サ変接続	101	True
4460	補強	ほきょう	サ変接続	101	True
4460	親告	しんこく	サ変接続	101	True
4460	解析	かいせき	サ変接続	101	False
4460	買春	ばいしゅん	サ変接続	95	True
4460	転業	てんぎょう	サ変接続	101	True
4460	辛労	しんろう	サ変接続	101	False
4460	面談	めんだん	サ変接続	101	True
4461	上告	じょうこく	サ変接続	95	True
4461	中和	ちゅうわ	サ変接続	120	True
4461	仮想	かそう	サ変接続	101	False
4461	休憩	きゅうけい	サ変接続	101	False
4461	偏向	へんこう	サ変接続	101	True
4461	全滅	ぜんめつ	サ変接続	101	False
4461	処刑	しょけい	サ変接続	101	True
4461	出征	しゅっせい	サ変接続	101	False
4461	区内	くない	一般	136	True
4461	反命	はんめい	サ変接続	101	False
4461	収録	しゅうろく	サ変接続	101	False
4461	取得	しゅとく	サ変接続	101	True
4461	善感	ぜんかん	サ変接続	101	True
4461	嚇怒	かくど	サ変接続	101	False
4461	団結	だんけつ	サ変接続	101	True
4461	守備	しゅび	サ変接続	101	True
4461	得心	とくしん	サ変接続	101	True
4461	応募	おうぼ	サ変接続	101	False
4461	恐喝	きょうかつ	サ変接続	101	False
4461	懐中	かいちゅう	サ変接続	105	True
4461	成育	せいいく	サ変接続	101	True
4461	投身	とうしん	サ変接続	101	True
4461	拈出	ねんしゅつ	サ変接続	101	False
4461	捻出	ねんしゅつ	サ変接続	101	False
4461	接続	せつぞく	サ変接続	101	True
4461	提携	ていけい	サ変接続	101	False
4461	提議	ていぎ	サ変接続	101	False
4461	損害	そんがい	サ変接続	113	True
4461	摂取	せっしゅ	サ変接続	101	False
4461	改鋳	かいちゅう	サ変接続	101	False
4461	昏倒	こんとう	サ変接続	101	False
4461	東進	とうしん	サ変接続	101	True
4461	活躍	かつやく	サ変接続	101	True
4461	流会	りゅうかい	サ変接続	105	True
4461	消費	しょうひ	サ変接続	101	True
4461	減額	げんがく	サ変接続	110	True
4461	特選	とくせん	サ変接続	101	True
4461	相続	そうぞく	サ変接続	101	True
4461	看取	かんしゅ	サ変接続	101	True
4461	着岸	ちゃくがん	サ変接続	101	True
4461	私有	しゆう	サ変接続	101	True
4461	窃取	せっしゅ	サ変接続	101	False
4461	立案	りつあん	サ変接続	100	True
4461	策定	さくてい	サ変接続	101	True
4461	節酒	せっしゅ	サ変接続	101	False
4461	累計	るいけい	サ変接続	101	True
4461	結党	けっとう	サ変接続	101	True
4461	続行	ぞっこう	サ変接続	101	False
4461	聳立	しょうりつ	サ変接続	101	False
4461	肥大	ひだい	サ変接続	101	False
4461	自供	じきょう	サ変接続	101	True
4461	自決	じけつ	サ変接続	101	True
4461	補間	ほかん	サ変接続	101	True
4461	要約	ようやく	サ変接続	99	True
4461	諮問	しもん	サ変接続	101	False
4461	講話	こうわ	サ変接続	101	True
4461	赫怒	かくど	サ変接続	101	False
4461	連破	れんぱ	サ変接続	101	True
4461	選曲	せんきょく	サ変接続	101	True
4461	配管	はいかん	サ変接続	101	True
4461	配電	はいでん	サ変接続	101	True
4461	開化	かいか	サ変接続	101	True
4461	開局	かいきょく	サ変接続	101	True
4461	鳴謝	めいしゃ	サ変接続	101	False
4462	上納	じょうのう	サ変接続	101	False
4462	乱射	らんしゃ	サ変接続	101	True
4462	仮葬	かそう	サ変接続	101	False
4462	仮装	かそう	サ変接続	101	False
4462	休学	きゅうがく	サ変接続	101	True
4462	休演	きゅうえん	サ変接続	101	True
4462	償還	しょうかん	サ変接続	101	False
4462	先決	せんけつ	サ変接続	101	True
4462	入党	にゅうとう	サ変接続	101	True
4462	入所	にゅうしょ	サ変接続	101	True
4462	再任	さいにん	サ変接続	101	True
4462	出捐	しゅつえん	サ変接続	101	False
4462	別送	べっそう	サ変接続	101	True
4462	刷新	さっしん	サ変接続	101	False
4462	加餐	かさん	サ変接続	101	False
4462	半焼	はんしょう	サ変接続	101	True
4462	協約	きょうやく	サ変接続	101	True
4462	参入	さんにゅう	サ変接続	101	True
4462	参列	さんれつ	サ変接続	101	True
4462	増水	ぞうすい	サ変接続	101	True
4462	売春	ばいしゅん	サ変接続	101	True
4462	変遷	へんせん	サ変接続	101	False
4462	完備	かんび	サ変接続	101	True
4462	完売	かんばい	サ変接続	101	True
4462	定住	ていじゅう	サ変接続	101	True
4462	実証	じっしょう	サ変接続	101	True
4462	密閉	みっぺい	サ変接続	101	False
4462	封印	ふういん	サ変接続	101	True
4462	建立	こんりゅう	サ変接続	101	False
4462	弁明	べんめい	サ変接続	101	True
4462	後続	こうぞく	サ変接続	86	True
4462	復興	ふっこう	サ変接続	101	False
4462	悼惜	とうせき	サ変接続	101	False
4462	愛好	あいこう	サ変接続	101	True
4462	感電	かんでん	サ変接続	101	True
4462	投石	とうせき	サ変接続	101	True
4462	抗弁	こうべん	サ変接続	101	True
4462	採納	さいのう	サ変接続	101	False
4462	採譜	さいふ	サ変接続	101	True
4462	改定	かいてい	サ変接続	101	True
4462	放映	ほうえい	サ変接続	101	True
4462	救援	きゅうえん	サ変接続	101	False
4462	植樹	しょくじゅ	サ変接続	101	True
4462	欠損	けっそん	サ変接続	101	False
4462	毀損	きそん	サ変接続	101	False
4462	水葬	すいそう	サ変接続	101	True
4462	注水	ちゅうすい	サ変接続	101	True
4462	減数	げんすう	サ変接続	115	True
4462	特輯	とくしゅう	サ変接続	101	False
4462	現像	げんぞう	サ変接続	101	True
4462	直上	ちょくじょう	サ変接続	101	True
4462	空想	くうそう	サ変接続	101	True
4462	節約	せつやく	サ変接続	101	True
4462	続発	ぞくはつ	サ変接続	96	True
4462	脱毛	だつもう	サ変接続	101	True
4462	脱落	だつらく	サ変接続	101	True
4462	腐敗	ふはい	サ変接続	101	False
4462	自滅	じめつ	サ変接続	101	True
4462	自白	じはく	サ変接続	101	True
4462	自適	じてき	サ変接続	101	True
4462	行軍	こうぐん	サ変接続	101	True
4462	言明	げんめい	サ変接続	101	True
4462	診察	しんさつ	サ変接続	101	True
4462	貼用	ちょうよう	サ変接続	101	False
4462	転職	てんしょく	サ変接続	101	True
4462	転貸	てんたい	サ変接続	101	False
4462	追弔	ついちょう	サ変接続	101	True
4462	透析	とうせき	サ変接続	101	False
4462	連帯	れんたい	サ変接続	101	True
4462	進化	しんか	サ変接続	101	True
4462	配合	はいごう	サ変接続	101	True
4462	重用	ちょうよう	サ変接続	94	True
4462	量産	りょうさん	サ変接続	100	True
4462	閉院	へいいん	サ変接続	101	True
4462	関与	かんよ	サ変接続	101	False
4462	類焼	るいしょう	サ変接続	101	True
4462	鼎談	ていだん	サ変接続	101	False
4463	乱舞	らんぶ	サ変接続	101	False
4463	云云	うんぬん	サ変接続	101	False
4463	交合	こうごう	サ変接続	101	True
4463	依存	いぞん	サ変接続	73	True
4463	修理	しゅうり	サ変接続	86	True
4463	傷害	しょうがい	サ変接続	101	False
4463	充当	じゅうとう	サ変接続	101	False
4463	免除	めんじょ	サ変接続	101	True
4463	入渠	にゅうきょ	サ変接続	101	False
4463	入金	にゅうきん	サ変接続	116	True
4463	冬眠	とうみん	サ変接続	101	False
4463	出獄	しゅつごく	サ変接続	101	True
4463	到着	とうちゃく	サ変接続	101	False
4463	参照	さんしょう	サ変接続	101	False
4463	呪縛	じゅばく	サ変接続	101	False
4463	嘆願	たんがん	サ変接続	101	False
4463	執心	しゅうしん	サ変接続	101	False
4463	執行	しっこう	サ変接続	82	False
4463	填補	てんぽ	サ変接続	101	False
4463	変換	へんかん	サ変接続	101	True
4463	失跡	しっせき	サ変接続	101	False
4463	孤高	ここう	形容動詞語幹	113	True
4463	宿題	しゅくだい	サ変接続	115	False
4463	寄附	きふ	サ変接続	96	True
4463	就寝	しゅうしん	サ変接続	101	False
4463	就職	しゅうしょく	サ変接続	101	False
4463	帰属	きぞく	サ変接続	101	True
4463	延命	えんめい	サ変接続	101	False
4463	建都	けんと	サ変接続	99	False
4463	引証	いんしょう	サ変接続	101	True
4463	急変	きゅうへん	サ変接続	101	True
4463	悪用	あくよう	サ変接続	101	True
4463	扼殺	やくさつ	サ変接続	101	False
4463	担当	たんとう	サ変接続	101	True
4463	拝聴	はいちょう	サ変接続	101	False
4463	挙手	きょしゅ	サ変接続	100	True
4463	挽回	ばんかい	サ変接続	101	False
4463	操舵	そうだ	サ変接続	101	False
4463	政談	せいだん	サ変接続	115	True
4463	斉唱	せいしょう	サ変接続	101	False
4463	断線	だんせん	サ変接続	101	True
4463	暗殺	あんさつ	サ変接続	101	True
4463	植字	しょくじ	サ変接続	101	True
4463	検屍	けんし	サ変接続	101	False
4463	検死	けんし	サ変接続	101	True
4463	検索	けんさく	サ変接続	101	True
4463	標記	ひょうき	サ変接続	101	False
4463	欠如	けつじょ	サ変接続	101	True
4463	歎願	たんがん	サ変接続	101	False
4463	氷解	ひょうかい	サ変接続	101	False
4463	泥酔	でいすい	サ変接続	101	False
4463	注力	ちゅうりょく	サ変接続	101	True
4463	注解	ちゅうかい	サ変接続	101	True
4463	洗礼	せんれい	サ変接続	115	True
4463	涜職	とくしょく	サ変接続	101	False
4463	満了	まんりょう	サ変接続	101	False
4463	満腹	まんぷく	サ変接続	101	False
4463	無心	むしん	サ変接続	99	True
4463	焦燥	しょうそう	サ変接続	101	False
4463	焦躁	しょうそう	サ変接続	101	False
4463	焼失	しょうしつ	サ変接続	101	True
4463	率先	そっせん	サ変接続	101	False
4463	発信	はっしん	サ変接続	101	True
4463	発祥	はっしょう	サ変接続	101	False
4463	登頂	とうちょう	サ変接続	83	False
4463	的中	てきちゅう	サ変接続	100	True
4463	直交	ちょっこう	サ変接続	101	False
4463	直感	ちょっかん	サ変接続	101	False
4463	直流	ちょくりゅう	サ変接続	101	True
4463	直航	ちょっこう	サ変接続	101	False
4463	直諌	ちょっかん	サ変接続	101	False
4463	着任	ちゃくにん	サ変接続	101	True
4463	矛盾	むじゅん	サ変接続	101	False
4463	破門	はもん	サ変接続	101	True
4463	符合	ふごう	サ変接続	101	True
4463	筆記	ひっき	サ変接続	101	False
4463	算入	さんにゅう	サ変接続	101	True
4463	精進	しょうじん	サ変接続	101	False
4463	絶望	ぜつぼう	サ変接続	101	False
4463	耳語	じご	サ変接続	101	True
4463	脱獄	だつごく	サ変接続	101	True
4463	臨検	りんけん	サ変接続	101	True
4463	自讚	じさん	サ変接続	101	False
4463	蔓延	まんえん	サ変接続	101	False
4463	裁量	さいりょう	サ変接続	101	True
4463	親和	しんわ	サ変接続	101	True
4463	言及	げんきゅう	サ変接続	101	False
4463	訪英	ほうえい	サ変接続	101	False
4463	註解	ちゅうかい	サ変接続	101	False
4463	謹撰	きんせん	サ変接続	101	False
4463	謹選	きんせん	サ変接続	101	False
4463	賦与	ふよ	サ変接続	101	False
4463	赤面	せきめん	サ変接続	101	True
4463	越冬	えっとう	サ変接続	101	False
4463	転出	てんしゅつ	サ変接続	101	True
4463	転補	てんぽ	サ変接続	101	False
4463	近接	きんせつ	サ変接続	101	True
4463	退廃	たいはい	サ変接続	101	True
4463	通院	つういん	サ変接続	101	True
4463	速報	そくほう	サ変接続	96	True
4463	造成	ぞうせい	サ変接続	101	True
4463	進展	しんてん	サ変接続	101	True
4463	違反	いはん	サ変接続	101	True
4463	選定	せんてい	サ変接続	101	True
4463	遺言	ゆいごん	サ変接続	91	False
4463	酷評	こくひょう	サ変接続	101	True
4463	開墾	かいこん	サ変接続	101	False
4463	附与	ふよ	サ変接続	101	False
4463	附録	ふろく	サ変接続	101	True
4463	集散	しゅうさん	サ変接続	101	True
4463	雑居	ざっきょ	サ変接続	101	False
4463	頽廃	たいはい	サ変接続	101	False
4463	風刺	ふうし	サ変接続	101	True
4464	上程	じょうてい	サ変接続	101	False
4464	乗務	じょうむ	サ変接続	101	True
4464	乗車	じょうしゃ	サ変接続	90	True
4464	乱発	らんぱつ	サ変接続	101	True
4464	了承	りょうしょう	サ変接続	101	False
4464	休部	きゅうぶ	サ変接続	101	True
4464	低減	ていげん	サ変接続	101	True
4464	体認	たいにん	サ変接続	101	True
4464	修復	しゅうふく	サ変接続	101	True
4464	偏重	へんちょう	サ変接続	101	True
4464	傍聴	ぼうちょう	サ変接続	101	False
4464	入籍	にゅうせき	サ変接続	101	True
4464	共起	きょうき	サ変接続	101	True
4464	具申	ぐしん	サ変接続	101	False
4464	内申	ないしん	サ変接続	101	False
4464	再演	さいえん	サ変接続	101	True
4464	再縁	さいえん	サ変接続	101	True
4464	処方	しょほう	サ変接続	101	True
4464	出向	しゅっこう	サ変接続	102	False
4464	出港	しゅっこう	サ変接続	101	False
4464	分譲	ぶんじょう	サ変接続	101	False
4464	創作	そうさく	サ変接続	101	False
4464	助奏	じょそう	サ変接続	101	True
4464	助走	じょそう	サ変接続	101	True
4464	協演	きょうえん	サ変接続	101	True
4464	収容	しゅうよう	サ変接続	101	False
4464	吃驚	びっくり	サ変接続	96	False
4464	品評	ひんぴょう	サ変接続	101	False
4464	善処	ぜんしょ	サ変接続	101	True
4464	嘲笑	ちょうしょう	サ変接続	101	False
4464	堅守	けんしゅ	サ変接続	101	True
4464	増販	ぞうはん	サ変接続	101	True
4464	売却	ばいきゃく	サ変接続	101	False
4464	外注	がいちゅう	サ変接続	101	True
4464	奠都	てんと	サ変接続	101	False
4464	女装	じょそう	サ変接続	101	False
4464	季節	きせつ	一般	115	True
4464	学問	がくもん	サ変接続	101	True
4464	安置	あんち	サ変接続	101	True
4464	実写	じっしゃ	サ変接続	101	True
4464	実装	じっそう	サ変接続	101	False
4464	寄託	きたく	サ変接続	101	True
4464	密集	みっしゅう	サ変接続	101	False
4464	左折	させつ	サ変接続	110	True
4464	往復	おうふく	サ変接続	101	True
4464	待望	たいぼう	サ変接続	101	False
4464	復仇	ふっきゅう	サ変接続	101	True
4464	徴収	ちょうしゅう	サ変接続	101	False
4464	徴集	ちょうしゅう	サ変接続	101	True
4464	懐胎	かいたい	サ変接続	101	False
4464	戒飭	かいしょく	サ変接続	101	False
4464	打開	だかい	サ変接続	101	True
4464	拐帯	かいたい	サ変接続	101	False
4464	拝顔	はいがん	サ変接続	101	False
4464	昇級	しょうきゅう	サ変接続	101	False
4464	服喪	ふくも	サ変接続	103	True
4464	来館	らいかん	サ変接続	112	True
4464	校合	きょうごう	サ変接続	101	False
4464	模造	もぞう	サ変接続	101	True
4464	死去	しきょ	サ変接続	101	True
4464	決行	けっこう	サ変接続	101	True
4464	沈滞	ちんたい	サ変接続	101	False
4464	浚渫	しゅんせつ	サ変接続	101	False
4464	海蝕	かいしょく	サ変接続	101	False
4464	海食	かいしょく	サ変接続	101	True
4464	消滅	しょうめつ	サ変接続	101	True
4464	深化	しんか	サ変接続	101	True
4464	添削	てんさく	サ変接続	101	False
4464	渋滞	じゅうたい	サ変接続	101	False
4464	温存	おんぞん	サ変接続	101	False
4464	滞京	たいきょう	サ変接続	101	False
4464	滞在	たいざい	サ変接続	101	False
4464	物納	ぶつのう	サ変接続	101	False
4464	特進	とくしん	サ変接続	101	True
4464	狂喜	きょうき	サ変接続	101	True
4464	献呈	けんてい	サ変接続	101	False
4464	画策	かくさく	サ変接続	101	True
4464	発走	はっそう	サ変接続	101	True
4464	発送	はっそう	サ変接続	101	True
4464	登攀	とうはん	サ変接続	101	False
4464	研学	けんがく	サ変接続	101	False
4464	確信	かくしん	サ変接続	101	True
4464	神化	しんか	サ変接続	101	True
4464	立証	りっしょう	サ変接続	101	False
4464	競合	きょうごう	サ変接続	101	False
4464	競演	きょうえん	サ変接続	101	False
4464	筆談	ひつだん	サ変接続	101	True
4464	答礼	とうれい	サ変接続	101	True
4464	節税	せつぜい	サ変接続	101	True
4464	精錬	せいれん	サ変接続	101	False
4464	納品	のうひん	サ変接続	101	False
4464	絶賛	ぜっさん	サ変接続	101	True
4464	缺場	けつじょう	サ変接続	101	False
4464	翻弄	ほんろう	サ変接続	101	False
4464	聴聞	ちょうもん	サ変接続	101	False
4464	自失	じしつ	サ変接続	101	True
4464	落掌	らくしょう	サ変接続	101	False
4464	蓄蔵	ちくぞう	サ変接続	101	False
4464	複合	ふくごう	サ変接続	91	True
4464	規定	きてい	サ変接続	101	True
4464	解禁	かいきん	サ変接続	101	True
4464	詩作	しさく	サ変接続	101	True
4464	諒承	りょうしょう	サ変接続	101	False
4464	諒解	りょうかい	サ変接続	101	True
4464	譲歩	じょうほ	サ変接続	101	False
4464	財投	ざいとう	サ変接続	115	True
4464	超過	ちょうか	サ変接続	101	True
4464	軽食	けいしょく	サ変接続	112	True
4464	退京	たいきょう	サ変接続	101	False
4464	連行	れんこう	サ変接続	102	True
4464	遊離	ゆうり	サ変接続	101	True
4464	遵守	じゅんしゅ	サ変接続	101	False
4464	還付	かんぷ	サ変接続	101	False
4464	配色	はいしょく	サ変接続	101	True
4464	野宿	のじゅく	サ変接続	96	False
4464	量定	りょうてい	サ変接続	101	True
4464	長嘯	ちょうしょう	サ変接続	101	False
4464	開平	かいへい	サ変接続	101	True
4464	開廷	かいてい	サ変接続	101	False
4464	開立	かいりゅう	サ変接続	101	False
4464	開門	かいもん	サ変接続	101	True
4464	開閉	かいへい	サ変接続	91	True
4464	防御	ぼうぎょ	サ変接続	101	True
4464	防災	ぼうさい	サ変接続	106	False
4464	除雪	じょせつ	サ変接続	101	True
4464	陳情	ちんじょう	サ変接続	101	False
4464	集積	しゅうせき	サ変接続	101	True
4464	領会	りょうかい	サ変接続	101	False
4464	領承	りょうしょう	サ変接続	101	False
4464	領掌	りょうしょう	サ変接続	101	False
4464	領解	りょうかい	サ変接続	101	False
4464	顕在	けんざい	サ変接続	101	False
4464	飛散	ひさん	サ変接続	101	True
4464	養生	ようじょう	サ変接続	101	False
4464	驚喜	きょうき	サ変接続	101	False
4465	並行	へいこう	サ変接続	96	False
4465	丹精	たんせい	サ変接続	101	False
4465	主演	しゅえん	サ変接続	101	True
4465	乾燥	かんそう	サ変接続	101	False
4465	享有	きょうゆう	サ変接続	101	False
4465	介在	かいざい	サ変接続	101	True
4465	介護	かいご	サ変接続	101	True
4465	任命	にんめい	サ変接続	101	False
4465	休戦	きゅうせん	サ変接続	101	True
4465	伝播	でんぱ	サ変接続	92	False
4465	作成	さくせい	サ変接続	101	True
4465	作製	さくせい	サ変接続	101	True
4465	克服	こくふく	サ変接続	101	False
4465	免税	めんぜい	サ変接続	101	True
4465	入局	にゅうきょく	サ変接続	101	True
4465	公売	こうばい	サ変接続	101	True
4465	公許	こうきょ	サ変接続	101	True
4465	共催	きょうさい	サ変接続	101	False
4465	兼勤	けんきん	サ変接続	101	False
4465	内助	ないじょ	サ変接続	101	True
4465	再刊	さいかん	サ変接続	101	True
4465	写生	しゃせい	サ変接続	101	True
4465	冷遇	れいぐう	サ変接続	101	True
4465	処断	しょだん	サ変接続	101	True
4465	出没	しゅつぼつ	サ変接続	101	True
4465	出題	しゅつだい	サ変接続	101	True
4465	分断	ぶんだん	サ変接続	101	True
4465	制圧	せいあつ	サ変接続	101	True
4465	刺繍	ししゅう	サ変接続	101	False
4465	創発	そうはつ	サ変接続	101	False
4465	創立	そうりつ	サ変接続	101	False
4465	力説	りきせつ	サ変接続	101	True
4465	厚着	あつぎ	サ変接続	108	False
4465	厳探	げんたん	サ変接続	101	False
4465	参府	さんぷ	サ変接続	101	False
4465	反目	はんもく	サ変接続	101	True
4465	反落	はんらく	サ変接続	101	True
4465	反覆	はんぷく	サ変接続	101	False
4465	収用	しゅうよう	サ変接続	101	False
4465	取材	しゅざい	サ変接続	101	True
4465	口外	こうがい	サ変接続	102	True
4465	周延	しゅうえん	サ変接続	101	False
4465	呼号	こごう	サ変接続	101	True
4465	増刷	ぞうさつ	サ変接続	101	True
4465	増進	ぞうしん	サ変接続	101	True
4465	増配	ぞうはい	サ変接続	101	True
4465	増量	ぞうりょう	サ変接続	101	True
4465	変身	へんしん	サ変接続	101	True
4465	大別	たいべつ	サ変接続	101	True
4465	失望	しつぼう	サ変接続	101	False
4465	失権	しっけん	サ変接続	101	False
4465	失錯	しっさく	サ変接続	101	False
4465	奉呈	ほうてい	サ変接続	101	False
4465	奉戴	ほうたい	サ変接続	101	False
4465	好防	こうぼう	サ変接続	None	True
4465	媾和	こうわ	サ変接続	101	False
4465	嬉戯	きぎ	サ変接続	101	False
4465	孤立	こりつ	サ変接続	101	True
4465	安眠	あんみん	サ変接続	101	False
4465	完歩	かんぽ	サ変接続	101	True
4465	完走	かんそう	サ変接続	101	True
4465	密奏	みっそう	サ変接続	101	False
4465	密猟	みつりょう	サ変接続	101	True
4465	密談	みつだん	サ変接続	101	True
4465	密送	みっそう	サ変接続	101	False
4465	封鎖	ふうさ	サ変接続	101	False
4465	帰休	ききゅう	サ変接続	101	True
4465	帰着	きちゃく	サ変接続	101	True
4465	弁済	べんさい	サ変接続	101	True
4465	復位	ふくい	サ変接続	101	True
4465	復業	ふくぎょう	サ変接続	101	True
4465	徴税	ちょうぜい	サ変接続	101	True
4465	心酔	しんすい	サ変接続	101	False
4465	急進	きゅうしん	サ変接続	101	True
4465	意識	いしき	サ変接続	101	False
4465	慢心	まんしん	サ変接続	101	False
4465	慰問	いもん	サ変接続	101	True
4465	慷慨	こうがい	サ変接続	101	False
4465	懐妊	かいにん	サ変接続	101	False
4465	戦歿	せんぼつ	サ変接続	101	False
4465	打破	だは	サ変接続	101	True
4465	扣除	こうじょ	サ変接続	101	False
4465	投入	とうにゅう	サ変接続	101	True
4465	抗拒	こうきょ	サ変接続	101	False
4465	折半	せっぱん	サ変接続	101	False
4465	指南	しなん	サ変接続	101	True
4465	挙用	きょよう	サ変接続	101	True
4465	捧呈	ほうてい	サ変接続	101	False
4465	据付	すえつけ	サ変接続	106	False
4465	授受	じゅじゅ	サ変接続	101	False
4465	掠奪	りゃくだつ	サ変接続	101	False
4465	接客	せっきゃく	サ変接続	101	True
4465	換算	かんさん	サ変接続	101	True
4465	援助	えんじょ	サ変接続	97	True
4465	損傷	そんしょう	サ変接続	101	False
4465	撒布	さんぷ	サ変接続	92	False
4465	改心	かいしん	サ変接続	101	True
4465	改悪	かいあく	サ変接続	101	True
4465	攻撃	こうげき	サ変接続	101	True
4465	放置	ほうち	サ変接続	101	True
4465	放言	ほうげん	サ変接続	101	True
4465	放鳥	ほうちょう	サ変接続	101	True
4465	敗北	はいぼく	サ変接続	101	False
4465	教練	きょうれん	サ変接続	101	False
4465	断念	だんねん	サ変接続	101	True
4465	断絶	だんぜつ	サ変接続	101	False
4465	昇段	しょうだん	サ変接続	101	False
4465	昇給	しょうきゅう	サ変接続	101	False
4465	明言	めいげん	サ変接続	101	True
4465	昼寝	ひるね	サ変接続	96	False
4465	服用	ふくよう	サ変接続	101	True
4465	来店	らいてん	サ変接続	104	True
4465	東漸	とうぜん	サ変接続	101	False
4465	栄転	えいてん	サ変接続	101	True
4465	検挙	けんきょ	サ変接続	101	True
4465	検査	けんさ	サ変接続	98	True
4465	検診	けんしん	サ変接続	101	True
4465	歓送	かんそう	サ変接続	101	True
4465	氷結	ひょうけつ	サ変接続	101	False
4465	永住	えいじゅう	サ変接続	101	False
4465	派遣	はけん	サ変接続	100	False
4465	流失	りゅうしつ	サ変接続	101	True
4465	浸水	しんすい	サ変接続	101	False
4465	清書	せいしょ	サ変接続	101	True
4465	減石	げんこく	サ変接続	101	True
4465	渡来	とらい	サ変接続	101	True
4465	溯江	そこう	サ変接続	101	False
4465	溯行	そこう	サ変接続	101	False
4465	漂失	ひょうしつ	サ変接続	101	False
4465	潜没	せんぼつ	サ変接続	101	False
4465	濫用	らんよう	サ変接続	101	False
4465	煮物	にもの	サ変接続	122	False
4465	独創	どくそう	サ変接続	101	False
4465	現出	げんしゅつ	サ変接続	101	True
4465	生害	しょうがい	サ変接続	101	True
4465	皆済	かいさい	サ変接続	101	True
4465	盲従	もうじゅう	サ変接続	101	False
4465	研摩	けんま	サ変接続	101	False
4465	破綻	はたん	サ変接続	101	False
4465	社告	しゃこく	サ変接続	101	True
4465	禁欲	きんよく	サ変接続	101	True
4465	禁烟	きんえん	サ変接続	101	False
4465	移民	いみん	サ変接続	101	False
4465	移用	いよう	サ変接続	101	False
4465	稟請	りんせい	サ変接続	101	False
4465	稼働	かどう	サ変接続	101	False
4465	稼動	かどう	サ変接続	101	False
4465	空転	くうてん	サ変接続	101	True
4465	競作	きょうさく	サ変接続	101	False
4465	笑納	しょうのう	サ変接続	101	False
4465	策略	さくりゃく	サ変接続	115	True
4465	終演	しゅうえん	サ変接続	101	True
4465	結審	けっしん	サ変接続	101	False
4465	絞殺	こうさつ	サ変接続	79	False
4465	維持	いじ	サ変接続	101	False
4465	締結	ていけつ	サ変接続	101	False
4465	編成	へんせい	サ変接続	92	True
4465	練習	れんしゅう	サ変接続	101	False
4465	翻刻	ほんこく	サ変接続	101	False
4465	脱退	だったい	サ変接続	101	True
4465	自立	じりつ	サ変接続	99	True
4465	自覚	じかく	サ変接続	101	False
4465	草食	そうしょく	サ変接続	101	True
4465	薨去	こうきょ	サ変接続	101	False
4465	行商	ぎょうしょう	サ変接続	94	True
4465	裁断	さいだん	サ変接続	101	True
4465	記入	きにゅう	サ変接続	101	True
4465	記述	きじゅつ	サ変接続	101	True
4465	訪台	ほうたい	サ変接続	101	False
4465	訪朝	ほうちょう	サ変接続	69	False
4465	診断	しんだん	サ変接続	101	True
4465	診査	しんさ	サ変接続	101	True
4465	詳言	しょうげん	サ変接続	101	False
4465	講和	こうわ	サ変接続	101	True
4465	議了	ぎりょう	サ変接続	101	False
4465	貧血	ひんけつ	サ変接続	101	False
4465	購買	こうばい	サ変接続	101	False
4465	越年	えつねん	サ変接続	96	False
4465	転学	てんがく	サ変接続	101	True
4465	転載	てんさい	サ変接続	101	True
4465	迫害	はくがい	サ変接続	101	True
4465	追尾	ついび	サ変接続	101	True
4465	退職	たいしょく	サ変接続	101	True
4465	通告	つうこく	サ変接続	101	True
4465	造立	ぞうりゅう	サ変接続	102	False
4465	連発	れんぱつ	サ変接続	99	True
4465	進水	しんすい	サ変接続	101	True
4465	遅延	ちえん	サ変接続	101	False
4465	運休	うんきゅう	サ変接続	101	True
4465	過信	かしん	サ変接続	101	True
4465	遡江	そこう	サ変接続	101	False
4465	遡行	そこう	サ変接続	101	False
4465	還元	かんげん	サ変接続	101	False
4465	還送	かんそう	サ変接続	101	False
4465	配信	はいしん	サ変接続	101	True
4465	配慮	はいりょ	サ変接続	101	False
4465	開演	かいえん	サ変接続	101	True
4465	闊歩	かっぽ	サ変接続	101	False
4465	陳謝	ちんしゃ	サ変接続	101	False
4465	集合	しゅうごう	サ変接続	91	True
4465	離婚	りこん	サ変接続	102	True
4465	離縁	りえん	サ変接続	101	True
4465	霊化	れいか	サ変接続	101	True
4465	露出	ろしゅつ	サ変接続	100	True
4465	露骨	ろこつ	形容動詞語幹	120	True
4465	麻酔	ますい	サ変接続	101	False
4466	上演	じょうえん	サ変接続	101	True
4466	下校	げこう	サ変接続	101	True
4466	下請	したうけ	サ変接続	108	False
4466	並立	へいりつ	サ変接続	101	False
4466	乗船	じょうせん	サ変接続	101	True
4466	乱立	らんりつ	サ変接続	101	True
4466	代筆	だいひつ	サ変接続	101	True
4466	仲裁	ちゅうさい	サ変接続	101	False
4466	企図	きと	サ変接続	101	True
4466	休廷	きゅうてい	サ変接続	101	False
4466	休心	きゅうしん	サ変接続	101	True
4466	休神	きゅうしん	サ変接続	101	True
4466	休診	きゅうしん	サ変接続	101	True
4466	伸展	しんてん	サ変接続	101	False
4466	低吟	ていぎん	サ変接続	101	False
4466	低迷	ていめい	サ変接続	101	False
4466	体現	たいげん	サ変接続	102	True
4466	作詞	さくし	サ変接続	101	True
4466	併行	へいこう	サ変接続	96	False
4466	併走	へいそう	サ変接続	101	False
4466	供出	きょうしゅつ	サ変接続	101	True
4466	侵害	しんがい	サ変接続	101	True
4466	係属	けいぞく	サ変接続	101	False
4466	保釈	ほしゃく	サ変接続	101	False
4466	信頼	しんらい	サ変接続	98	False
4466	修繕	しゅうぜん	サ変接続	101	False
4466	修飾	しゅうしょく	サ変接続	101	False
4466	修養	しゅうよう	サ変接続	101	False
4466	借金	しゃっきん	サ変接続	101	False
4466	偏心	へんしん	サ変接続	101	True
4466	停戦	ていせん	サ変接続	101	True
4466	停滞	ていたい	サ変接続	101	False
4466	傍観	ぼうかん	サ変接続	101	False
4466	允可	いんか	サ変接続	101	False
4466	入植	にゅうしょく	サ変接続	101	True
4466	入湯	にゅうとう	サ変接続	101	False
4466	入荷	にゅうか	サ変接続	101	False
4466	入隊	にゅうたい	サ変接続	101	True
4466	公募	こうぼ	サ変接続	101	False
4466	兼務	けんむ	サ変接続	101	True
4466	兼営	けんえい	サ変接続	120	True
4466	内祝	うちいわい	サ変接続	122	False
4466	内診	ないしん	サ変接続	101	True
4466	再拝	さいはい	サ変接続	101	True
4466	凍結	とうけつ	サ変接続	101	False
4466	出動	しゅつどう	サ変接続	101	True
4466	出国	しゅっこく	サ変接続	103	False
4466	出塁	しゅつるい	サ変接続	101	True
4466	出稿	しゅっこう	サ変接続	101	False
4466	出穂	しゅつほ	サ変接続	94	True
4466	出精	しゅっせい	サ変接続	101	False
4466	出納	すいとう	サ変接続	101	False
4466	出航	しゅっこう	サ変接続	101	False
4466	分乗	ぶんじょう	サ変接続	101	True
4466	分岐	ぶんき	サ変接続	101	False
4466	分担	ぶんたん	サ変接続	101	True
4466	分裂	ぶんれつ	サ変接続	101	False
4466	切断	せつだん	サ変接続	65	True
4466	切腹	せっぷく	サ変接続	101	False
4466	切除	せつじょ	サ変接続	101	True
4466	初演	しょえん	サ変接続	101	True
4466	判別	はんべつ	サ変接続	101	True
4466	到来	とうらい	サ変接続	101	False
4466	削除	さくじょ	サ変接続	101	True
4466	剪定	せんてい	サ変接続	101	False
4466	創出	そうしゅつ	サ変接続	101	False
4466	創設	そうせつ	サ変接続	101	False
4466	加給	かきゅう	サ変接続	101	True
4466	助演	じょえん	サ変接続	101	True
4466	励起	れいき	サ変接続	101	False
4466	勇断	ゆうだん	サ変接続	101	True
4466	勉学	べんがく	サ変接続	101	True
4466	勘弁	かんべん	サ変接続	101	True
4466	募金	ぼきん	サ変接続	101	False
4466	勤務	きんむ	サ変接続	101	False
4466	包囲	ほうい	サ変接続	101	False
4466	包括	ほうかつ	サ変接続	101	False
4466	匹敵	ひってき	サ変接続	101	False
4466	印加	いんか	サ変接続	101	True
4466	印可	いんか	サ変接続	101	True
4466	印字	いんじ	サ変接続	101	True
4466	即断	そくだん	サ変接続	101	True
4466	厳命	げんめい	サ変接続	101	False
4466	反応	はんのう	サ変接続	101	False
4466	反抗	はんこう	サ変接続	101	True
4466	反撃	はんげき	サ変接続	101	True
4466	反攻	はんこう	サ変接続	101	True
4466	反証	はんしょう	サ変接続	101	True
4466	叙説	じょせつ	サ変接続	101	True
4466	叙述	じょじゅつ	サ変接続	101	True
4466	召喚	しょうかん	サ変接続	101	False
4466	召還	しょうかん	サ変接続	101	False
4466	叱責	しっせき	サ変接続	101	False
4466	合併	がっぺい	サ変接続	101	False
4466	合唱	がっしょう	サ変接続	101	False
4466	合宿	がっしゅく	サ変接続	101	False
4466	合掌	がっしょう	サ変接続	101	False
4466	合祀	ごうし	サ変接続	101	False
4466	合資	ごうし	サ変接続	115	True
4466	同道	どうどう	サ変接続	101	True
4466	君臨	くんりん	サ変接続	101	True
4466	告白	こくはく	サ変接続	101	True
4466	嘆称	たんしょう	サ変接続	101	False
4466	嘆賞	たんしょう	サ変接続	101	False
4466	嘲弄	ちょうろう	サ変接続	101	False
4466	回収	かいしゅう	サ変接続	101	False
4466	回心	かいしん	サ変接続	101	True
4466	回申	かいしん	サ変接続	101	False
4466	回診	かいしん	サ変接続	101	True
4466	回遊	かいゆう	サ変接続	101	True
4466	固守	こしゅ	サ変接続	101	False
4466	在留	ざいりゅう	サ変接続	101	False
4466	在籍	ざいせき	サ変接続	101	True
4466	執筆	しっぴつ	サ変接続	101	False
4466	堆積	たいせき	サ変接続	101	False
4466	報知	ほうち	サ変接続	80	True
4466	増補	ぞうほ	サ変接続	101	True
4466	変心	へんしん	サ変接続	101	True
4466	変調	へんちょう	サ変接続	93	True
4466	変造	へんぞう	サ変接続	101	True
4466	変針	へんしん	サ変接続	101	False
4466	外征	がいせい	サ変接続	101	True
4466	夢想	むそう	サ変接続	101	False
4466	失効	しっこう	サ変接続	101	False
4466	失恋	しつれん	サ変接続	101	False
4466	奉献	ほうけん	サ変接続	101	False
4466	嫉妬	しっと	サ変接続	101	False
4466	嫌煙	けんえん	サ変接続	115	False
4466	実在	じつざい	サ変接続	96	True
4466	宥和	ゆうわ	サ変接続	101	False
4466	宰領	さいりょう	サ変接続	101	False
4466	寄留	きりゅう	サ変接続	101	False
4466	密封	みっぷう	サ変接続	101	False
4466	密行	みっこう	サ変接続	101	False
4466	専決	せんけつ	サ変接続	101	False
4466	就役	しゅうえき	サ変接続	101	False
4466	尾行	びこう	サ変接続	85	True
4466	展覧	てんらん	サ変接続	101	True
4466	山積	さんせき	サ変接続	101	True
4466	巡回	じゅんかい	サ変接続	101	True
4466	帰京	ききょう	サ変接続	101	False
4466	帰結	きけつ	サ変接続	101	True
4466	帰郷	ききょう	サ変接続	101	False
4466	帰陣	きじん	サ変接続	101	True
4466	常設	じょうせつ	サ変接続	101	False
4466	干与	かんよ	サ変接続	101	False
4466	平衡	へいこう	サ変接続	96	True
4466	広広	ひろびろ	サ変接続	138	False
4466	廃刊	はいかん	サ変接続	101	True
4466	廃合	はいごう	サ変接続	101	True
4466	廃朝	はいちょう	サ変接続	101	True
4466	廓清	かくせい	サ変接続	101	False
4466	建国	けんこく	サ変接続	101	False
4466	弔問	ちょうもん	サ変接続	101	True
4466	引火	いんか	サ変接続	101	True
4466	弾劾	だんがい	サ変接続	101	False
4466	弾奏	だんそう	サ変接続	101	True
4466	復交	ふっこう	サ変接続	101	True
4466	復号	ふくごう	サ変接続	101	True
4466	復航	ふっこう	サ変接続	101	True
4466	微少	びしょう	形容動詞語幹	121	True
4466	思索	しさく	サ変接続	115	True
4466	恐怖	きょうふ	サ変接続	101	False
4466	恵与	けいよ	サ変接続	101	False
4466	惨殺	ざんさつ	サ変接続	101	False
4466	愁訴	しゅうそ	サ変接続	101	False
4466	愛用	あいよう	サ変接続	101	True
4466	感服	かんぷく	サ変接続	101	False
4466	感銘	かんめい	サ変接続	101	True
4466	懸念	けねん	サ変接続	101	False
4466	懸隔	けんかく	サ変接続	101	True
4466	懺悔	ざんげ	サ変接続	101	False
4466	戒心	かいしん	サ変接続	101	True
4466	戒慎	かいしん	サ変接続	101	False
4466	手記	しゅき	サ変接続	101	True
4466	打診	だしん	サ変接続	101	True
4466	抑留	よくりゅう	サ変接続	101	False
4466	投与	とうよ	サ変接続	101	False
4466	投影	とうえい	サ変接続	101	False
4466	折衝	せっしょう	サ変接続	101	False
4466	抛棄	ほうき	サ変接続	101	True
4466	抵抗	ていこう	サ変接続	102	False
4466	担任	たんにん	サ変接続	101	True
4466	招喚	しょうかん	サ変接続	101	False
4466	招待	しょうたい	サ変接続	101	False
4466	拝観	はいかん	サ変接続	101	True
4466	拡声	かくせい	サ変接続	115	False
4466	持続	じぞく	サ変接続	101	True
4466	振動	しんどう	サ変接続	101	True
4466	捏造	ねつぞう	サ変接続	101	False
4466	採択	さいたく	サ変接続	101	True
4466	探勝	たんしょう	サ変接続	101	False
4466	接待	せったい	サ変接続	100	True
4466	接触	せっしょく	サ変接続	101	False
4466	掲載	けいさい	サ変接続	101	False
4466	提唱	ていしょう	サ変接続	101	False
4466	提訴	ていそ	サ変接続	101	False
4466	握手	あくしゅ	サ変接続	101	False
4466	摸造	もぞう	サ変接続	101	False
4466	撮影	さつえい	サ変接続	101	False
4466	改修	かいしゅう	サ変接続	101	True
4466	改変	かいへん	サ変接続	101	True
4466	攻略	こうりゃく	サ変接続	101	True
4466	放棄	ほうき	サ変接続	101	True
4466	敗退	はいたい	サ変接続	101	True
4466	教示	きょうじ	サ変接続	94	True
4466	断定	だんてい	サ変接続	101	True
4466	断罪	だんざい	サ変接続	101	True
4466	断行	だんこう	サ変接続	101	True
4466	施策	しさく	サ変接続	115	True
4466	施米	せまい	サ変接続	101	True
4466	早寝	はやね	サ変接続	108	False
4466	普及	ふきゅう	サ変接続	101	False
4466	暗示	あんじ	サ変接続	101	True
4466	暗誦	あんしょう	サ変接続	101	False
4466	暗転	あんてん	サ変接続	101	True
4466	来場	らいじょう	サ変接続	101	True
4466	来朝	らいちょう	サ変接続	102	True
4466	来聴	らいちょう	サ変接続	101	False
4466	来観	らいかん	サ変接続	101	True
4466	来院	らいいん	サ変接続	101	True
4466	根治	こんじ	サ変接続	101	True
4466	根絶	こんぜつ	サ変接続	101	False
4466	植林	しょくりん	サ変接続	101	True
4466	欠航	けっこう	サ変接続	101	False
4466	歎称	たんしょう	サ変接続	101	False
4466	正坐	せいざ	サ変接続	101	False
4466	正座	せいざ	サ変接続	101	True
4466	死別	しべつ	サ変接続	101	True
4466	死守	ししゅ	サ変接続	101	True
4466	残塁	ざんるい	サ変接続	101	True
4466	残害	ざんがい	サ変接続	101	True
4466	残留	ざんりゅう	サ変接続	101	False
4466	汎称	はんしょう	サ変接続	101	False
4466	決裂	けつれつ	サ変接続	101	False
4466	決起	けっき	サ変接続	101	True
4466	決闘	けっとう	サ変接続	101	False
4466	油断	ゆだん	サ変接続	101	True
4466	洗顔	せんがん	サ変接続	101	False
4466	流浪	るろう	サ変接続	101	False
4466	流転	るてん	サ変接続	101	True
4466	浄写	じょうしゃ	サ変接続	101	False
4466	消失	しょうしつ	サ変接続	101	True
4466	消尽	しょうじん	サ変接続	101	False
4466	消毒	しょうどく	サ変接続	101	True
4466	減収	げんしゅう	サ変接続	101	False
4466	減水	げんすい	サ変接続	101	True
4466	満喫	まんきつ	サ変接続	101	False
4466	満悦	まんえつ	サ変接続	101	True
4466	溯源	さくげん	サ変接続	101	False
4466	激励	げきれい	サ変接続	101	False
4466	濫発	らんぱつ	サ変接続	101	False
4466	点滴	てんてき	サ変接続	115	True
4466	焚火	たきび	サ変接続	108	False
4466	焼尽	しょうじん	サ変接続	101	False
4466	照準	しょうじゅん	サ変接続	101	False
4466	熟知	じゅくち	サ変接続	101	True
4466	熱望	ねつぼう	サ変接続	101	False
4466	版行	はんこう	サ変接続	101	True
4466	特筆	とくひつ	サ変接続	101	True
4466	特薦	とくせん	サ変接続	101	False
4466	狎昵	こうじつ	サ変接続	101	False
4466	独走	どくそう	サ変接続	101	True
4466	猛省	もうせい	サ変接続	101	False
4466	献策	けんさく	サ変接続	101	False
4466	献詠	けんえい	サ変接続	101	False
4466	理髪	りはつ	サ変接続	101	True
4466	生滅	しょうめつ	サ変接続	101	True
4466	男装	だんそう	サ変接続	101	False
4466	畏敬	いけい	サ変接続	101	False
4466	痛飲	つういん	サ変接続	101	True
4466	発振	はっしん	サ変接続	101	True
4466	発掘	はっくつ	サ変接続	101	False
4466	発明	はつめい	サ変接続	96	True
4466	発火	はっか	サ変接続	101	True
4466	発疹	はっしん	サ変接続	101	False
4466	登庁	とうちょう	サ変接続	101	True
4466	皆勤	かいきん	サ変接続	101	False
4466	盗聴	とうちょう	サ変接続	101	False
4466	監視	かんし	サ変接続	101	True
4466	目撃	もくげき	サ変接続	101	True
4466	直射	ちょくしゃ	サ変接続	101	True
4466	直結	ちょっけつ	サ変接続	101	False
4466	着想	ちゃくそう	サ変接続	101	True
4466	着眼	ちゃくがん	サ変接続	101	True
4466	督戦	とくせん	サ変接続	101	True
4466	破壊	はかい	サ変接続	101	False
4466	硬直	こうちょく	サ変接続	101	True
4466	礼遇	れいぐう	サ変接続	101	True
4466	空爆	くうばく	サ変接続	101	True
4466	立食	りっしょく	サ変接続	101	False
4466	算段	さんだん	サ変接続	101	True
4466	粉飾	ふんしょく	サ変接続	101	False
4466	納入	のうにゅう	サ変接続	101	False
4466	納棺	のうかん	サ変接続	101	False
4466	累積	るいせき	サ変接続	101	True
4466	結団	けつだん	サ変接続	101	True
4466	給与	きゅうよ	サ変接続	101	False
4466	絮説	じょせつ	サ変接続	101	False
4466	絶讚	ぜっさん	サ変接続	101	False
4466	続騰	ぞくとう	サ変接続	101	False
4466	総括	そうかつ	サ変接続	101	False
4466	編纂	へんさん	サ変接続	101	False
4466	縮刷	しゅくさつ	サ変接続	101	False
4466	繁盛	はんじょう	サ変接続	101	False
4466	繋属	けいぞく	サ変接続	101	True
4466	繰越	くりこし	サ変接続	122	False
4466	缺如	けつじょ	サ変接続	101	False
4466	缺席	けっせき	サ変接続	101	False
4466	缺損	けっそん	サ変接続	101	False
4466	缺航	けっこう	サ変接続	101	False
4466	缺落	けつらく	サ変接続	101	False
4466	群棲	ぐんせい	サ変接続	101	False
4466	群集	ぐんしゅう	サ変接続	101	True
4466	考慮	こうりょ	サ変接続	101	False
4466	耐乏	たいぼう	サ変接続	115	False
4466	背任	はいにん	サ変接続	101	False
4466	脱走	だっそう	サ変接続	101	True
4466	膝行	しっこう	サ変接続	101	False
4466	膨張	ぼうちょう	サ変接続	101	False
4466	膨脹	ぼうちょう	サ変接続	101	False
4466	自慢	じまん	サ変接続	101	False
4466	自炊	じすい	サ変接続	101	False
4466	自粛	じしゅく	サ変接続	101	False
4466	自蔵	じぞう	サ変接続	101	True
4466	舞踏	ぶとう	サ変接続	101	False
4466	苦渋	くじゅう	サ変接続	115	False
4466	著述	ちょじゅつ	サ変接続	101	True
4466	蜂起	ほうき	サ変接続	101	False
4466	融和	ゆうわ	サ変接続	101	False
4466	行脚	あんぎゃ	サ変接続	101	False
4466	表彰	ひょうしょう	サ変接続	101	False
4466	表装	ひょうそう	サ変接続	101	False
4466	装着	そうちゃく	サ変接続	101	False
4466	装置	そうち	サ変接続	101	False
4466	装飾	そうしょく	サ変接続	101	False
4466	補血	ほけつ	サ変接続	101	False
4466	製油	せいゆ	サ変接続	101	True
4466	複写	ふくしゃ	サ変接続	101	True
4466	襲用	しゅうよう	サ変接続	101	False
4466	襲職	しゅうしょく	サ変接続	101	False
4466	規程	きてい	サ変接続	115	False
4466	覚醒	かくせい	サ変接続	101	False
4466	解釈	かいしゃく	サ変接続	101	False
4466	解雇	かいこ	サ変接続	101	False
4466	解題	かいだい	サ変接続	101	True
4466	託送	たくそう	サ変接続	101	True
4466	記憶	きおく	サ変接続	101	False
4466	記載	きさい	サ変接続	101	True
4466	設立	せつりつ	サ変接続	100	True
4466	詐取	さしゅ	サ変接続	101	False
4466	評決	ひょうけつ	サ変接続	101	True
4466	試作	しさく	サ変接続	91	True
4466	試飲	しいん	サ変接続	101	True
4466	認識	にんしき	サ変接続	90	False
4466	誤算	ごさん	サ変接続	101	True
4466	誤解	ごかい	サ変接続	101	True
4466	説教	せっきょう	サ変接続	101	False
4466	調味	ちょうみ	サ変接続	101	True
4466	諌止	かんし	サ変接続	101	False
4466	諌死	かんし	サ変接続	101	False
4466	論争	ろんそう	サ変接続	101	False
4466	論断	ろんだん	サ変接続	101	True
4466	諷刺	ふうし	サ変接続	101	False
4466	譲渡	じょうと	サ変接続	0	False
4466	貫通	かんつう	サ変接続	101	True
4466	買収	ばいしゅう	サ変接続	101	False
4466	賠償	ばいしょう	サ変接続	101	False
4466	質疑	しつぎ	サ変接続	101	True
4466	贈呈	ぞうてい	サ変接続	101	False
4466	贈物	おくりもの	サ変接続	122	False
4466	起案	きあん	サ変接続	101	True
4466	越境	えっきょう	サ変接続	101	False
4466	車載	しゃさい	サ変接続	101	True
4466	転居	てんきょ	サ変接続	101	True
4466	転転	てんてん	サ変接続	113	True
4466	輻射	ふくしゃ	サ変接続	101	False
4466	輾転	てんてん	サ変接続	101	False
4466	返上	へんじょう	サ変接続	101	True
4466	返済	へんさい	サ変接続	101	True
4466	述懐	じゅっかい	サ変接続	101	False
4466	追及	ついきゅう	サ変接続	101	False
4466	追悼	ついとう	サ変接続	101	False
4466	追放	ついほう	サ変接続	101	True
4466	追随	ついずい	サ変接続	101	True
4466	退位	たいい	サ変接続	101	True
4466	退去	たいきょ	サ変接続	101	True
4466	退場	たいじょう	サ変接続	101	True
4466	退席	たいせき	サ変接続	101	True
4466	送付	そうふ	サ変接続	101	True
4466	送金	そうきん	サ変接続	101	True
4466	逓減	ていげん	サ変接続	101	False
4466	造水	ぞうすい	サ変接続	None	True
4466	連係	れんけい	サ変接続	101	False
4466	連動	れんどう	サ変接続	101	True
4466	連取	れんしゅ	サ変接続	101	True
4466	連携	れんけい	サ変接続	101	False
4466	連結	れんけつ	サ変接続	101	True
4466	連載	れんさい	サ変接続	101	True
4466	逮捕	たいほ	サ変接続	101	False
4466	運搬	うんぱん	サ変接続	101	False
4466	違犯	いはん	サ変接続	101	True
4466	違背	いはい	サ変接続	101	False
4466	遠出	とおで	サ変接続	108	False
4466	遡源	さくげん	サ変接続	101	False
4466	適中	てきちゅう	サ変接続	101	True
4466	選歌	せんか	サ変接続	101	True
4466	遺失	いしつ	サ変接続	101	True
4466	配付	はいふ	サ変接続	101	True
4466	配備	はいび	サ変接続	101	True
4466	采配	さいはい	サ変接続	115	True
4466	釈放	しゃくほう	サ変接続	101	False
4466	銃撃	じゅうげき	サ変接続	101	True
4466	鑿井	さくせい	サ変接続	101	False
4466	閉口	へいこう	サ変接続	101	True
4466	閉幕	へいまく	サ変接続	101	True
4466	閉校	へいこう	サ変接続	101	True
4466	開札	かいさつ	サ変接続	101	True
4466	間食	かんしょく	サ変接続	101	True
4466	闕如	けつじょ	サ変接続	101	False
4466	防禦	ぼうぎょ	サ変接続	101	False
4466	防護	ぼうご	サ変接続	101	True
4466	阿諛	あゆ	サ変接続	101	False
4466	降格	こうかく	サ変接続	101	True
4466	陳述	ちんじゅつ	サ変接続	101	False
4466	隆起	りゅうき	サ変接続	101	False
4466	集荷	しゅうか	サ変接続	101	False
4466	集録	しゅうろく	サ変接続	101	True
4466	離脱	りだつ	サ変接続	101	True
4466	震駭	しんがい	サ変接続	101	False
4466	静坐	せいざ	サ変接続	101	False
4466	静座	せいざ	サ変接続	101	False
4466	頻発	ひんぱつ	サ変接続	101	True
4466	類似	るいじ	サ変接続	96	False
4466	食害	しょくがい	サ変接続	101	True
4466	養殖	ようしょく	サ変接続	102	False
4466	駆除	くじょ	サ変接続	101	False
4466	鼓舞	こぶ	サ変接続	101	False
4467	上木	じょうぼく	サ変接続	101	True
4467	上洛	じょうらく	サ変接続	101	True
4467	上申	じょうしん	サ変接続	101	False
4467	上船	じょうせん	サ変接続	101	True
4467	上蔟	じょうぞく	サ変接続	101	False
4467	上覧	じょうらん	サ変接続	101	True
4467	上訴	じょうそ	サ変接続	101	True
4467	上述	じょうじゅつ	サ変接続	101	True
4467	下乗	げじょう	サ変接続	101	True
4467	下付	かふ	サ変接続	101	True
4467	下向	げこう	サ変接続	101	True
4467	下問	かもん	サ変接続	101	True
4467	下垂	かすい	サ変接続	101	False
4467	下城	げじょう	サ変接続	102	True
4467	下座	げざ	サ変接続	101	True
4467	下獄	げごく	サ変接続	101	True
4467	下痢	げり	サ変接続	102	False
4467	下知	げじ	サ変接続	97	False
4467	下知	げち	サ変接続	97	True
4467	下船	げせん	サ変接続	101	True
4467	下達	かたつ	サ変接続	101	True
4467	世襲	せしゅう	サ変接続	101	False
4467	両断	りょうだん	サ変接続	101	True
4467	並列	へいれつ	サ変接続	101	False
4467	並存	へいそん	サ変接続	101	False
4467	並称	へいしょう	サ変接続	101	False
4467	並進	へいしん	サ変接続	101	False
4467	中座	ちゅうざ	サ変接続	101	True
4467	乖離	かいり	サ変接続	101	False
4467	乗算	じょうざん	サ変接続	101	False
4467	乗除	じょうじょ	サ変接続	101	True
4467	乗馬	じょうば	サ変接続	101	True
4467	乱伐	らんばつ	サ変接続	101	False
4467	乱作	らんさく	サ変接続	101	True
4467	乱入	らんにゅう	サ変接続	101	True
4467	乱売	らんばい	サ変接続	101	True
4467	乱心	らんしん	サ変接続	101	True
4467	乱打	らんだ	サ変接続	101	True
4467	乱掘	らんくつ	サ変接続	101	False
4467	乱暴	らんぼう	サ変接続	96	False
4467	乱獲	らんかく	サ変接続	101	True
4467	乱読	らんどく	サ変接続	101	True
4467	乱費	らんぴ	サ変接続	101	False
4467	乱造	らんぞう	サ変接続	101	True
4467	乱酔	らんすい	サ変接続	101	False
4467	乱闘	らんとう	サ変接続	101	False
4467	乳化	にゅうか	サ変接続	101	True
4467	乾溜	かんりゅう	サ変接続	101	False
4467	乾留	かんりゅう	サ変接続	101	False
4467	了察	りょうさつ	サ変接続	101	False
4467	予告	よこく	サ変接続	101	True
4467	予報	よほう	サ変接続	101	True
4467	予察	よさつ	サ変接続	101	True
4467	予感	よかん	サ変接続	101	True
4467	予断	よだん	サ変接続	101	True
4467	予約	よやく	サ変接続	101	True
4467	予納	よのう	サ変接続	101	False
4467	予習	よしゅう	サ変接続	101	True
4467	予見	よけん	サ変接続	101	True
4467	予覚	よかく	サ変接続	101	False
4467	予言	よげん	サ変接続	101	True
4467	争奪	そうだつ	サ変接続	101	False
4467	争覇	そうは	サ変接続	101	False
4467	互助	ごじょ	サ変接続	115	False
4467	互生	ごせい	サ変接続	101	False
4467	互選	ごせん	サ変接続	101	False
4467	亡命	ぼうめい	サ変接続	101	False
4467	亡失	ぼうしつ	サ変接続	101	False
4467	亢奮	こうふん	サ変接続	101	False
4467	交接	こうせつ	サ変接続	101	True
4467	交遊	こうゆう	サ変接続	101	True
4467	享楽	きょうらく	サ変接続	101	False
4467	仄聞	そくぶん	サ変接続	101	False
4467	介意	かいい	サ変接続	101	True
4467	介錯	かいしゃく	サ変接続	101	False
4467	仕付	しつけ	サ変接続	118	False
4467	仕訳	しわけ	サ変接続	117	False
4467	他出	たしゅつ	サ変接続	101	True
4467	他言	たごん	サ変接続	101	True
4467	付言	ふげん	サ変接続	101	True
4467	付設	ふせつ	サ変接続	101	True
4467	代入	だいにゅう	サ変接続	102	True
4467	代参	だいさん	サ変接続	101	True
4467	代決	だいけつ	サ変接続	101	True
4467	代言	だいげん	サ変接続	102	True
4467	代診	だいしん	サ変接続	101	True
4467	代読	だいどく	サ変接続	101	True
4467	代願	だいがん	サ変接続	101	True
4467	令達	れいたつ	サ変接続	101	True
4467	仮作	かさく	サ変接続	101	False
4467	仮借	かしゃく	サ変接続	101	False
4467	仮植	かしょく	サ変接続	101	False
4467	仮眠	かみん	サ変接続	101	False
4467	仮睡	かすい	サ変接続	101	False
4467	仰天	ぎょうてん	サ変接続	101	False
4467	仰望	ぎょうぼう	サ変接続	101	False
4467	仰臥	ぎょうが	サ変接続	101	False
4467	仰視	ぎょうし	サ変接続	101	False
4467	任免	にんめん	サ変接続	101	True
4467	任用	にんよう	サ変接続	101	True
4467	企及	ききゅう	サ変接続	101	False
4467	伏在	ふくざい	サ変接続	101	True
4467	伏流	ふくりゅう	サ変接続	101	True
4467	伏臥	ふくが	サ変接続	101	True
4467	伐採	ばっさい	サ変接続	101	False
4467	伐木	ばつぼく	サ変接続	101	False
4467	休眠	きゅうみん	サ変接続	101	False
4467	休養	きゅうよう	サ変接続	101	False
4467	会得	えとく	サ変接続	101	True
4467	会釈	えしゃく	サ変接続	101	False
4467	伝奏	てんそう	サ変接続	101	False
4467	伝承	でんしょう	サ変接続	101	False
4467	伝授	でんじゅ	サ変接続	101	False
4467	伝搬	でんぱん	サ変接続	101	False
4467	伝播	でんぱん	サ変接続	92	False
4467	伝法	でんぼう	サ変接続	113	False
4467	伝習	でんしゅう	サ変接続	101	True
4467	伝聞	でんぶん	サ変接続	101	True
4467	佇立	ちょりつ	サ変接続	101	False
4467	低唱	ていしょう	サ変接続	101	False
4467	低回	ていかい	サ変接続	101	True
4467	低徊	ていかい	サ変接続	101	False
4467	低落	ていらく	サ変接続	101	True
4467	低頭	ていとう	サ変接続	101	True
4467	体得	たいとく	サ変接続	101	True
4467	作図	さくず	サ変接続	101	True
4467	作画	さくが	サ変接続	101	True
4467	作興	さっこう	サ変接続	101	False
4467	作表	さくひょう	サ変接続	101	True
4467	作詩	さくし	サ変接続	101	True
4467	佩用	はいよう	サ変接続	101	False
4467	併任	へいにん	サ変接続	101	False
4467	併催	へいさい	サ変接続	101	False
4467	併出	へいしゅつ	サ変接続	101	False
4467	併合	へいごう	サ変接続	101	False
4467	併呑	へいどん	サ変接続	101	False
4467	併営	へいえい	サ変接続	101	False
4467	併存	へいそん	サ変接続	92	False
4467	併有	へいゆう	サ変接続	101	False
4467	併演	へいえん	サ変接続	None	False
4467	併用	へいよう	サ変接続	101	False
4467	併発	へいはつ	サ変接続	101	False
4467	併称	へいしょう	サ変接続	101	False
4467	併設	へいせつ	サ変接続	101	False
4467	併読	へいどく	サ変接続	101	False
4467	併進	へいしん	サ変接続	101	False
4467	併録	へいろく	サ変接続	101	False
4467	併願	へいがん	サ変接続	101	False
4467	使役	しえき	サ変接続	101	True
4467	例証	れいしょう	サ変接続	101	True
4467	侍坐	じざ	サ変接続	101	False
4467	侍立	じりつ	サ変接続	101	False
4467	供奉	ぐぶ	サ変接続	101	False
4467	供応	きょうおう	サ変接続	101	True
4467	供血	きょうけつ	サ変接続	101	False
4467	供覧	きょうらん	サ変接続	101	True
4467	供養	くよう	サ変接続	101	False
4467	依拠	いきょ	サ変接続	101	False
4467	侮蔑	ぶべつ	サ変接続	101	False
4467	侮辱	ぶじょく	サ変接続	101	False
4467	侵掠	しんりゃく	サ変接続	101	False
4467	侵略	しんりゃく	サ変接続	101	True
4467	侵蝕	しんしょく	サ変接続	101	False
4467	侵食	しんしょく	サ変接続	101	True
4467	便秘	べんぴ	サ変接続	101	False
4467	係争	けいそう	サ変接続	101	False
4467	係留	けいりゅう	サ変接続	101	False
4467	促成	そくせい	サ変接続	101	False
4467	促進	そくしん	サ変接続	101	False
4467	俗化	ぞっか	サ変接続	101	False
4467	保温	ほおん	サ変接続	99	False
4467	保留	ほりゅう	サ変接続	101	False
4467	保菌	ほきん	サ変接続	115	True
4467	保養	ほよう	サ変接続	101	False
4467	信伏	しんぷく	サ変接続	101	False
4467	信憑	しんぴょう	サ変接続	101	False
4467	信服	しんぷく	サ変接続	101	False
4467	修交	しゅうこう	サ変接続	101	True
4467	修好	しゅうこう	サ変接続	101	True
4467	修得	しゅうとく	サ変接続	101	True
4467	修祓	しゅうばつ	サ変接続	101	False
4467	修祓	しゅうふつ	サ変接続	101	False
4467	修築	しゅうちく	サ変接続	101	True
4467	修練	しゅうれん	サ変接続	101	False
4467	修補	しゅうほ	サ変接続	101	True
4467	修訂	しゅうてい	サ変接続	101	True
4467	修造	しゅうぞう	サ変接続	108	True
4467	修錬	しゅうれん	サ変接続	101	False
4467	俯瞰	ふかん	サ変接続	101	False
4467	倍旧	ばいきゅう	サ変接続	101	True
4467	倒伏	とうふく	サ変接続	101	True
4467	倒立	とうりつ	サ変接続	101	True
4467	倒錯	とうさく	サ変接続	101	True
4467	借問	しゃくもん	サ変接続	101	False
4467	借問	しゃもん	サ変接続	101	False
4467	借用	しゃくよう	サ変接続	101	False
4467	借覧	しゃくらん	サ変接続	101	False
4467	借財	しゃくざい	サ変接続	101	False
4467	倹約	けんやく	サ変接続	101	False
4467	偏倚	へんい	サ変接続	101	False
4467	偏在	へんざい	サ変接続	101	True
4467	偏奇	へんき	サ変接続	115	True
4467	偏愛	へんあい	サ変接続	101	True
4467	偏食	へんしょく	サ変接続	101	True
4467	停会	ていかい	サ変接続	101	True
4467	停泊	ていはく	サ変接続	101	True
4467	停留	ていりゅう	サ変接続	101	False
4467	停船	ていせん	サ変接続	101	True
4467	停電	ていでん	サ変接続	101	True
4467	停頓	ていとん	サ変接続	101	False
4467	側聞	そくぶん	サ変接続	102	True
4467	偵察	ていさつ	サ変接続	101	False
4467	偶有	ぐうゆう	サ変接続	101	True
4467	偶発	ぐうはつ	サ変接続	101	True
4467	偶語	ぐうご	サ変接続	101	True
4467	偽作	ぎさく	サ変接続	101	False
4467	偽装	ぎそう	サ変接続	101	False
4467	傅育	ふいく	サ変接続	101	False
4467	傍受	ぼうじゅ	サ変接続	101	False
4467	傍証	ぼうしょう	サ変接続	101	False
4467	傑出	けっしゅつ	サ変接続	101	False
4467	備蓄	びちく	サ変接続	101	False
4467	催促	さいそく	サ変接続	88	False
4467	催告	さいこく	サ変接続	101	False
4467	傾注	けいちゅう	サ変接続	101	False
4467	優待	ゆうたい	サ変接続	101	False
4467	優越	ゆうえつ	サ変接続	101	False
4467	優退	ゆうたい	サ変接続	101	False
4467	元服	げんぷく	サ変接続	101	False
4467	充員	じゅういん	サ変接続	101	False
4467	充塞	じゅうそく	サ変接続	101	False
4467	充満	じゅうまん	サ変接続	101	False
4467	充溢	じゅういつ	サ変接続	101	False
4467	充血	じゅうけつ	サ変接続	101	False
4467	充足	じゅうそく	サ変接続	101	False
4467	充電	じゅうでん	サ変接続	101	False
4467	先議	せんぎ	サ変接続	101	True
4467	先達	せんだつ	サ変接続	101	False
4467	克復	こくふく	サ変接続	101	False
4467	兌換	だかん	サ変接続	101	False
4467	免官	めんかん	サ変接続	101	True
4467	免租	めんそ	サ変接続	101	False
4467	免訴	めんそ	サ変接続	101	True
4467	入京	にゅうきょう	サ変接続	101	False
4467	入信	にゅうしん	サ変接続	101	True
4467	入内	じゅだい	サ変接続	101	False
4467	入営	にゅうえい	サ変接続	101	True
4467	入室	にゅうしつ	サ変接続	101	True
4467	入寂	にゅうじゃく	サ変接続	101	False
4467	入寮	にゅうりょう	サ変接続	101	True
4467	入幕	にゅうまく	サ変接続	101	True
4467	入府	にゅうふ	サ変接続	101	True
4467	入庫	にゅうこ	サ変接続	101	True
4467	入廷	にゅうてい	サ変接続	101	False
4467	入朝	にゅうちょう	サ変接続	101	True
4467	入梅	にゅうばい	サ変接続	115	False
4467	入洛	にゅうらく	サ変接続	101	True
4467	入滅	にゅうめつ	サ変接続	101	True
4467	入漁	にゅうぎょ	サ変接続	101	False
4467	入獄	にゅうごく	サ変接続	101	True
4467	入質	にゅうしち	サ変接続	101	False
4467	入道	にゅうどう	サ変接続	101	True
4467	入部	にゅうぶ	サ変接続	135	True
4467	入鋏	にゅうきょう	サ変接続	101	False
4467	入閣	にゅうかく	サ変接続	101	False
4467	入電	にゅうでん	サ変接続	101	True
4467	全休	ぜんきゅう	サ変接続	101	False
4467	全癒	ぜんゆ	サ変接続	101	False
4467	全通	ぜんつう	サ変接続	101	False
4467	公有	こうゆう	サ変接続	99	True
4467	公述	こうじゅつ	サ変接続	101	True
4467	共振	きょうしん	サ変接続	101	True
4467	共立	きょうりつ	サ変接続	101	True
4467	共鳴	きょうめい	サ変接続	101	False
4467	具備	ぐび	サ変接続	101	True
4467	具有	ぐゆう	サ変接続	101	True
4467	具現	ぐげん	サ変接続	101	True
4467	具陳	ぐちん	サ変接続	101	False
4467	兼併	けんぺい	サ変接続	101	False
4467	兼官	けんかん	サ変接続	101	True
4467	兼有	けんゆう	サ変接続	101	True
4467	兼職	けんしょく	サ変接続	101	True
4467	冀求	ききゅう	サ変接続	101	False
4467	内借	ないしゃく	サ変接続	101	False
4467	内切	ないせつ	サ変接続	101	True
4467	内勤	ないきん	サ変接続	101	False
4467	内向	ないこう	サ変接続	101	True
4467	内含	ないがん	サ変接続	101	False
4467	内命	ないめい	サ変接続	101	False
4467	内在	ないざい	サ変接続	101	True
4467	内奏	ないそう	サ変接続	101	True
4467	内応	ないおう	サ変接続	101	True
4467	内接	ないせつ	サ変接続	101	True
4467	内攻	ないこう	サ変接続	101	True
4467	内済	ないさい	サ変接続	101	True
4467	内約	ないやく	サ変接続	101	True
4467	内職	ないしょく	サ変接続	125	True
4467	内覧	ないらん	サ変接続	101	True
4467	内談	ないだん	サ変接続	101	True
4467	内諾	ないだく	サ変接続	101	True
4467	内謁	ないえつ	サ変接続	101	False
4467	内通	ないつう	サ変接続	102	True
4467	内達	ないたつ	サ変接続	101	True
4467	内閲	ないえつ	サ変接続	101	False
4467	冊立	さくりつ	サ変接続	101	True
4467	再挙	さいきょ	サ変接続	101	True
4467	再掲	さいけい	サ変接続	101	False
4467	再燃	さいねん	サ変接続	101	False
4467	再版	さいはん	サ変接続	101	True
4467	再築	さいちく	サ変接続	101	True
4467	再臨	さいりん	サ変接続	101	True
4467	再認	さいにん	サ変接続	102	True
4467	再説	さいせつ	サ変接続	101	True
4467	再読	さいどく	サ変接続	101	True
4467	再論	さいろん	サ変接続	101	True
4467	再送	さいそう	サ変接続	112	True
4467	冒涜	ぼうとく	サ変接続	101	False
4467	冒険	ぼうけん	サ変接続	101	False
4467	写像	しゃぞう	サ変接続	101	True
4467	写植	しゃしょく	サ変接続	115	True
4467	冠水	かんすい	サ変接続	101	True
4467	冠絶	かんぜつ	サ変接続	101	False
4467	冷却	れいきゃく	サ変接続	101	False
4467	冷笑	れいしょう	サ変接続	101	False
4467	冷罵	れいば	サ変接続	101	False
4467	冷評	れいひょう	サ変接続	101	True
4467	凋落	ちょうらく	サ変接続	101	False
4467	凌辱	りょうじょく	サ変接続	101	False
4467	凌駕	りょうが	サ変接続	101	False
4467	凝固	ぎょうこ	サ変接続	101	False
4467	凝滞	ぎょうたい	サ変接続	101	False
4467	凝着	ぎょうちゃく	サ変接続	101	False
4467	凝立	ぎょうりつ	サ変接続	101	False
4467	凝結	ぎょうけつ	サ変接続	101	False
4467	凝縮	ぎょうしゅく	サ変接続	101	False
4467	凝聚	ぎょうしゅう	サ変接続	101	False
4467	凝血	ぎょうけつ	サ変接続	101	False
4467	凝視	ぎょうし	サ変接続	101	False
4467	凝議	ぎょうぎ	サ変接続	101	False
4467	凝集	ぎょうしゅう	サ変接続	101	False
4467	凡退	ぼんたい	サ変接続	101	False
4467	処決	しょけつ	サ変接続	101	True
4467	処置	しょち	サ変接続	101	True
4467	出兵	しゅっぺい	サ変接続	101	False
4467	出奔	しゅっぽん	サ変接続	101	False
4467	出家	しゅっけ	サ変接続	101	False
4467	出射	しゅっしゃ	サ変接続	None	False
4467	出府	しゅっぷ	サ変接続	101	False
4467	出庫	しゅっこ	サ変接続	101	False
4467	出廬	しゅつろ	サ変接続	101	False
4467	出廷	しゅってい	サ変接続	101	False
4467	出御	しゅつぎょ	サ変接続	101	True
4467	出撃	しゅつげき	サ変接続	101	True
4467	出札	しゅっさつ	サ変接続	101	False
4467	出棺	しゅっかん	サ変接続	101	False
4467	出漁	しゅつぎょ	サ変接続	97	False
4467	出漁	しゅつりょう	サ変接続	97	True
4467	出炭	しゅったん	サ変接続	101	False
4467	出猟	しゅつりょう	サ変接続	101	True
4467	出社	しゅっしゃ	サ変接続	101	False
4467	出立	しゅったつ	サ変接続	100	False
4467	出芽	しゅつが	サ変接続	101	False
4467	出郷	しゅっきょう	サ変接続	101	False
4467	出陳	しゅっちん	サ変接続	101	False
4467	出離	しゅつり	サ変接続	101	True
4467	出頭	しゅっとう	サ変接続	101	False
4467	分与	ぶんよ	サ変接続	101	False
4467	分光	ぶんこう	サ変接続	101	True
4467	分冊	ぶんさつ	サ変接続	101	True
4467	分列	ぶんれつ	サ変接続	101	True
4467	分合	ぶんごう	サ変接続	101	True
4467	分地	ぶんち	サ変接続	101	True
4467	分売	ぶんばい	サ変接続	101	True
4467	分娩	ぶんべん	サ変接続	101	False
4467	分家	ぶんけ	サ変接続	101	True
4467	分宿	ぶんしゅく	サ変接続	101	False
4467	分有	ぶんゆう	サ変接続	101	True
4467	分極	ぶんきょく	サ変接続	115	True
4467	分水	ぶんすい	サ変接続	101	True
4467	分流	ぶんりゅう	サ変接続	113	True
4467	分溜	ぶんりゅう	サ変接続	101	False
4467	分煙	ぶんえん	サ変接続	115	False
4467	分留	ぶんりゅう	サ変接続	101	False
4467	分節	ぶんせつ	サ変接続	101	True
4467	分納	ぶんのう	サ変接続	101	False
4467	分蘖	ぶんけつ	サ変接続	101	False
4467	分骨	ぶんこつ	サ変接続	101	True
4467	切削	せっさく	サ変接続	101	False
4467	切望	せつぼう	サ変接続	101	False
4467	切死	きりじに	サ変接続	108	False
4467	切諌	せっかん	サ変接続	101	False
4467	切論	せつろん	サ変接続	101	True
4467	切迫	せっぱく	サ変接続	101	False
4467	切願	せつがん	サ変接続	101	True
4467	列挙	れっきょ	サ変接続	101	True
4467	列立	れつりつ	サ変接続	101	True
4467	列記	れっき	サ変接続	101	True
4467	初詣	はつもうで	サ変接続	122	False
4467	判然	はんぜん	サ変接続	96	True
4467	判読	はんどく	サ変接続	101	True
4467	別売	べつばい	サ変接続	102	True
4467	別家	べっけ	サ変接続	101	True
4467	別封	べっぷう	サ変接続	101	False
4467	別掲	べっけい	サ変接続	101	False
4467	別注	べっちゅう	サ変接続	101	True
4467	別納	べつのう	サ変接続	101	False
4467	別言	べつげん	サ変接続	101	True
4467	利殖	りしょく	サ変接続	101	False
4467	刮目	かつもく	サ変接続	101	False
4467	到達	とうたつ	サ変接続	101	False
4467	制慾	せいよく	サ変接続	101	True
4467	制欲	せいよく	サ変接続	101	True
4467	刻印	こくいん	サ変接続	101	True
4467	刻苦	こっく	サ変接続	101	False
4467	剃髪	ていはつ	サ変接続	101	False
4467	前借	ぜんしゃく	サ変接続	101	False
4467	前駆	ぜんく	サ変接続	101	False
4467	剔出	てきしゅつ	サ変接続	101	False
4467	剔抉	てっけつ	サ変接続	101	False
4467	剖検	ぼうけん	サ変接続	101	False
4467	剥奪	はくだつ	サ変接続	101	False
4467	剥脱	はくだつ	サ変接続	101	False
4467	剥落	はくらく	サ変接続	101	False
4467	剥離	はくり	サ変接続	101	False
4467	割愛	かつあい	サ変接続	101	True
4467	割拠	かっきょ	サ変接続	101	False
4467	割腹	かっぷく	サ変接続	101	False
4467	割譲	かつじょう	サ変接続	101	False
4467	剽窃	ひょうせつ	サ変接続	101	False
4467	剿滅	そうめつ	サ変接続	101	False
4467	劇変	げきへん	サ変接続	101	True
4467	力戦	りきせん	サ変接続	119	True
4467	力泳	りきえい	サ変接続	101	False
4467	力演	りきえん	サ変接続	101	True
4467	力漕	りきそう	サ変接続	101	False
4467	力走	りきそう	サ変接続	101	True
4467	加冠	かかん	サ変接続	101	True
4467	加増	かぞう	サ変接続	101	True
4467	加担	かたん	サ変接続	101	True
4467	加筆	かひつ	サ変接続	101	True
4467	加配	かはい	サ変接続	101	True
4467	加除	かじょ	サ変接続	101	True
4467	助力	じょりょく	サ変接続	101	True
4467	劫掠	ごうりゃく	サ変接続	101	False
4467	劫略	ごうりゃく	サ変接続	101	False
4467	励振	れいしん	サ変接続	101	False
4467	励行	れいこう	サ変接続	101	False
4467	勃発	ぼっぱつ	サ変接続	101	False
4467	勃興	ぼっこう	サ変接続	101	False
4467	勃起	ぼっき	サ変接続	101	False
4467	勅答	ちょくとう	サ変接続	101	False
4467	勇躍	ゆうやく	サ変接続	101	True
4467	勇退	ゆうたい	サ変接続	101	True
4467	勉励	べんれい	サ変接続	101	False
4467	動座	どうざ	サ変接続	101	True
4467	勘合	かんごう	サ変接続	101	True
4467	勘案	かんあん	サ変接続	101	True
4467	勝訴	しょうそ	サ変接続	101	True
4467	募債	ぼさい	サ変接続	101	False
4467	募兵	ぼへい	サ変接続	101	False
4467	勤労	きんろう	サ変接続	101	False
4467	勤番	きんばん	サ変接続	101	False
4467	勧化	かんげ	サ変接続	101	False
4467	勧誘	かんゆう	サ変接続	101	False
4467	包摂	ほうせつ	サ変接続	101	False
4467	匍匐	ほふく	サ変接続	101	False
4467	化育	かいく	サ変接続	101	True
4467	区処	くしょ	サ変接続	101	True
4467	午睡	ごすい	サ変接続	0	False
4467	半周	はんしゅう	サ変接続	101	False
4467	半壊	はんかい	サ変接続	101	False
4467	卒倒	そっとう	サ変接続	101	False
4467	卒去	そっきょ	サ変接続	101	False
4467	卒読	そつどく	サ変接続	101	True
4467	卓出	たくしゅつ	サ変接続	101	False
4467	卓立	たくりつ	サ変接続	101	False
4467	卓絶	たくぜつ	サ変接続	101	False
4467	協商	きょうしょう	サ変接続	101	True
4467	南面	なんめん	サ変接続	101	True
4467	単作	たんさく	サ変接続	101	False
4467	卜居	ぼっきょ	サ変接続	101	False
4467	占有	せんゆう	サ変接続	101	False
4467	占筮	せんぜい	サ変接続	101	False
4467	印刻	いんこく	サ変接続	101	True
4467	印磁	いんじ	サ変接続	101	True
4467	印行	いんこう	サ変接続	101	True
4467	即吟	そくぎん	サ変接続	101	False
4467	即応	そくおう	サ変接続	101	True
4467	即決	そっけつ	サ変接続	101	False
4467	即発	そくはつ	サ変接続	101	True
4467	即答	そくとう	サ変接続	101	True
4467	即納	そくのう	サ変接続	101	False
4467	即製	そくせい	サ変接続	101	True
4467	即詠	そくえい	サ変接続	101	True
4467	即諾	そくだく	サ変接続	101	True
4467	却下	きゃっか	サ変接続	101	False
4467	厳令	げんれい	サ変接続	113	True
4467	厳封	げんぷう	サ変接続	101	False
4467	厳秘	げんぴ	サ変接続	115	False
4467	厳談	げんだん	サ変接続	101	True
4467	厳達	げんたつ	サ変接続	101	True
4467	去勢	きょせい	サ変接続	101	True
4467	去来	きょらい	サ変接続	101	True
4467	参与	さんよ	サ変接続	101	False
4467	参内	さんだい	サ変接続	101	True
4467	参勤	さんきん	サ変接続	101	False
4467	参宮	さんぐう	サ変接続	115	True
4467	参着	さんちゃく	サ変接続	101	True
4467	参覲	さんきん	サ変接続	101	False
4467	参酌	さんしゃく	サ変接続	101	True
4467	参集	さんしゅう	サ変接続	101	True
4467	反問	はんもん	サ変接続	101	True
4467	反噬	はんぜい	サ変接続	101	False
4467	反訳	はんやく	サ変接続	101	True
4467	反訴	はんそ	サ変接続	101	True
4467	反転	はんてん	サ変接続	101	True
4467	反駁	はんばく	サ変接続	101	False
4467	収受	しゅうじゅ	サ変接続	101	False
4467	収奪	しゅうだつ	サ変接続	101	False
4467	収得	しゅうとく	サ変接続	101	False
4467	収攬	しゅうらん	サ変接続	101	False
4467	収斂	しゅうれん	サ変接続	101	False
4467	収束	しゅうそく	サ変接続	101	False
4467	収穫	しゅうかく	サ変接続	101	False
4467	収縮	しゅうしゅく	サ変接続	101	False
4467	収蔵	しゅうぞう	サ変接続	101	False
4467	収賄	しゅうわい	サ変接続	101	False
4467	収載	しゅうさい	サ変接続	101	False
4467	受任	じゅにん	サ変接続	101	True
4467	受信	じゅしん	サ変接続	100	True
4467	受傷	じゅしょう	サ変接続	115	False
4467	受像	じゅぞう	サ変接続	101	True
4467	受光	じゅこう	サ変接続	115	True
4467	受刑	じゅけい	サ変接続	101	True
4467	受勲	じゅくん	サ変接続	115	True
4467	受容	じゅよう	サ変接続	101	True
4467	受審	じゅしん	サ変接続	101	False
4467	受忍	じゅにん	サ変接続	101	True
4467	受戒	じゅかい	サ変接続	101	True
4467	受業	じゅぎょう	サ変接続	101	True
4467	受注	じゅちゅう	サ変接続	101	True
4467	受洗	じゅせん	サ変接続	101	True
4467	受理	じゅり	サ変接続	101	True
4467	受用	じゅよう	サ変接続	101	True
4467	受禅	じゅぜん	サ変接続	101	True
4467	受粉	じゅふん	サ変接続	101	True
4467	受納	じゅのう	サ変接続	101	False
4467	受給	じゅきゅう	サ変接続	94	True
4467	受胎	じゅたい	サ変接続	101	False
4467	受託	じゅたく	サ変接続	101	True
4467	受診	じゅしん	サ変接続	101	True
4467	受註	じゅちゅう	サ変接続	101	False
4467	受諾	じゅだく	サ変接続	101	True
4467	受講	じゅこう	サ変接続	101	True
4467	受賞	じゅしょう	サ変接続	101	True
4467	受贈	じゅぞう	サ変接続	101	False
4467	受配	じゅはい	サ変接続	101	True
4467	受難	じゅなん	サ変接続	101	True
4467	受電	じゅでん	サ変接続	101	True
4467	叙任	じょにん	サ変接続	101	True
4467	口受	こうじゅ	サ変接続	101	True
4467	口授	くじゅ	サ変接続	101	False
4467	口授	こうじゅ	サ変接続	101	False
4467	口述	こうじゅつ	サ変接続	101	True
4467	口達	こうたつ	サ変接続	101	True
4467	叱咤	しった	サ変接続	101	False
4467	叱正	しっせい	サ変接続	101	False
4467	右傾	うけい	サ変接続	101	False
4467	号令	ごうれい	サ変接続	101	True
4467	号泣	ごうきゅう	サ変接続	101	False
4467	司式	ししき	サ変接続	101	False
4467	合冊	がっさつ	サ変接続	101	True
4467	合奏	がっそう	サ変接続	101	True
4467	合本	がっぽん	サ変接続	101	False
4467	合流	ごうりゅう	サ変接続	101	True
4467	合算	がっさん	サ変接続	101	True
4467	合致	がっち	サ変接続	101	True
4467	合評	がっぴょう	サ変接続	101	False
4467	合邦	がっぽう	サ変接続	101	False
4467	同夜	どうや	副詞可能	91	True
4467	同室	どうしつ	サ変接続	101	True
4467	同宿	どうしゅく	サ変接続	101	False
4467	同座	どうざ	サ変接続	101	True
4467	同流	どうりゅう	サ変接続	101	True
4467	同着	どうちゃく	サ変接続	115	True
4467	同衾	どうきん	サ変接続	101	False
4467	名状	めいじょう	サ変接続	101	True
4467	吐乳	とにゅう	サ変接続	101	False
4467	吐出	としゅつ	サ変接続	101	False
4467	吐息	といき	サ変接続	115	False
4467	吐瀉	としゃ	サ変接続	101	False
4467	吐血	とけつ	サ変接続	101	False
4467	吟味	ぎんみ	サ変接続	101	False
4467	吟唱	ぎんしょう	サ変接続	101	False
4467	吟詠	ぎんえい	サ変接続	101	False
4467	吟誦	ぎんしょう	サ変接続	101	False
4467	含味	がんみ	サ変接続	101	False
4467	含嗽	がんそう	サ変接続	101	False
4467	含意	がんい	サ変接続	101	False
4467	含有	がんゆう	サ変接続	101	False
4467	含浸	がんしん	サ変接続	101	False
4467	含蓄	がんちく	サ変接続	101	False
4467	吶喊	とっかん	サ変接続	101	False
4467	吸入	きゅうにゅう	サ変接続	101	False
4467	吸引	きゅういん	サ変接続	101	False
4467	吸気	きゅうき	サ変接続	115	False
4467	吸着	きゅうちゃく	サ変接続	101	False
4467	吹聴	ふいちょう	サ変接続	101	False
4467	吻合	ふんごう	サ変接続	101	False
4467	呈上	ていじょう	サ変接続	101	True
4467	告諭	こくゆ	サ変接続	101	False
4467	呑吐	どんと	サ変接続	101	False
4467	呑噬	どんぜい	サ変接続	101	False
4467	周章	しゅうしょう	サ変接続	101	False
4467	周航	しゅうこう	サ変接続	101	False
4467	周遊	しゅうゆう	サ変接続	101	False
4467	呪詛	じゅそ	サ変接続	90	False
4467	味得	みとく	サ変接続	101	True
4467	味見	あじみ	サ変接続	108	False
4467	味解	みかい	サ変接続	101	True
4467	味読	みどく	サ変接続	101	True
4467	呶呶	どど	サ変接続	101	False
4467	呻吟	しんぎん	サ変接続	101	False
4467	呼応	こおう	サ変接続	101	True
4467	咀嚼	そしゃく	サ変接続	101	False
4467	和合	わごう	サ変接続	101	True
4467	和楽	わらく	サ変接続	101	True
4467	和睦	わぼく	サ変接続	101	False
4467	和訳	わやく	サ変接続	101	True
4467	咳嗽	がいそう	サ変接続	101	False
4467	哀悼	あいとう	サ変接続	101	False
4467	哀惜	あいせき	サ変接続	101	False
4467	哀願	あいがん	サ変接続	101	False
4467	哺乳	ほにゅう	サ変接続	101	False
4467	唱導	しょうどう	サ変接続	101	False
4467	唱道	しょうどう	サ変接続	101	False
4467	問罪	もんざい	サ変接続	101	True
4467	問診	もんしん	サ変接続	101	True
4467	問責	もんせき	サ変接続	101	True
4467	啓蒙	けいもう	サ変接続	101	False
4467	喀血	かっけつ	サ変接続	101	False
4467	善導	ぜんどう	サ変接続	101	False
4467	喜悦	きえつ	サ変接続	101	True
4467	喧伝	けんでん	サ変接続	101	False
4467	喫煙	きつえん	サ変接続	101	False
4467	喫驚	きっきょう	サ変接続	101	False
4467	営繕	えいぜん	サ変接続	101	False
4467	嗚咽	おえつ	サ変接続	101	False
4467	嗟嘆	さたん	サ変接続	101	False
4467	嗟歎	さたん	サ変接続	101	False
4467	嘆息	たんそく	サ変接続	101	False
4467	嘆美	たんび	サ変接続	101	False
4467	嘱望	しょくぼう	サ変接続	101	False
4467	嘱目	しょくもく	サ変接続	101	True
4467	嘲罵	ちょうば	サ変接続	101	False
4467	噴出	ふんしゅつ	サ変接続	73	False
4467	噴射	ふんしゃ	サ変接続	101	False
4467	噴火	ふんか	サ変接続	101	False
4467	回向	えこう	サ変接続	101	True
4467	回礼	かいれい	サ変接続	101	True
4467	回覧	かいらん	サ変接続	101	True
4467	回訓	かいくん	サ変接続	101	True
4467	回避	かいひ	サ変接続	101	True
4467	因由	いんゆ	サ変接続	101	True
4467	団欒	だんらん	サ変接続	101	False
4467	困却	こんきゃく	サ変接続	101	False
4467	困惑	こんわく	サ変接続	101	False
4467	困憊	こんぱい	サ変接続	101	False
4467	困窮	こんきゅう	サ変接続	101	True
4467	囲繞	いにょう	サ変接続	101	True
4467	図解	ずかい	サ変接続	101	True
4467	図説	ずせつ	サ変接続	101	True
4467	固化	こか	サ変接続	101	False
4467	固着	こちゃく	サ変接続	101	False
4467	土葬	どそう	サ変接続	101	True
4467	圧伏	あっぷく	サ変接続	101	False
4467	圧入	あつにゅう	サ変接続	101	True
4467	圧勝	あっしょう	サ変接続	101	False
4467	圧延	あつえん	サ変接続	101	False
4467	圧搾	あっさく	サ変接続	101	False
4467	圧服	あっぷく	サ変接続	101	False
4467	圧死	あっし	サ変接続	101	False
4467	圧殺	あっさつ	サ変接続	101	False
4467	圧着	あっちゃく	サ変接続	101	False
4467	圧砕	あっさい	サ変接続	101	False
4467	圧縮	あっしゅく	サ変接続	101	False
4467	圧迫	あっぱく	サ変接続	101	False
4467	在京	ざいきょう	サ変接続	110	False
4467	在位	ざいい	サ変接続	101	True
4467	在勤	ざいきん	サ変接続	101	False
4467	在国	ざいこく	サ変接続	101	True
4467	在天	ざいてん	サ変接続	101	True
4467	在官	ざいかん	サ変接続	102	True
4467	在宿	ざいしゅく	サ変接続	101	False
4467	在席	ざいせき	サ変接続	101	True
4467	在庁	ざいちょう	サ変接続	101	True
4467	在府	ざいふ	サ変接続	101	True
4467	在廷	ざいてい	サ変接続	101	False
4467	在役	ざいえき	サ変接続	101	True
4467	在朝	ざいちょう	サ変接続	101	True
4467	在校	ざいこう	サ変接続	101	True
4467	在社	ざいしゃ	サ変接続	101	True
4467	在職	ざいしょく	サ変接続	101	True
4467	在荷	ざいか	サ変接続	101	False
4467	在郷	ざいきょう	サ変接続	101	False
4467	均霑	きんてん	サ変接続	101	False
4467	坐乗	ざじょう	サ変接続	101	False
4467	坐礁	ざしょう	サ変接続	101	False
4467	坐食	ざしょく	サ変接続	101	False
4467	坦務	たんむ	サ変接続	None	False
4467	垂下	すいか	サ変接続	101	False
4467	垂涎	すいぜん	サ変接続	101	False
4467	垂範	すいはん	サ変接続	101	False
4467	埋伏	まいふく	サ変接続	101	False
4467	埋没	まいぼつ	サ変接続	101	False
4467	埋葬	まいそう	サ変接続	101	False
4467	埋蔵	まいぞう	サ変接続	101	False
4467	埋設	まいせつ	サ変接続	101	False
4467	埋骨	まいこつ	サ変接続	101	False
4467	執刀	しっとう	サ変接続	101	False
4467	執務	しつむ	サ変接続	101	False
4467	執奏	しっそう	サ変接続	101	False
4467	執達	しったつ	サ変接続	101	False
4467	培養	ばいよう	サ変接続	101	False
4467	堕胎	だたい	サ変接続	101	False
4467	堕落	だらく	サ変接続	101	False
4467	堙滅	いんめつ	サ変接続	101	False
4467	堪忍	かんにん	サ変接続	101	False
4467	報賽	ほうさい	サ変接続	101	True
4467	堵列	とれつ	サ変接続	101	True
4467	塗布	とふ	サ変接続	101	False
4467	塗抹	とまつ	サ変接続	101	False
4467	塗装	とそう	サ変接続	109	False
4467	塞源	そくげん	サ変接続	101	False
4467	塩梅	あんばい	サ変接続	101	False
4467	塩焼	しおやき	サ変接続	122	False
4467	塩蔵	えんぞう	サ変接続	101	True
4467	増作	ぞうさく	サ変接続	101	True
4467	増便	ぞうびん	サ変接続	101	True
4467	増俸	ぞうほう	サ変接続	101	False
4467	増刊	ぞうかん	サ変接続	101	True
4467	増力	ぞうりょく	サ変接続	115	True
4467	増反	ぞうたん	サ変接続	101	True
4467	増収	ぞうしゅう	サ変接続	101	False
4467	増幅	ぞうふく	サ変接続	101	True
4467	増悪	ぞうあく	サ変接続	101	True
4467	増援	ぞうえん	サ変接続	100	True
4467	増派	ぞうは	サ変接続	101	True
4467	増築	ぞうちく	サ変接続	101	True
4467	増結	ぞうけつ	サ変接続	101	True
4467	増給	ぞうきゅう	サ変接続	101	True
4467	増置	ぞうち	サ変接続	101	True
4467	増設	ぞうせつ	サ変接続	103	True
4467	増車	ぞうしゃ	サ変接続	101	True
4467	墜落	ついらく	サ変接続	101	False
4467	墨守	ぼくしゅ	サ変接続	101	False
4467	墨書	ぼくしょ	サ変接続	101	False
4467	壁書	へきしょ	サ変接続	101	False
4467	壊乱	かいらん	サ変接続	101	False
4467	壊死	えし	サ変接続	101	False
4467	壊滅	かいめつ	サ変接続	101	False
4467	壟断	ろうだん	サ変接続	101	False
4467	売約	ばいやく	サ変接続	101	True
4467	変位	へんい	サ変接続	101	True
4467	変名	へんめい	サ変接続	111	True
4467	変圧	へんあつ	サ変接続	115	True
4467	変奏	へんそう	サ変接続	101	True
4467	変容	へんよう	サ変接続	101	True
4467	変態	へんたい	サ変接続	101	True
4467	変改	へんかい	サ変接続	101	True
4467	変死	へんし	サ変接続	101	True
4467	変異	へんい	サ変接続	101	True
4467	変移	へんい	サ変接続	101	False
4467	変節	へんせつ	サ変接続	101	True
4467	変約	へんやく	サ変接続	101	True
4467	変色	へんしょく	サ変接続	101	True
4467	変装	へんそう	サ変接続	101	False
4467	変説	へんせつ	サ変接続	101	True
4467	変貌	へんぼう	サ変接続	101	False
4467	変転	へんてん	サ変接続	101	True
4467	変通	へんつう	サ変接続	101	True
4467	変速	へんそく	サ変接続	101	True
4467	夏眠	かみん	サ変接続	101	False
4467	外切	がいせつ	サ変接続	101	True
4467	外在	がいざい	サ変接続	101	True
4467	外接	がいせつ	サ変接続	101	True
4467	外遊	がいゆう	サ変接続	101	True
4467	多作	たさく	サ変接続	101	True
4467	多言	たげん	サ変接続	121	True
4467	多読	たどく	サ変接続	101	True
4467	夜勤	やきん	サ変接続	101	False
4467	夜襲	やしゅう	サ変接続	101	False
4467	大喝	だいかつ	サ変接続	101	True
4467	大息	たいそく	サ変接続	101	False
4467	大悟	たいご	サ変接続	101	False
4467	大挙	たいきょ	サ変接続	101	True
4467	大酔	たいすい	サ変接続	101	False
4467	大食	たいしょく	サ変接続	102	True
4467	夭折	ようせつ	サ変接続	101	False
4467	失墜	しっつい	サ変接続	101	False
4467	失心	しっしん	サ変接続	101	False
4467	失念	しつねん	サ変接続	101	True
4467	失敬	しっけい	サ変接続	96	False
4467	失神	しっしん	サ変接続	101	False
4467	失禁	しっきん	サ変接続	101	False
4467	失笑	しっしょう	サ変接続	101	False
4467	失職	しっしょく	サ変接続	101	False
4467	失脚	しっきゃく	サ変接続	101	False
4467	失言	しつげん	サ変接続	101	True
4467	失踪	しっそう	サ変接続	101	False
4467	失陥	しっかん	サ変接続	101	False
4467	奇襲	きしゅう	サ変接続	101	False
4467	奉奠	ほうてん	サ変接続	101	False
4467	奉拝	ほうはい	サ変接続	101	False
4467	奉祝	ほうしゅく	サ変接続	101	False
4467	奉納	ほうのう	サ変接続	101	False
4467	奉職	ほうしょく	サ変接続	101	False
4467	奉行	ぶぎょう	サ変接続	101	False
4467	奉読	ほうどく	サ変接続	101	False
4467	奉賛	ほうさん	サ変接続	101	False
4467	奉迎	ほうげい	サ変接続	101	False
4467	奉遷	ほうせん	サ変接続	101	False
4467	奏聞	そうもん	サ変接続	101	True
4467	奏覧	そうらん	サ変接続	101	True
4467	契印	けいいん	サ変接続	115	True
4467	契合	けいごう	サ変接続	101	True
4467	奔出	ほんしゅつ	サ変接続	101	False
4467	奔走	ほんそう	サ変接続	101	False
4467	奪掠	だつりゃく	サ変接続	101	False
4467	奪略	だつりゃく	サ変接続	101	True
4467	奪還	だっかん	サ変接続	101	False
4467	奮励	ふんれい	サ変接続	101	False
4467	奮戦	ふんせん	サ変接続	101	False
4467	奮発	ふんぱつ	サ変接続	101	False
4467	奮起	ふんき	サ変接続	101	False
4467	奮闘	ふんとう	サ変接続	101	False
4467	妄信	もうしん	サ変接続	101	False
4467	妄想	もうそう	サ変接続	90	False
4467	妄評	ぼうひょう	サ変接続	101	False
4467	妄評	もうひょう	サ変接続	101	False
4467	妊娠	にんしん	サ変接続	101	False
4467	妥協	だきょう	サ変接続	101	False
4467	妥結	だけつ	サ変接続	101	False
4467	妨害	ぼうがい	サ変接続	101	False
4467	妨碍	ぼうがい	サ変接続	101	False
4467	始業	しぎょう	サ変接続	101	True
4467	委任	いにん	サ変接続	101	True
4467	委縮	いしゅく	サ変接続	101	False
4467	姦通	かんつう	サ変接続	101	True
4467	威喝	いかつ	サ変接続	101	True
4467	威嚇	いかく	サ変接続	101	False
4467	威圧	いあつ	サ変接続	101	True
4467	婚姻	こんいん	サ変接続	101	False
4467	媒介	ばいかい	サ変接続	101	False
4467	媒妁	ばいしゃく	サ変接続	101	False
4467	媒酌	ばいしゃく	サ変接続	101	False
4467	嫌忌	けんき	サ変接続	101	False
4467	嫡出	ちゃくしゅつ	サ変接続	115	False
4467	存命	ぞんめい	サ変接続	101	False
4467	存知	ぞんち	サ変接続	102	True
4467	存置	そんち	サ変接続	101	True
4467	守護	しゅご	サ変接続	101	True
4467	安住	あんじゅう	サ変接続	101	True
4467	安坐	あんざ	サ変接続	101	False
4467	安居	あんきょ	サ変接続	115	True
4467	安座	あんざ	サ変接続	101	True
4467	安着	あんちゃく	サ変接続	101	True
4467	完熟	かんじゅく	サ変接続	101	True
4467	完結	かんけつ	サ変接続	101	True
4467	完訳	かんやく	サ変接続	101	True
4467	完遂	かんすい	サ変接続	101	False
4467	官給	かんきゅう	サ変接続	101	True
4467	官許	かんきょ	サ変接続	101	True
4467	定置	ていち	サ変接続	101	True
4467	実働	じつどう	サ変接続	101	True
4467	実存	じつぞん	サ変接続	101	True
4467	実測	じっそく	サ変接続	101	True
4467	実演	じつえん	サ変接続	101	True
4467	実習	じっしゅう	サ変接続	101	True
4467	宣下	せんげ	サ変接続	101	False
4467	宣告	せんこく	サ変接続	101	False
4467	宣布	せんぷ	サ変接続	101	False
4467	宣揚	せんよう	サ変接続	101	False
4467	宣撫	せんぶ	サ変接続	101	False
4467	宥免	ゆうめん	サ変接続	101	False
4467	宥恕	ゆうじょ	サ変接続	101	False
4467	家居	かきょ	サ変接続	101	True
4467	家蔵	かぞう	サ変接続	162	True
4467	容喙	ようかい	サ変接続	101	False
4467	宿営	しゅくえい	サ変接続	108	False
4467	宿望	しゅくぼう	サ変接続	115	False
4467	宿直	しゅくちょく	サ変接続	98	False
4467	宿衛	しゅくえい	サ変接続	101	False
4467	寂滅	じゃくめつ	サ変接続	101	False
4467	寄宿	きしゅく	サ変接続	101	False
4467	寄寓	きぐう	サ変接続	101	True
4467	寄贈	きぞう	サ変接続	101	False
4467	寄食	きしょく	サ変接続	101	True
4467	密告	みっこく	サ変接続	101	False
4467	密植	みっしょく	サ変接続	101	False
4467	密殺	みっさつ	サ変接続	101	False
4467	密生	みっせい	サ変接続	101	False
4467	密約	みつやく	サ変接続	101	True
4467	密訴	みっそ	サ変接続	101	False
4467	密輸	みつゆ	サ変接続	113	False
4467	密通	みっつう	サ変接続	101	False
4467	寒寒	さむざむ	サ変接続	138	False
4467	寓居	ぐうきょ	サ変接続	101	True
4467	寓目	ぐうもく	サ変接続	101	True
4467	寛恕	かんじょ	サ変接続	101	False
4467	察知	さっち	サ変接続	101	True
4467	審問	しんもん	サ変接続	101	False
4467	寵愛	ちょうあい	サ変接続	101	True
4467	寸断	すんだん	サ変接続	101	True
4467	寸裂	すんれつ	サ変接続	101	False
4467	対審	たいしん	サ変接続	101	False
4467	対晤	たいご	サ変接続	101	False
4467	対語	たいご	サ変接続	116	True
4467	封入	ふうにゅう	サ変接続	101	True
4467	封殺	ふうさつ	サ変接続	101	True
4467	封緘	ふうかん	サ変接続	101	False
4467	専属	せんぞく	サ変接続	101	False
4467	専念	せんねん	サ変接続	101	False
4467	専断	せんだん	サ変接続	101	False
4467	専有	せんゆう	サ変接続	101	False
4467	専用	せんよう	サ変接続	96	False
4467	射出	しゃしゅつ	サ変接続	101	True
4467	射影	しゃえい	サ変接続	101	False
4467	射撃	しゃげき	サ変接続	101	True
4467	射精	しゃせい	サ変接続	101	True
4467	尊信	そんしん	サ変接続	101	False
4467	尊崇	そんすう	サ変接続	101	False
4467	導出	どうしゅつ	サ変接続	101	False
4467	導通	どうつう	サ変接続	115	False
4467	小別	しょうべつ	サ変接続	101	True
4467	小破	しょうは	サ変接続	101	True
4467	就任	しゅうにん	サ変接続	101	False
4467	就位	しゅうい	サ変接続	101	False
4467	就労	しゅうろう	サ変接続	101	False
4467	就床	しゅうしょう	サ変接続	101	False
4467	就眠	しゅうみん	サ変接続	101	False
4467	就航	しゅうこう	サ変接続	101	False
4467	就褥	しゅうじょく	サ変接続	101	False
4467	尽瘁	じんすい	サ変接続	101	False
4467	局在	きょくざい	サ変接続	101	True
4467	屈伏	くっぷく	サ変接続	101	False
4467	屈伸	くっしん	サ変接続	101	False
4467	屈従	くつじゅう	サ変接続	101	False
4467	屈折	くっせつ	サ変接続	101	False
4467	屈曲	くっきょく	サ変接続	101	False
4467	屈服	くっぷく	サ変接続	101	False
4467	屈託	くったく	サ変接続	101	False
4467	屏息	へいそく	サ変接続	101	False
4467	展墓	てんぼ	サ変接続	101	True
4467	展延	てんえん	サ変接続	101	False
4467	展翅	てんし	サ変接続	101	False
4467	属望	しょくぼう	サ変接続	101	False
4467	属目	しょくもく	サ変接続	101	True
4467	屡述	るじゅつ	サ変接続	101	False
4467	履修	りしゅう	サ変接続	101	False
4467	履行	りこう	サ変接続	101	False
4467	履践	りせん	サ変接続	101	False
4467	屯営	とんえい	サ変接続	101	False
4467	山居	さんきょ	サ変接続	101	True
4467	屹立	きつりつ	サ変接続	101	False
4467	峻別	しゅんべつ	サ変接続	101	False
4467	峻拒	しゅんきょ	サ変接続	101	False
4467	崇拝	すうはい	サ変接続	101	False
4467	崇敬	すうけい	サ変接続	101	False
4467	崩落	ほうらく	サ変接続	101	False
4467	嵌入	かんにゅう	サ変接続	101	False
4467	巡察	じゅんさつ	サ変接続	101	True
4467	巡拝	じゅんぱい	サ変接続	101	False
4467	巡検	じゅんけん	サ変接続	101	True
4467	巡業	じゅんぎょう	サ変接続	101	True
4467	巡歴	じゅんれき	サ変接続	101	True
4467	巡演	じゅんえん	サ変接続	101	True
4467	巡礼	じゅんれい	サ変接続	101	True
4467	巡見	じゅんけん	サ変接続	101	True
4467	巡視	じゅんし	サ変接続	101	True
4467	巡覧	じゅんらん	サ変接続	101	True
4467	巡遊	じゅんゆう	サ変接続	101	True
4467	巡邏	じゅんら	サ変接続	101	False
4467	巡閲	じゅんえつ	サ変接続	101	False
4467	左傾	さけい	サ変接続	101	False
4467	左袒	さたん	サ変接続	101	False
4467	左遷	させん	サ変接続	101	False
4467	差遣	さけん	サ変接続	101	False
4467	差配	さはい	サ変接続	101	True
4467	布告	ふこく	サ変接続	101	False
4467	布設	ふせつ	サ変接続	101	False
4467	帆走	はんそう	サ変接続	101	False
4467	希求	ききゅう	サ変接続	101	True
4467	希釈	きしゃく	サ変接続	101	False
4467	席巻	せっけん	サ変接続	101	False
4467	席捲	せっけん	サ変接続	101	False
4467	帯出	たいしゅつ	サ変接続	101	True
4467	帯電	たいでん	サ変接続	101	True
4467	帰一	きいつ	サ変接続	101	True
4467	帰任	きにん	サ変接続	101	True
4467	帰伏	きふく	サ変接続	101	True
4467	帰参	きさん	サ変接続	101	True
4467	帰営	きえい	サ変接続	101	True
4467	帰山	きさん	サ変接続	101	True
4467	帰服	きふく	サ変接続	101	True
4467	常住	じょうじゅう	サ変接続	101	False
4467	常用	じょうよう	サ変接続	117	False
4467	常直	じょうちょく	サ変接続	101	False
4467	常食	じょうしょく	サ変接続	101	False
4467	幇助	ほうじょ	サ変接続	101	False
4467	平伏	へいふく	サ変接続	115	True
4467	平分	へいぶん	サ変接続	101	True
4467	平叙	へいじょ	サ変接続	101	True
4467	平復	へいふく	サ変接続	101	True
4467	平癒	へいゆ	サ変接続	101	False
4467	幻惑	げんわく	サ変接続	101	False
4467	幽閉	ゆうへい	サ変接続	101	False
4467	店番	みせばん	サ変接続	103	False
4467	座乗	ざじょう	サ変接続	101	True
4467	座礁	ざしょう	サ変接続	101	True
4467	座禅	ざぜん	サ変接続	101	True
4467	座談	ざだん	サ変接続	101	True
4467	座食	ざしょく	サ変接続	101	True
4467	廃嫡	はいちゃく	サ変接続	101	False
4467	廃滅	はいめつ	サ変接続	101	True
4467	廃立	はいりつ	サ変接続	101	True
4467	廃退	はいたい	サ変接続	101	True
4467	廃頽	はいたい	サ変接続	101	False
4467	廉売	れんばい	サ変接続	101	False
4467	延伸	えんしん	サ変接続	101	False
4467	延引	えんいん	サ変接続	101	False
4467	延滞	えんたい	サ変接続	101	False
4467	延発	えんぱつ	サ変接続	101	False
4467	延着	えんちゃく	サ変接続	101	False
4467	延納	えんのう	サ変接続	101	False
4467	建白	けんぱく	サ変接続	101	False
4467	弁償	べんしょう	サ変接続	101	True
4467	弁別	べんべつ	サ変接続	100	True
4467	弁疏	べんそ	サ変接続	101	False
4467	弁解	べんかい	サ変接続	101	True
4467	弁難	べんなん	サ変接続	101	True
4467	弁駁	べんばく	サ変接続	101	False
4467	式微	しきび	サ変接続	101	True
4467	弑虐	しいぎゃく	サ変接続	101	False
4467	弑逆	しいぎゃく	サ変接続	101	False
4467	引当	ひきあて	サ変接続	114	False
4467	引接	いんせつ	サ変接続	101	True
4467	引決	いんけつ	サ変接続	101	True
4467	引率	いんそつ	サ変接続	102	True
4467	引用	いんよう	サ変接続	101	True
4467	引算	ひきざん	サ変接続	103	False
4467	引致	いんち	サ変接続	101	True
4467	引見	いんけん	サ変接続	101	True
4467	引責	いんせき	サ変接続	101	True
4467	引退	いんたい	サ変接続	101	True
4467	弱化	じゃっか	サ変接続	101	False
4467	強圧	きょうあつ	サ変接続	101	True
4467	強弁	きょうべん	サ変接続	101	True
4467	強振	きょうしん	サ変接続	101	True
4467	強直	きょうちょく	サ変接続	101	True
4467	強訴	ごうそ	サ変接続	101	False
4467	強迫	きょうはく	サ変接続	101	True
4467	弾圧	だんあつ	サ変接続	101	True
4467	彌縫	びほう	サ変接続	101	False
4467	彎入	わんにゅう	サ変接続	105	False
4467	彎曲	わんきょく	サ変接続	101	False
4467	当惑	とうわく	サ変接続	101	False
4467	当直	とうちょく	サ変接続	101	True
4467	彫刻	ちょうこく	サ変接続	101	False
4467	彫琢	ちょうたく	サ変接続	101	False
4467	彫金	ちょうきん	サ変接続	101	False
4467	彷彿	ほうふつ	サ変接続	108	False
4467	役務	えきむ	サ変接続	115	True
4467	往来	おうらい	サ変接続	101	True
4467	往訪	おうほう	サ変接続	101	False
4467	往還	おうかん	サ変接続	101	False
4467	征伐	せいばつ	サ変接続	101	False
4467	徂来	そらい	サ変接続	101	False
4467	律動	りつどう	サ変接続	101	True
4467	後略	こうりゃく	サ変接続	115	True
4467	後述	こうじゅつ	サ変接続	101	True
4467	後逸	こういつ	サ変接続	101	True
4467	徒渉	としょう	サ変接続	101	False
4467	徒費	とひ	サ変接続	101	True
4467	徒長	とちょう	サ変接続	101	True
4467	徒食	としょく	サ変接続	98	True
4467	従属	じゅうぞく	サ変接続	101	False
4467	従業	じゅうぎょう	サ変接続	91	False
4467	従軍	じゅうぐん	サ変接続	101	False
4467	得度	とくど	サ変接続	101	True
4467	得道	とくどう	サ変接続	101	True
4467	徘徊	はいかい	サ変接続	105	False
4467	復円	ふくえん	サ変接続	101	True
4467	復刻	ふっこく	サ変接続	100	True
4467	復古	ふっこ	サ変接続	101	True
4467	復命	ふくめい	サ変接続	101	False
4467	復姓	ふくせい	サ変接続	101	True
4467	復籍	ふくせき	サ変接続	101	True
4467	復縁	ふくえん	サ変接続	101	True
4467	復習	ふくしゅう	サ変接続	107	True
4467	復讎	ふくしゅう	サ変接続	96	False
4467	復讐	ふくしゅう	サ変接続	96	False
4467	復辟	ふくへき	サ変接続	101	False
4467	微分	びぶん	サ変接続	101	True
4467	微動	びどう	サ変接続	101	True
4467	微吟	びぎん	サ変接続	101	False
4467	微祿	びろく	サ変接続	None	False
4467	微行	びこう	サ変接続	101	True
4467	徳化	とっか	サ変接続	101	False
4467	徴発	ちょうはつ	サ変接続	101	True
4467	心服	しんぷく	サ変接続	101	False
4467	必着	ひっちゃく	サ変接続	115	True
4467	必見	ひっけん	サ変接続	115	True
4467	必読	ひつどく	サ変接続	101	True
4467	忌避	きひ	サ変接続	101	True
4467	忍受	にんじゅ	サ変接続	101	True
4467	忍従	にんじゅう	サ変接続	101	False
4467	忍耐	にんたい	サ変接続	101	True
4467	忍苦	にんく	サ変接続	101	True
4467	忖度	そんたく	サ変接続	101	False
4467	忘却	ぼうきゃく	サ変接続	101	False
4467	忘失	ぼうしつ	サ変接続	101	False
4467	忙殺	ぼうさつ	サ変接続	101	False
4467	応対	おうたい	サ変接続	101	True
4467	応射	おうしゃ	サ変接続	101	True
4467	応戦	おうせん	サ変接続	101	True
4467	応援	おうえん	サ変接続	101	True
4467	応訴	おうそ	サ変接続	101	True
4467	応諾	おうだく	サ変接続	101	True
4467	快癒	かいゆ	サ変接続	101	False
4467	快眠	かいみん	サ変接続	101	False
4467	快諾	かいだく	サ変接続	101	False
4467	念仏	ねんぶつ	サ変接続	81	True
4467	念誦	ねんじゅ	サ変接続	101	False
4467	念誦	ねんず	サ変接続	101	False
4467	忿怒	ふんど	サ変接続	101	False
4467	怒号	どごう	サ変接続	101	False
4467	怒張	どちょう	サ変接続	101	False
4467	思弁	しべん	サ変接続	101	True
4467	思念	しねん	サ変接続	101	True
4467	怠業	たいぎょう	サ変接続	101	False
4467	怠納	たいのう	サ変接続	101	False
4467	急冷	きゅうれい	サ変接続	101	True
4467	急募	きゅうぼ	サ変接続	101	False
4467	急告	きゅうこく	サ変接続	101	True
4467	急報	きゅうほう	サ変接続	101	True
4467	急設	きゅうせつ	サ変接続	101	True
4467	急転	きゅうてん	サ変接続	101	True
4467	急迫	きゅうはく	サ変接続	101	True
4467	急追	きゅうつい	サ変接続	101	True
4467	急送	きゅうそう	サ変接続	101	True
4467	怨嗟	えんさ	サ変接続	101	False
4467	恋着	れんちゃく	サ変接続	101	False
4467	恐悦	きょうえつ	サ変接続	101	False
4467	恤兵	じゅっぺい	サ変接続	101	False
4467	恩借	おんしゃく	サ変接続	101	False
4467	恫喝	どうかつ	サ変接続	101	False
4467	恭悦	きょうえつ	サ変接続	101	False
4467	悋気	りんき	サ変接続	101	False
4467	悔悟	かいご	サ変接続	101	False
4467	悖反	はいはん	サ変接続	101	False
4467	悟入	ごにゅう	サ変接続	101	False
4467	悦服	えっぷく	サ変接続	101	False
4467	悦楽	えつらく	サ変接続	101	True
4467	悩乱	のうらん	サ変接続	101	False
4467	悩殺	のうさつ	サ変接続	101	False
4467	悪罵	あくば	サ変接続	101	False
4467	悲嘆	ひたん	サ変接続	101	False
4467	悲愁	ひしゅう	サ変接続	101	False
4467	悲憤	ひふん	サ変接続	101	False
4467	悲歎	ひたん	サ変接続	101	False
4467	悲観	ひかん	サ変接続	101	False
4467	悶死	もんし	サ変接続	101	False
4467	悶着	もんちゃく	サ変接続	101	False
4467	悶絶	もんぜつ	サ変接続	101	False
4467	惑乱	わくらん	サ変接続	101	False
4467	惑溺	わくでき	サ変接続	101	False
4467	惜別	せきべつ	サ変接続	115	False
4467	惜敗	せきはい	サ変接続	101	False
4467	惨敗	ざんぱい	サ変接続	101	False
4467	惨落	さんらく	サ変接続	101	False
4467	想望	そうぼう	サ変接続	101	False
4467	惹起	じゃっき	サ変接続	101	False
4467	愁嘆	しゅうたん	サ変接続	101	False
4467	愉悦	ゆえつ	サ変接続	101	False
4467	愚弄	ぐろう	サ変接続	101	True
4467	愚考	ぐこう	サ変接続	101	True
4467	愛吟	あいぎん	サ変接続	101	False
4467	愛唱	あいしょう	サ変接続	101	False
4467	愛惜	あいせき	サ変接続	101	False
4467	愛慕	あいぼ	サ変接続	101	False
4467	愛撫	あいぶ	サ変接続	102	False
4467	愛玩	あいがん	サ変接続	101	False
4467	愛育	あいいく	サ変接続	101	True
4467	愛蔵	あいぞう	サ変接続	101	True
4467	愛誦	あいしょう	サ変接続	101	False
4467	愛読	あいどく	サ変接続	101	True
4467	愛重	あいちょう	サ変接続	101	True
4467	愛飲	あいいん	サ変接続	101	True
4467	感化	かんか	サ変接続	101	True
4467	感吟	かんぎん	サ変接続	101	False
4467	感嘆	かんたん	サ変接続	101	False
4467	感奮	かんぷん	サ変接続	101	False
4467	感応	かんおう	サ変接続	101	True
4467	感恩	かんおん	サ変接続	101	True
4467	感歎	かんたん	サ変接続	101	False
4467	感泣	かんきゅう	サ変接続	101	False
4467	感知	かんち	サ変接続	101	True
4467	慙愧	ざんき	サ変接続	101	False
4467	慣熟	かんじゅく	サ変接続	101	False
4467	慨嘆	がいたん	サ変接続	101	False
4467	慨歎	がいたん	サ変接続	101	False
4467	慰労	いろう	サ変接続	101	True
4467	慰安	いあん	サ変接続	101	True
4467	慰留	いりゅう	サ変接続	101	False
4467	慴伏	しょうふく	サ変接続	101	False
4467	慶祝	けいしゅく	サ変接続	101	True
4467	慶賀	けいが	サ変接続	101	True
4467	憂悶	ゆうもん	サ変接続	101	False
4467	憂慮	ゆうりょ	サ変接続	101	False
4467	憎悪	ぞうお	サ変接続	101	False
4467	憐察	れんさつ	サ変接続	101	False
4467	憔悴	しょうすい	サ変接続	101	False
4467	憤怒	ふんど	サ変接続	99	False
4467	憤慨	ふんがい	サ変接続	101	False
4467	憤死	ふんし	サ変接続	101	False
4467	憤激	ふんげき	サ変接続	101	False
4467	憫察	びんさつ	サ変接続	101	False
4467	憫笑	びんしょう	サ変接続	101	False
4467	憶測	おくそく	サ変接続	101	False
4467	懇望	こんぼう	サ変接続	101	False
4467	懇望	こんもう	サ変接続	101	False
4467	懇請	こんせい	サ変接続	101	False
4467	懇願	こんがん	サ変接続	101	True
4467	懊悩	おうのう	サ変接続	101	False
4467	懲罰	ちょうばつ	サ変接続	101	False
4467	懸垂	けんすい	サ変接続	101	False
4467	懸想	けそう	サ変接続	101	False
4467	懸絶	けんぜつ	サ変接続	101	False
4467	懾伏	しょうふく	サ変接続	101	False
4467	成仏	じょうぶつ	サ変接続	101	True
4467	成婚	せいこん	サ変接続	115	True
4467	成就	じょうじゅ	サ変接続	101	False
4467	成敗	せいばい	サ変接続	93	False
4467	成業	せいぎょう	サ変接続	101	True
4467	成道	じょうどう	サ変接続	101	True
4467	戒飭	かいちょく	サ変接続	101	False
4467	戦慄	せんりつ	サ変接続	101	False
4467	截断	せつだん	サ変接続	93	False
4467	戻入	れいにゅう	サ変接続	101	True
4467	所望	しょもう	サ変接続	101	False
4467	所轄	しょかつ	サ変接続	101	False
4467	扈従	こじゅう	サ変接続	97	False
4467	才覚	さいかく	サ変接続	101	False
4467	打擲	ちょうちゃく	サ変接続	101	False
4467	打鍵	だけん	サ変接続	115	False
4467	打電	だでん	サ変接続	101	True
4467	払底	ふってい	サ変接続	101	False
4467	払拭	ふっしょく	サ変接続	101	False
4467	托鉢	たくはつ	サ変接続	101	False
4467	扮装	ふんそう	サ変接続	101	False
4467	扶助	ふじょ	サ変接続	101	False
4467	扶植	ふしょく	サ変接続	101	False
4467	扶翼	ふよく	サ変接続	101	False
4467	扶育	ふいく	サ変接続	101	False
4467	批准	ひじゅん	サ変接続	101	True
4467	批正	ひせい	サ変接続	101	True
4467	扼腕	やくわん	サ変接続	101	False
4467	承伏	しょうふく	サ変接続	101	False
4467	承服	しょうふく	サ変接続	101	False
4467	承諾	しょうだく	サ変接続	101	False
4467	抄出	しょうしゅつ	サ変接続	101	False
4467	抄訳	しょうやく	サ変接続	101	False
4467	把捉	はそく	サ変接続	101	False
4467	把握	はあく	サ変接続	101	False
4467	投了	とうりょう	サ変接続	101	False
4467	投出	とうしゅつ	サ変接続	101	True
4467	投函	とうかん	サ変接続	101	False
4467	投宿	とうしゅく	サ変接続	101	False
4467	投擲	とうてき	サ変接続	101	True
4467	投獄	とうごく	サ変接続	101	True
4467	投錨	とうびょう	サ変接続	101	False
4467	折伏	しゃくぶく	サ変接続	101	False
4467	折損	せっそん	サ変接続	101	False
4467	折檻	せっかん	サ変接続	101	False
4467	抜刀	ばっとう	サ変接続	101	False
4467	抜剣	ばっけん	サ変接続	101	False
4467	抜擢	ばってき	サ変接続	101	False
4467	抜歯	ばっし	サ変接続	101	False
4467	抜粋	ばっすい	サ変接続	101	False
4467	抜糸	ばっし	サ変接続	101	False
4467	抜萃	ばっすい	サ変接続	101	False
4467	抜錨	ばつびょう	サ変接続	101	False
4467	披歴	ひれき	サ変接続	101	False
4467	披瀝	ひれき	サ変接続	101	False
4467	披閲	ひえつ	サ変接続	101	False
4467	抱合	ほうごう	サ変接続	101	False
4467	抹殺	まっさつ	サ変接続	101	False
4467	押印	おういん	サ変接続	101	True
4467	押売	おしうり	サ変接続	108	False
4467	押捺	おうなつ	サ変接続	101	False
4467	押送	おうそう	サ変接続	101	True
4467	抽出	ちゅうしゅつ	サ変接続	85	False
4467	抽籤	ちゅうせん	サ変接続	101	False
4467	抽選	ちゅうせん	サ変接続	101	False
4467	担保	たんぽ	サ変接続	101	False
4467	拉致	らっち	サ変接続	76	False
4467	拒否	きょひ	サ変接続	101	False
4467	拒止	きょし	サ変接続	101	False
4467	拒絶	きょぜつ	サ変接続	101	False
4467	拓殖	たくしょく	サ変接続	99	False
4467	拘泥	こうでい	サ変接続	101	False
4467	拝借	はいしゃく	サ変接続	101	False
4467	拝受	はいじゅ	サ変接続	101	True
4467	拝呈	はいてい	サ変接続	101	True
4467	拝命	はいめい	サ変接続	101	False
4467	拝察	はいさつ	サ変接続	101	True
4467	拝承	はいしょう	サ変接続	101	False
4467	拝眉	はいび	サ変接続	101	False
4467	拝礼	はいれい	サ変接続	101	True
4467	拝見	はいけん	サ変接続	101	True
4467	拝読	はいどく	サ変接続	101	True
4467	拝謁	はいえつ	サ変接続	101	False
4467	拝賀	はいが	サ変接続	101	True
4467	拝趨	はいすう	サ変接続	101	False
4467	拝辞	はいじ	サ変接続	101	True
4467	拝領	はいりょう	サ変接続	101	False
4467	拡充	かくじゅう	サ変接続	101	False
4467	拡張	かくちょう	サ変接続	101	False
4467	拡散	かくさん	サ変接続	101	False
4467	拮抗	きっこう	サ変接続	101	False
4467	拷問	ごうもん	サ変接続	101	False
4467	拾得	しゅうとく	サ変接続	101	False
4467	持久	じきゅう	サ変接続	101	True
4467	挂錫	けしゃく	サ変接続	101	False
4467	指図	さしず	サ変接続	103	False
4467	按分	あんぶん	サ変接続	101	False
4467	按排	あんばい	サ変接続	101	False
4467	按摩	あんま	サ変接続	102	False
4467	按腹	あんぷく	サ変接続	101	False
4467	按配	あんばい	サ変接続	101	False
4467	挑撥	ちょうはつ	サ変接続	101	False
4467	挑発	ちょうはつ	サ変接続	101	False
4467	挙兵	きょへい	サ変接続	101	True
4467	挙止	きょし	サ変接続	115	True
4467	挙行	きょこう	サ変接続	101	True
4467	挙証	きょしょう	サ変接続	101	True
4467	挫傷	ざしょう	サ変接続	101	False
4467	挫折	ざせつ	サ変接続	101	False
4467	挺身	ていしん	サ変接続	101	True
4467	挺進	ていしん	サ変接続	101	True
4467	挿入	そうにゅう	サ変接続	101	False
4467	捕獲	ほかく	サ変接続	101	False
4467	捕縛	ほばく	サ変接続	101	False
4467	捕食	ほしょく	サ変接続	101	False
4467	捧読	ほうどく	サ変接続	101	False
4467	捺印	なついん	サ変接続	101	False
4467	捺染	なっせん	サ変接続	101	False
4467	捻挫	ねんざ	サ変接続	101	False
4467	捻転	ねんてん	サ変接続	101	False
4467	掃引	そういん	サ変接続	115	False
4467	掃滅	そうめつ	サ変接続	101	False
4467	掃除	そうじ	サ変接続	101	False
4467	授与	じゅよ	サ変接続	101	False
4467	授乳	じゅにゅう	サ変接続	101	False
4467	授戒	じゅかい	サ変接続	101	False
4467	授業	じゅぎょう	サ変接続	101	False
4467	授賞	じゅしょう	サ変接続	101	False
4467	排尿	はいにょう	サ変接続	101	True
4467	排撃	はいげき	サ変接続	101	True
4467	排斥	はいせき	サ変接続	101	False
4467	掘削	くっさく	サ変接続	101	False
4467	掘鑿	くっさく	サ変接続	101	False
4467	採取	さいしゅ	サ変接続	101	True
4467	採寸	さいすん	サ変接続	101	True
4467	採尿	さいにょう	サ変接続	101	True
4467	採掘	さいくつ	サ変接続	101	False
4467	採油	さいゆ	サ変接続	101	True
4467	採石	さいせき	サ変接続	101	True
4467	採種	さいしゅ	サ変接続	101	True
4467	採録	さいろく	サ変接続	101	True
4467	探偵	たんてい	サ変接続	101	False
4467	探察	たんさつ	サ変接続	101	False
4467	探査	たんさ	サ変接続	101	False
4467	探梅	たんばい	サ変接続	101	False
4467	探検	たんけん	サ変接続	101	False
4467	探求	たんきゅう	サ変接続	101	False
4467	探測	たんそく	サ変接続	101	False
4467	探知	たんち	サ変接続	101	False
4467	探究	たんきゅう	サ変接続	101	False
4467	探索	たんさく	サ変接続	101	False
4467	探聞	たんぶん	サ変接続	101	False
4467	探訪	たんぼう	サ変接続	101	False
4467	探険	たんけん	サ変接続	101	False
4467	掣肘	せいちゅう	サ変接続	101	False
4467	接伴	せっぱん	サ変接続	101	False
4467	接写	せっしゃ	サ変接続	101	True
4467	接収	せっしゅう	サ変接続	101	False
4467	接受	せつじゅ	サ変接続	101	True
4467	接合	せつごう	サ変接続	101	True
4467	接吻	せっぷん	サ変接続	101	False
4467	接尾	せつび	サ変接続	101	True
4467	接岸	せつがん	サ変接続	101	True
4467	接着	せっちゃく	サ変接続	101	True
4467	接見	せっけん	サ変接続	101	True
4467	接頭	せっとう	サ変接続	112	True
4467	推察	すいさつ	サ変接続	101	True
4467	推戴	すいたい	サ変接続	101	False
4467	推挙	すいきょ	サ変接続	101	True
4467	推敲	すいこう	サ変接続	101	False
4467	推断	すいだん	サ変接続	101	True
4467	推服	すいふく	サ変接続	101	True
4467	推測	すいそく	サ変接続	101	True
4467	推知	すいち	サ変接続	101	True
4467	推考	すいこう	サ変接続	101	True
4467	推論	すいろん	サ変接続	101	True
4467	推輓	すいばん	サ変接続	101	False
4467	推重	すいちょう	サ変接続	101	True
4467	掩蔽	えんぺい	サ変接続	101	False
4467	掩護	えんご	サ変接続	101	False
4467	措定	そてい	サ変接続	101	False
4467	掲出	けいしゅつ	サ変接続	101	False
4467	掲額	けいがく	サ変接続	101	False
4467	描出	びょうしゅつ	サ変接続	101	False
4467	揚言	ようげん	サ変接続	101	False
4467	換価	かんか	サ変接続	101	True
4467	換地	かんち	サ変接続	101	True
4467	換物	かんぶつ	サ変接続	101	True
4467	換金	かんきん	サ変接続	104	True
4467	揮発	きはつ	サ変接続	101	True
4467	援引	えんいん	サ変接続	101	True
4467	援用	えんよう	サ変接続	101	True
4467	援護	えんご	サ変接続	101	True
4467	揶揄	やゆ	サ変接続	101	False
4467	揺曳	ようえい	サ変接続	101	False
4467	損耗	そんこう	サ変接続	97	True
4467	損耗	そんもう	サ変接続	97	False
4467	搏動	はくどう	サ変接続	101	False
4467	搬入	はんにゅう	サ変接続	101	True
4467	搬出	はんしゅつ	サ変接続	101	True
4467	搬送	はんそう	サ変接続	101	True
4467	搭載	とうさい	サ変接続	101	False
4467	搾乳	さくにゅう	サ変接続	101	False
4467	搾取	さくしゅ	サ変接続	101	False
4467	搾油	さくゆ	サ変接続	101	False
4467	摂動	せつどう	サ変接続	101	False
4467	摂生	せっせい	サ変接続	101	False
4467	摘出	てきしゅつ	サ変接続	101	False
4467	摘心	てきしん	サ変接続	101	False
4467	摘果	てきか	サ変接続	101	False
4467	摘発	てきはつ	サ変接続	101	False
4467	摘芽	てきが	サ変接続	101	False
4467	摘記	てっき	サ変接続	101	False
4467	摘録	てきろく	サ変接続	101	False
4467	摩損	まそん	サ変接続	101	True
4467	摩擦	まさつ	サ変接続	101	True
4467	摩滅	まめつ	サ変接続	101	True
4467	摩耗	まもう	サ変接続	101	False
4467	摸倣	もほう	サ変接続	101	False
4467	摸写	もしゃ	サ変接続	101	False
4467	摸索	もさく	サ変接続	101	False
4467	撃墜	げきつい	サ変接続	101	False
4467	撃沈	げきちん	サ変接続	101	False
4467	撃滅	げきめつ	サ変接続	101	True
4467	撃砕	げきさい	サ変接続	101	False
4467	撃破	げきは	サ変接続	101	True
4467	撃退	げきたい	サ変接続	101	True
4467	撒布	さっぷ	サ変接続	92	False
4467	撒播	さっぱ	サ変接続	101	False
4467	撒水	さっすい	サ変接続	101	False
4467	撒水	さんすい	サ変接続	101	False
4467	撞着	どうちゃく	サ変接続	101	False
4467	撤兵	てっぺい	サ変接続	101	False
4467	撤去	てっきょ	サ変接続	101	False
4467	撤収	てっしゅう	サ変接続	101	False
4467	撤回	てっかい	サ変接続	101	False
4467	撤廃	てっぱい	サ変接続	101	False
4467	撫育	ぶいく	サ変接続	101	False
4467	撲殺	ぼくさつ	サ変接続	101	False
4467	撲滅	ぼくめつ	サ変接続	101	False
4467	撹乱	こうらん	サ変接続	97	False
4467	撹拌	かくはん	サ変接続	101	False
4467	擅断	せんだん	サ変接続	101	False
4467	擬装	ぎそう	サ変接続	101	False
4467	擯斥	ひんせき	サ変接続	101	False
4467	擱坐	かくざ	サ変接続	101	False
4467	擱座	かくざ	サ変接続	101	False
4467	擱筆	かくひつ	サ変接続	101	False
4467	擾乱	じょうらん	サ変接続	101	False
4467	支出	ししゅつ	サ変接続	101	True
4467	支弁	しべん	サ変接続	101	True
4467	支援	しえん	サ変接続	101	True
4467	改作	かいさく	サ変接続	101	True
4467	改宗	かいしゅう	サ変接続	101	True
4467	改廃	かいはい	サ変接続	101	True
4467	改悟	かいご	サ変接続	101	False
4467	改易	かいえき	サ変接続	101	True
4467	改版	かいはん	サ変接続	101	True
4467	改竄	かいざん	サ変接続	101	False
4467	改築	かいちく	サ変接続	103	True
4467	改編	かいへん	サ変接続	101	True
4467	改題	かいだい	サ変接続	101	True
4467	放下	ほうげ	サ変接続	101	True
4467	放任	ほうにん	サ変接続	101	True
4467	放伐	ほうばつ	サ変接続	101	False
4467	放出	ほうしゅつ	サ変接続	101	True
4467	放吟	ほうぎん	サ変接続	101	False
4467	放尿	ほうにょう	サ変接続	101	True
4467	放屁	ほうひ	サ変接続	101	False
4467	放念	ほうねん	サ変接続	101	True
4467	放散	ほうさん	サ変接続	101	True
4467	放水	ほうすい	サ変接続	101	True
4467	放流	ほうりゅう	サ変接続	101	True
4467	放熱	ほうねつ	サ変接続	101	True
4467	放牧	ほうぼく	サ変接続	101	False
4467	放逐	ほうちく	サ変接続	101	False
4467	救出	きゅうしゅつ	サ変接続	101	False
4467	救助	きゅうじょ	サ変接続	101	False
4467	救恤	きゅうじゅつ	サ変接続	101	False
4467	救護	きゅうご	サ変接続	101	False
4467	敗亡	はいぼう	サ変接続	101	False
4467	敗走	はいそう	サ変接続	101	True
4467	教唆	きょうさ	サ変接続	101	False
4467	教護	きょうご	サ変接続	101	True
4467	散佚	さんいつ	サ変接続	101	False
4467	散大	さんだい	サ変接続	101	True
4467	散水	さんすい	サ変接続	101	True
4467	散点	さんてん	サ変接続	101	True
4467	散発	さんぱつ	サ変接続	101	True
4467	散策	さんさく	サ変接続	101	True
4467	散逸	さんいつ	サ変接続	101	True
4467	散骨	さんこつ	サ変接続	101	True
4467	散髪	さんぱつ	サ変接続	101	False
4467	敬慕	けいぼ	サ変接続	101	False
4467	敬服	けいふく	サ変接続	101	True
4467	敬礼	けいれい	サ変接続	101	True
4467	整列	せいれつ	サ変接続	101	False
4467	整合	せいごう	サ変接続	101	False
4467	整流	せいりゅう	サ変接続	101	False
4467	整除	せいじょ	サ変接続	101	False
4467	整頓	せいとん	サ変接続	101	False
4467	整髪	せいはつ	サ変接続	101	False
4467	敷衍	ふえん	サ変接続	101	False
4467	敷設	ふせつ	サ変接続	101	False
4467	文選	ぶんせん	サ変接続	101	True
4467	文飾	ぶんしょく	サ変接続	101	False
4467	斬死	きりじに	サ変接続	108	False
4467	斬殺	ざんさつ	サ変接続	101	False
4467	斬首	ざんしゅ	サ変接続	101	False
4467	斬髪	ざんぱつ	サ変接続	101	False
4467	断交	だんこう	サ変接続	101	True
4467	断截	だんさい	サ変接続	0	False
4467	断滅	だんめつ	サ変接続	101	True
4467	断種	だんしゅ	サ変接続	101	True
4467	断続	だんぞく	サ変接続	101	True
4467	断裁	だんさい	サ変接続	101	True
4467	断言	だんげん	サ変接続	101	True
4467	断髪	だんぱつ	サ変接続	101	False
4467	施療	せりょう	サ変接続	101	False
4467	施肥	せひ	サ変接続	101	False
4467	施術	しじゅつ	サ変接続	101	True
4467	施錠	せじょう	サ変接続	101	True
4467	旋回	せんかい	サ変接続	101	True
4467	旋転	せんてん	サ変接続	101	True
4467	族生	ぞくせい	サ変接続	None	True
4467	既出	きしゅつ	サ変接続	101	False
4467	日勤	にっきん	サ変接続	101	False
4467	早出	そうしゅつ	サ変接続	101	True
4467	早婚	そうこん	サ変接続	101	True
4467	早死	はやじに	サ変接続	115	False
4467	早産	そうざん	サ変接続	101	False
4467	早着	そうちゃく	サ変接続	101	True
4467	昂奮	こうふん	サ変接続	101	False
4467	明察	めいさつ	サ変接続	101	True
4467	明断	めいだん	サ変接続	101	True
4467	明滅	めいめつ	サ変接続	101	True
4467	昏睡	こんすい	サ変接続	101	False
4467	昏迷	こんめい	サ変接続	101	False
4467	映写	えいしゃ	サ変接続	101	True
4467	映発	えいはつ	サ変接続	101	True
4467	是認	ぜにん	サ変接続	101	True
4467	晩酌	ばんしゃく	サ変接続	101	True
4467	晴晴	はればれ	サ変接続	138	False
4467	暗合	あんごう	サ変接続	101	True
4467	暗唱	あんしょう	サ変接続	101	False
4467	暗記	あんき	サ変接続	101	True
4467	暗譜	あんぷ	サ変接続	101	False
4467	暗躍	あんやく	サ変接続	101	True
4467	暴圧	ぼうあつ	サ変接続	101	False
4467	暴発	ぼうはつ	サ変接続	101	False
4467	暴落	ぼうらく	サ変接続	101	False
4467	暴走	ぼうそう	サ変接続	101	False
4467	暴食	ぼうしょく	サ変接続	101	False
4467	暴飲	ぼういん	サ変接続	101	False
4467	暴騰	ぼうとう	サ変接続	101	False
4467	曝書	ばくしょ	サ変接続	101	False
4467	曲解	きょっかい	サ変接続	101	False
4467	書置	かきおき	サ変接続	108	False
4467	書見	しょけん	サ変接続	101	True
4467	服務	ふくむ	サ変接続	101	True
4467	服属	ふくぞく	サ変接続	101	True
4467	服従	ふくじゅう	サ変接続	101	False
4467	服毒	ふくどく	サ変接続	101	True
4467	服罪	ふくざい	サ変接続	101	True
4467	朗吟	ろうぎん	サ変接続	101	False
4467	朗詠	ろうえい	サ変接続	101	True
4467	朗読	ろうどく	サ変接続	101	True
4467	望見	ぼうけん	サ変接続	101	False
4467	朝礼	ちょうれい	サ変接続	113	True
4467	朝賀	ちょうが	サ変接続	101	True
4467	本復	ほんぷく	サ変接続	101	False
4467	朽廃	きゅうはい	サ変接続	101	False
4467	来任	らいにん	サ変接続	101	True
4467	来会	らいかい	サ変接続	101	True
4467	来報	らいほう	サ変接続	101	True
4467	来宅	らいたく	サ変接続	101	True
4467	来寇	らいこう	サ変接続	101	False
4467	来往	らいおう	サ変接続	101	True
4467	来所	らいしょ	サ変接続	101	True
4467	来校	らいこう	サ変接続	101	True
4467	来着	らいちゃく	サ変接続	101	True
4467	来航	らいこう	サ変接続	101	True
4467	来訪	らいほう	サ変接続	101	False
4467	来診	らいしん	サ変接続	101	True
4467	来談	らいだん	サ変接続	101	True
4467	来貢	らいこう	サ変接続	101	False
4467	来遊	らいゆう	サ変接続	101	True
4467	東征	とうせい	サ変接続	101	True
4467	板書	ばんしょ	サ変接続	101	True
4467	析出	せきしゅつ	サ変接続	101	False
4467	林立	りんりつ	サ変接続	101	True
4467	枚挙	まいきょ	サ変接続	101	True
4467	枯渇	こかつ	サ変接続	101	False
4467	架蔵	かぞう	サ変接続	101	True
4467	染物	そめもの	サ変接続	122	False
4467	染筆	せんぴつ	サ変接続	101	True
4467	査収	さしゅう	サ変接続	101	False
4467	査問	さもん	サ変接続	101	True
4467	査定	さてい	サ変接続	101	True
4467	査察	ささつ	サ変接続	101	True
4467	査証	さしょう	サ変接続	101	True
4467	査読	さどく	サ変接続	101	True
4467	査閲	さえつ	サ変接続	101	False
4467	栄達	えいたつ	サ変接続	101	True
4467	校閲	こうえつ	サ変接続	101	False
4467	根治	こんち	サ変接続	101	True
4467	栽培	さいばい	サ変接続	101	False
4467	案出	あんしゅつ	サ変接続	101	True
4467	案分	あんぶん	サ変接続	101	True
4467	梱包	こんぽう	サ変接続	101	False
4467	棄却	ききゃく	サ変接続	101	False
4467	植毛	しょくもう	サ変接続	101	True
4467	検印	けんいん	サ変接続	115	True
4467	検品	けんぴん	サ変接続	101	True
4467	検尿	けんにょう	サ変接続	101	True
4467	検束	けんそく	サ変接続	101	True
4467	検案	けんあん	サ変接続	101	True
4467	検波	けんぱ	サ変接続	101	False
4467	検温	けんおん	サ変接続	101	False
4467	検痰	けんたん	サ変接続	101	True
4467	検眼	けんがん	サ変接続	101	True
4467	検針	けんしん	サ変接続	101	False
4467	検閲	けんえつ	サ変接続	101	False
4467	極諌	きょっかん	サ変接続	101	False
4467	概括	がいかつ	サ変接続	101	False
4467	概査	がいさ	サ変接続	101	True
4467	概評	がいひょう	サ変接続	101	True
4467	概説	がいせつ	サ変接続	101	True
4467	概論	がいろん	サ変接続	101	True
4467	概述	がいじゅつ	サ変接続	115	True
4467	構築	こうちく	サ変接続	92	True
4467	標榜	ひょうぼう	サ変接続	101	False
4467	模作	もさく	サ変接続	101	True
4467	模倣	もほう	サ変接続	101	False
4467	模写	もしゃ	サ変接続	101	True
4467	模擬	もぎ	サ変接続	101	False
4467	横死	おうし	サ変接続	101	True
4467	横溢	おういつ	サ変接続	101	False
4467	横着	おうちゃく	サ変接続	96	True
4467	横転	おうてん	サ変接続	101	True
4467	櫛比	しっぴ	サ変接続	101	False
4467	欠乏	けつぼう	サ変接続	101	False
4467	欠勤	けっきん	サ変接続	101	False
4467	欠礼	けつれい	サ変接続	101	True
4467	欠配	けっぱい	サ変接続	101	False
4467	欠食	けっしょく	サ変接続	101	False
4467	欣求	ごんぐ	サ変接続	101	False
4467	欺瞞	ぎまん	サ変接続	101	False
4467	欽慕	きんぼ	サ変接続	101	False
4467	歎息	たんそく	サ変接続	101	False
4467	歎美	たんび	サ変接続	101	False
4467	歓呼	かんこ	サ変接続	101	True
4467	歓迎	かんげい	サ変接続	101	False
4467	歔欷	きょき	サ変接続	101	False
4467	止宿	ししゅく	サ変接続	101	False
4467	止血	しけつ	サ変接続	101	False
4467	歴遊	れきゆう	サ変接続	101	True
4467	死歿	しぼつ	サ変接続	101	False
4467	死没	しぼつ	サ変接続	101	True
4467	死滅	しめつ	サ変接続	101	True
4467	死産	しざん	サ変接続	0	False
4467	死蔵	しぞう	サ変接続	101	True
4467	死闘	しとう	サ変接続	101	False
4467	殉死	じゅんし	サ変接続	101	False
4467	殉職	じゅんしょく	サ変接続	101	False
4467	残置	ざんち	サ変接続	101	True
4467	殲滅	せんめつ	サ変接続	101	False
4467	殴殺	おうさつ	サ変接続	101	False
4467	殺傷	さっしょう	サ変接続	101	False
4467	殺到	さっとう	サ変接続	101	False
4467	殺戮	さつりく	サ変接続	101	False
4467	殺生	せっしょう	サ変接続	96	False
4467	殺菌	さっきん	サ変接続	101	False
4467	毒害	どくがい	サ変接続	101	True
4467	毒殺	どくさつ	サ変接続	101	True
4467	比類	ひるい	サ変接続	111	True
4467	民泊	みんぱく	サ変接続	101	False
4467	水書	すいしょ	サ変接続	101	True
4467	水没	すいぼつ	サ変接続	101	True
4467	水蝕	すいしょく	サ変接続	101	False
4467	水難	すいなん	サ変接続	115	True
4467	水食	すいしょく	サ変接続	101	True
4467	氷釈	ひょうしゃく	サ変接続	101	False
4467	永別	えいべつ	サ変接続	101	False
4467	永眠	えいみん	サ変接続	101	False
4467	永続	えいぞく	サ変接続	101	False
4467	求婚	きゅうこん	サ変接続	101	True
4467	求愛	きゅうあい	サ変接続	101	True
4467	汚損	おそん	サ変接続	101	False
4467	汚濁	おだく	サ変接続	88	False
4467	汚辱	おじょく	サ変接続	101	False
4467	決壊	けっかい	サ変接続	101	False
4467	決済	けっさい	サ変接続	101	True
4467	決潰	けっかい	サ変接続	101	False
4467	決裁	けっさい	サ変接続	101	True
4467	沈下	ちんか	サ変接続	101	False
4467	沈思	ちんし	サ変接続	101	False
4467	沈殿	ちんでん	サ変接続	101	False
4467	沈没	ちんぼつ	サ変接続	101	False
4467	沈淪	ちんりん	サ変接続	101	False
4467	沈湎	ちんめん	サ変接続	101	False
4467	沈潜	ちんせん	サ変接続	101	False
4467	沈澱	ちんでん	サ変接続	101	False
4467	沈積	ちんせき	サ変接続	101	False
4467	沈酔	ちんすい	サ変接続	101	False
4467	沈降	ちんこう	サ変接続	101	False
4467	沈黙	ちんもく	サ変接続	101	False
4467	没入	ぼつにゅう	サ変接続	101	True
4467	没却	ぼっきゃく	サ変接続	101	False
4467	没収	ぼっしゅう	サ変接続	101	False
4467	没取	ぼっしゅ	サ変接続	101	True
4467	没落	ぼつらく	サ変接続	101	True
4467	沮喪	そそう	サ変接続	101	False
4467	治水	ちすい	サ変接続	120	True
4467	治癒	ちゆ	サ変接続	101	False
4467	波及	はきゅう	サ変接続	101	False
4467	波蝕	はしょく	サ変接続	101	False
4467	泣訴	きゅうそ	サ変接続	101	False
4467	注入	ちゅうにゅう	サ変接続	101	True
4467	注油	ちゅうゆ	サ変接続	101	True
4467	注釈	ちゅうしゃく	サ変接続	101	False
4467	洗滌	せんでき	サ変接続	101	False
4467	洗煉	せんれん	サ変接続	101	False
4467	洗眼	せんがん	サ変接続	101	True
4467	洗練	せんれん	サ変接続	101	False
4467	洗脳	せんのう	サ変接続	101	True
4467	洞察	どうさつ	サ変接続	101	False
4467	活写	かっしゃ	サ変接続	101	False
4467	活着	かっちゃく	サ変接続	101	False
4467	流下	りゅうか	サ変接続	101	True
4467	流伝	りゅうでん	サ変接続	101	True
4467	流入	りゅうにゅう	サ変接続	101	True
4467	流布	るふ	サ変接続	101	False
4467	流涕	りゅうてい	サ変接続	101	False
4467	流産	りゅうざん	サ変接続	101	False
4467	流連	りゅうれん	サ変接続	101	True
4467	流露	りゅうろ	サ変接続	101	True
4467	浮流	ふりゅう	サ変接続	101	False
4467	浮浪	ふろう	サ変接続	101	False
4467	浮游	ふゆう	サ変接続	101	False
4467	浮遊	ふゆう	サ変接続	101	False
4467	浸潤	しんじゅん	サ変接続	101	False
4467	浸炭	しんたん	サ変接続	101	False
4467	浸蝕	しんしょく	サ変接続	101	False
4467	浸食	しんしょく	サ変接続	101	False
4467	消去	しょうきょ	サ変接続	101	True
4467	消沈	しょうちん	サ変接続	101	False
4467	消磨	しょうま	サ変接続	101	True
4467	消音	しょうおん	サ変接続	115	True
4467	涌出	ゆうしゅつ	サ変接続	101	False
4467	液化	えきか	サ変接続	101	True
4467	涸渇	こかつ	サ変接続	101	False
4467	淪落	りんらく	サ変接続	101	False
4467	淫売	いんばい	サ変接続	101	False
4467	淵源	えんげん	サ変接続	101	False
4467	混乱	こんらん	サ変接続	101	False
4467	混交	こんこう	サ変接続	101	False
4467	混作	こんさく	サ変接続	101	False
4467	混入	こんにゅう	サ変接続	101	False
4467	混合	こんごう	サ変接続	101	False
4467	混在	こんざい	サ変接続	101	False
4467	混成	こんせい	サ変接続	101	False
4467	混戦	こんせん	サ変接続	101	False
4467	混浴	こんよく	サ変接続	100	False
4467	混淆	こんこう	サ変接続	101	False
4467	混濁	こんだく	サ変接続	101	False
4467	混生	こんせい	サ変接続	101	False
4467	混用	こんよう	サ変接続	101	False
4467	混紡	こんぼう	サ変接続	101	False
4467	混線	こんせん	サ変接続	101	False
4467	混血	こんけつ	サ変接続	101	False
4467	混迷	こんめい	サ変接続	101	False
4467	混雑	こんざつ	サ変接続	101	False
4467	混食	こんしょく	サ変接続	101	False
4467	添書	てんしょ	サ変接続	101	False
4467	渇仰	かつごう	サ変接続	101	False
4467	渇望	かつぼう	サ変接続	101	False
4467	渇水	かっすい	サ変接続	101	False
4467	渙発	かんぱつ	サ変接続	101	False
4467	減俸	げんぽう	サ変接続	101	False
4467	減免	げんめん	サ変接続	101	True
4467	減却	げんきゃく	サ変接続	115	False
4467	減圧	げんあつ	サ変接続	101	True
4467	減殺	げんさい	サ変接続	101	False
4467	減算	げんざん	サ変接続	101	False
4467	減耗	げんもう	サ変接続	101	False
4467	減衰	げんすい	サ変接続	101	False
4467	減車	げんしゃ	サ変接続	101	True
4467	減退	げんたい	サ変接続	101	True
4467	減配	げんぱい	サ変接続	101	False
4467	渡洋	とよう	サ変接続	101	True
4467	渡渉	としょう	サ変接続	101	False
4467	温浴	おんよく	サ変接続	99	False
4467	測量	そくりょう	サ変接続	101	True
4467	游泳	ゆうえい	サ変接続	101	False
4467	湧出	ゆうしゅつ	サ変接続	101	False
4467	湮滅	いんめつ	サ変接続	101	False
4467	湯煎	ゆせん	サ変接続	103	False
4467	湾入	わんにゅう	サ変接続	119	True
4467	湾曲	わんきょく	サ変接続	101	True
4467	湿布	しっぷ	サ変接続	95	False
4467	満水	まんすい	サ変接続	101	True
4467	満載	まんさい	サ変接続	101	True
4467	準拠	じゅんきょ	サ変接続	101	False
4467	準用	じゅんよう	サ変接続	101	True
4467	溢水	いっすい	サ変接続	101	False
4467	溢血	いっけつ	サ変接続	101	False
4467	溯及	そきゅう	サ変接続	101	False
4467	溯源	そげん	サ変接続	101	False
4467	溶出	ようしゅつ	サ変接続	101	False
4467	溶変	ようへん	サ変接続	None	False
4467	溶存	ようぞん	サ変接続	101	False
4467	溶接	ようせつ	サ変接続	101	False
4467	溶断	ようだん	サ変接続	101	False
4467	溶融	ようゆう	サ変接続	101	False
4467	溶血	ようけつ	サ変接続	115	False
4467	溶解	ようかい	サ変接続	101	False
4467	溷濁	こんだく	サ変接続	101	False
4467	溺愛	できあい	サ変接続	101	False
4467	溺死	できし	サ変接続	101	False
4467	溺没	できぼつ	サ変接続	101	False
4467	滅亡	めつぼう	サ変接続	101	False
4467	滅却	めっきゃく	サ変接続	101	False
4467	滅失	めっしつ	サ変接続	101	False
4467	滅尽	めつじん	サ変接続	101	False
4467	滅菌	めっきん	サ変接続	101	False
4467	滑空	かっくう	サ変接続	101	False
4467	滑翔	かっしょう	サ変接続	101	False
4467	滑落	かっらく	サ変接続	101	False
4467	滞留	たいりゅう	サ変接続	101	False
4467	滞積	たいせき	サ変接続	101	False
4467	滞納	たいのう	サ変接続	101	False
4467	滲炭	しんたん	サ変接続	101	False
4467	滴下	てきか	サ変接続	101	True
4467	漁獲	ぎょかく	サ変接続	101	False
4467	漂泊	ひょうはく	サ変接続	101	False
4467	漂流	ひょうりゅう	サ変接続	101	False
4467	漂白	ひょうはく	サ変接続	101	False
4467	漂着	ひょうちゃく	サ変接続	101	False
4467	漏出	ろうしゅつ	サ変接続	101	False
4467	漏水	ろうすい	サ変接続	101	False
4467	漏洩	ろうえい	サ変接続	97	False
4467	漏洩	ろうせつ	サ変接続	97	False
4467	漏話	ろうわ	サ変接続	115	False
4467	漏電	ろうでん	サ変接続	101	False
4467	演技	えんぎ	サ変接続	101	True
4467	演繹	えんえき	サ変接続	101	False
4467	演習	えんしゅう	サ変接続	101	True
4467	漫吟	まんぎん	サ変接続	101	False
4467	漫歩	まんぽ	サ変接続	101	True
4467	漫談	まんだん	サ変接続	101	True
4467	漫遊	まんゆう	サ変接続	101	True
4467	漸増	ぜんぞう	サ変接続	101	False
4467	漸減	ぜんげん	サ変接続	101	False
4467	漸落	ぜんらく	サ変接続	101	False
4467	潅水	かんすい	サ変接続	101	False
4467	潔斎	けっさい	サ変接続	101	False
4467	潜伏	せんぷく	サ変接続	101	False
4467	潤色	じゅんしょく	サ変接続	101	False
4467	潰乱	かいらん	サ変接続	101	False
4467	潰滅	かいめつ	サ変接続	101	False
4467	潴溜	ちょりゅう	サ変接続	101	False
4467	激変	げきへん	サ変接続	101	True
4467	激怒	げきど	サ変接続	101	False
4467	激憤	げきふん	サ変接続	101	False
4467	激発	げきはつ	サ変接続	101	True
4467	激突	げきとつ	サ変接続	101	True
4467	激論	げきろん	サ変接続	101	True
4467	激賛	げきさん	サ変接続	None	True
4467	激賞	げきしょう	サ変接続	101	True
4467	激走	げきそう	サ変接続	101	True
4467	激越	げきえつ	サ変接続	96	False
4467	激闘	げきとう	サ変接続	101	False
4467	濃縮	のうしゅく	サ変接続	101	False
4467	濫伐	らんばつ	サ変接続	101	False
4467	濫作	らんさく	サ変接続	101	False
4467	濫掘	らんくつ	サ変接続	101	False
4467	濫獲	らんかく	サ変接続	101	False
4467	濫読	らんどく	サ変接続	101	False
4467	濫費	らんぴ	サ変接続	101	False
4467	濫造	らんぞう	サ変接続	101	False
4467	瀉血	しゃけつ	サ変接続	101	False
4467	瀰漫	びまん	サ変接続	101	False
4467	火定	かじょう	サ変接続	101	True
4467	火食	かしょく	サ変接続	101	True
4467	炸裂	さくれつ	サ変接続	101	False
4467	点呼	てんこ	サ変接続	101	True
4467	点在	てんざい	サ変接続	101	True
4467	点描	てんびょう	サ変接続	101	False
4467	点滅	てんめつ	サ変接続	101	True
4467	点眼	てんがん	サ変接続	101	True
4467	点綴	てんてい	サ変接続	101	False
4467	点綴	てんてつ	サ変接続	101	False
4467	点訳	てんやく	サ変接続	101	True
4467	焦慮	しょうりょ	サ変接続	101	False
4467	焼灼	しょうしゃく	サ変接続	101	False
4467	焼鈍	しょうどん	サ変接続	101	True
4467	煙滅	えんめつ	サ変接続	101	False
4467	煥発	かんぱつ	サ変接続	101	False
4467	照応	しょうおう	サ変接続	101	False
4467	照覧	しょうらん	サ変接続	101	False
4467	煩悶	はんもん	サ変接続	101	False
4467	煮沸	しゃふつ	サ変接続	101	False
4467	熔接	ようせつ	サ変接続	101	False
4467	熔融	ようゆう	サ変接続	101	False
4467	熟慮	じゅくりょ	サ変接続	101	False
4467	熟眠	じゅくみん	サ変接続	101	False
4467	熟睡	じゅくすい	サ変接続	100	False
4467	熟考	じゅっこう	サ変接続	101	False
4467	熟覧	じゅくらん	サ変接続	101	True
4467	熟読	じゅくどく	サ変接続	101	True
4467	熟談	じゅくだん	サ変接続	101	True
4467	熟議	じゅくぎ	サ変接続	101	True
4467	熟達	じゅくたつ	サ変接続	101	True
4467	熱唱	ねっしょう	サ変接続	101	False
4467	熱弁	ねつべん	サ変接続	115	True
4467	熱演	ねつえん	サ変接続	101	True
4467	熱讚	ねっさん	サ変接続	101	False
4467	熱願	ねつがん	サ変接続	101	True
4467	燻蒸	くんじょう	サ変接続	101	False
4467	爆傷	ばくしょう	サ変接続	101	False
4467	爆撃	ばくげき	サ変接続	101	True
4467	爆殺	ばくさつ	サ変接続	101	True
4467	爆沈	ばくちん	サ変接続	101	False
4467	爆発	ばくはつ	サ変接続	94	True
4467	爆破	ばくは	サ変接続	101	True
4467	爆笑	ばくしょう	サ変接続	101	False
4467	爆裂	ばくれつ	サ変接続	101	False
4467	爛熟	らんじゅく	サ変接続	101	False
4467	物故	ぶっこ	サ変接続	101	False
4467	特免	とくめん	サ変接続	101	True
4467	特出	とくしゅつ	サ変接続	101	True
4467	特報	とくほう	サ変接続	101	True
4467	特売	とくばい	サ変接続	101	True
4467	特待	とくたい	サ変接続	101	True
4467	特注	とくちゅう	サ変接続	101	True
4467	特発	とくはつ	サ変接続	101	True
4467	特訓	とっくん	サ変接続	101	False
4467	特記	とっき	サ変接続	101	False
4467	特設	とくせつ	サ変接続	101	True
4467	特認	とくにん	サ変接続	101	True
4467	特赦	とくしゃ	サ変接続	101	False
4467	特配	とくはい	サ変接続	101	True
4467	牽引	けんいん	サ変接続	101	False
4467	犬死	いぬじに	サ変接続	122	False
4467	狂乱	きょうらん	サ変接続	101	True
4467	狂信	きょうしん	サ変接続	101	True
4467	狂奔	きょうほん	サ変接続	101	False
4467	狂死	くるいじに	サ変接続	0	False
4467	狙撃	そげき	サ変接続	101	False
4467	独修	どくしゅう	サ変接続	101	True
4467	独吟	どくぎん	サ変接続	101	False
4467	独唱	どくしょう	サ変接続	101	False
4467	独坐	どくざ	サ変接続	101	False
4467	独奏	どくそう	サ変接続	101	True
4467	独座	どくざ	サ変接続	101	True
4467	独演	どくえん	サ変接続	101	True
4467	独白	どくはく	サ変接続	101	True
4467	独習	どくしゅう	サ変接続	101	True
4467	独航	どっこう	サ変接続	101	False
4467	独行	どっこう	サ変接続	102	False
4467	独酌	どくしゃく	サ変接続	101	True
4467	狼狽	ろうばい	サ変接続	101	False
4467	猖獗	しょうけつ	サ変接続	101	False
4467	猛撃	もうげき	サ変接続	101	True
4467	猛攻	もうこう	サ変接続	101	True
4467	猛襲	もうしゅう	サ変接続	101	False
4467	猛追	もうつい	サ変接続	101	True
4467	猛進	もうしん	サ変接続	101	True
4467	猪突	ちょとつ	サ変接続	101	False
4467	献上	けんじょう	サ変接続	101	False
4467	献本	けんぽん	サ変接続	101	False
4467	献杯	けんぱい	サ変接続	101	False
4467	献盃	けんぱい	サ変接続	101	False
4467	献納	けんのう	サ変接続	101	False
4467	献血	けんけつ	サ変接続	101	False
4467	献身	けんしん	サ変接続	101	False
4467	玉砕	ぎょくさい	サ変接続	101	False
4467	玩味	がんみ	サ変接続	101	False
4467	玩弄	がんろう	サ変接続	101	False
4467	珍蔵	ちんぞう	サ変接続	101	True
4467	珍重	ちんちょう	サ変接続	101	True
4467	現前	げんぜん	サ変接続	101	True
4467	現用	げんよう	サ変接続	115	True
4467	瓦解	がかい	サ変接続	101	False
4467	生育	せいいく	サ変接続	101	True
4467	生録	なまろく	サ変接続	115	False
4467	用捨	ようしゃ	サ変接続	101	False
4467	用談	ようだん	サ変接続	101	True
4467	申達	しんたつ	サ変接続	101	False
4467	畏縮	いしゅく	サ変接続	101	False
4467	留任	りゅうにん	サ変接続	101	False
4467	留保	りゅうほ	サ変接続	101	False
4467	留年	りゅうねん	サ変接続	101	False
4467	留意	りゅうい	サ変接続	101	False
4467	留錫	りゅうしゃく	サ変接続	101	False
4467	畜産	ちくさん	サ変接続	114	False
4467	略取	りゃくしゅ	サ変接続	101	True
4467	略叙	りゃくじょ	サ変接続	101	True
4467	略筆	りゃくひつ	サ変接続	101	True
4467	略装	りゃくそう	サ変接続	115	False
4467	略言	りゃくげん	サ変接続	101	True
4467	略記	りゃっき	サ変接続	101	False
4467	略説	りゃくせつ	サ変接続	101	True
4467	略述	りゃくじゅつ	サ変接続	101	True
4467	疎外	そがい	サ変接続	101	False
4467	疎通	そつう	サ変接続	101	False
4467	疎開	そかい	サ変接続	101	False
4467	疎隔	そかく	サ変接続	101	False
4467	疏通	そつう	サ変接続	101	False
4467	疑懼	ぎく	サ変接続	101	False
4467	疲弊	ひへい	サ変接続	101	False
4467	疾呼	しっこ	サ変接続	101	False
4467	疾走	しっそう	サ変接続	101	False
4467	病欠	びょうけつ	サ変接続	101	True
4467	病歿	びょうぼつ	サ変接続	101	False
4467	病没	びょうぼつ	サ変接続	101	True
4467	痛哭	つうこく	サ変接続	101	False
4467	痛嘆	つうたん	サ変接続	101	False
4467	痛恨	つうこん	サ変接続	101	False
4467	痛惜	つうせき	サ変接続	101	False
4467	痛憤	つうふん	サ変接続	101	False
4467	痛撃	つうげき	サ変接続	101	True
4467	痛歎	つうたん	サ変接続	101	False
4467	痛罵	つうば	サ変接続	101	False
4467	痛言	つうげん	サ変接続	101	True
4467	痛論	つうろん	サ変接続	101	True
4467	癒合	ゆごう	サ変接続	101	False
4467	癒着	ゆちゃく	サ変接続	101	False
4467	発兌	はつだ	サ変接続	101	False
4467	発刊	はっかん	サ変接続	101	True
4467	発問	はつもん	サ変接続	101	True
4467	発奮	はっぷん	サ変接続	101	False
4467	発布	はっぷ	サ変接続	101	False
4467	発心	ほっしん	サ変接続	119	True
4467	発情	はつじょう	サ変接続	101	True
4467	発意	はつい	サ変接続	104	True
4467	発憤	はっぷん	サ変接続	101	False
4467	発揚	はつよう	サ変接続	101	False
4467	発揮	はっき	サ変接続	101	True
4467	発汗	はっかん	サ変接続	101	False
4467	発煙	はつえん	サ変接続	101	False
4467	発狂	はっきょう	サ変接続	101	True
4467	発疹	ほっしん	サ変接続	101	False
4467	発育	はついく	サ変接続	101	True
4467	発色	はっしょく	サ変接続	101	True
4467	発芽	はつが	サ変接続	101	False
4467	発議	はつぎ	サ変接続	101	True
4467	発議	ほつぎ	サ変接続	101	False
4467	発赤	はっせき	サ変接続	101	True
4467	発進	はっしん	サ変接続	101	True
4467	発露	はつろ	サ変接続	101	True
4467	発願	ほつがん	サ変接続	101	False
4467	登壇	とうだん	サ変接続	101	True
4467	登楼	とうろう	サ変接続	101	True
4467	登載	とうさい	サ変接続	101	True
4467	白濁	はくだく	サ変接続	101	False
4467	白熱	はくねつ	サ変接続	101	True
4467	白黒	しろくろ	サ変接続	0	False
4467	皆伝	かいでん	サ変接続	101	True
4467	盗伐	とうばつ	サ変接続	101	False
4467	盗作	とうさく	サ変接続	101	True
4467	盗掘	とうくつ	サ変接続	101	False
4467	盗電	とうでん	サ変接続	101	True
4467	監修	かんしゅう	サ変接続	101	True
4467	監禁	かんきん	サ変接続	101	True
4467	監訳	かんやく	サ変接続	101	True
4467	盤踞	ばんきょ	サ変接続	101	False
4467	目測	もくそく	サ変接続	101	True
4467	目礼	もくれい	サ変接続	101	True
4467	目算	もくさん	サ変接続	101	True
4467	目送	もくそう	サ変接続	101	True
4467	盲信	もうしん	サ変接続	101	False
4467	盲愛	もうあい	サ変接続	101	False
4467	盲爆	もうばく	サ変接続	101	False
4467	盲進	もうしん	サ変接続	101	False
4467	直叙	ちょくじょ	サ変接続	101	True
4467	直売	ちょくばい	サ変接続	101	True
4467	直奏	じきそう	サ変接続	101	True
4467	直撃	ちょくげき	サ変接続	101	True
4467	直書	じきしょ	サ変接続	101	True
4467	直立	ちょくりつ	サ変接続	101	True
4467	直答	じきとう	サ変接続	101	True
4467	直答	ちょくとう	サ変接続	101	True
4467	直納	じきのう	サ変接続	101	False
4467	直裁	ちょくさい	サ変接続	101	True
4467	直覚	ちょっかく	サ変接続	101	False
4467	直覧	じきらん	サ変接続	101	True
4467	直訴	じきそ	サ変接続	101	True
4467	直話	じきわ	サ変接続	101	True
4467	直読	ちょくどく	サ変接続	101	True
4467	直談	じきだん	サ変接続	112	True
4467	直轄	ちょっかつ	サ変接続	101	False
4467	直送	ちょくそう	サ変接続	101	True
4467	直通	ちょくつう	サ変接続	101	True
4467	直進	ちょくしん	サ変接続	101	True
4467	相伴	しょうばん	サ変接続	137	False
4467	相似	そうじ	サ変接続	101	False
4467	相克	そうこく	サ変接続	101	False
4467	相剋	そうこく	サ変接続	101	False
4467	相愛	そうあい	サ変接続	101	True
4467	相殺	そうさつ	サ変接続	81	True
4467	相補	そうほ	サ変接続	101	True
4467	省察	せいさつ	サ変接続	101	False
4467	省筆	しょうひつ	サ変接続	101	True
4467	看過	かんか	サ変接続	101	True
4467	真読	しんどく	サ変接続	115	True
4467	眩惑	げんわく	サ変接続	101	False
4467	眺望	ちょうぼう	サ変接続	101	False
4467	着信	ちゃくしん	サ変接続	101	True
4467	着剣	ちゃっけん	サ変接続	101	False
4467	着地	ちゃくち	サ変接続	101	True
4467	着席	ちゃくせき	サ変接続	101	True
4467	着帯	ちゃくたい	サ変接続	101	True
4467	着座	ちゃくざ	サ変接続	101	True
4467	着意	ちゃくい	サ変接続	101	True
4467	着水	ちゃくすい	サ変接続	101	True
4467	着火	ちゃっか	サ変接続	96	False
4467	着筆	ちゃくひつ	サ変接続	101	True
4467	着脱	ちゃくだつ	サ変接続	101	True
4467	着船	ちゃくせん	サ変接続	101	True
4467	着荷	ちゃっか	サ変接続	101	False
4467	着金	ちゃっきん	サ変接続	101	False
4467	着陣	ちゃくじん	サ変接続	101	True
4467	着電	ちゃくでん	サ変接続	101	True
4467	督促	とくそく	サ変接続	101	False
4467	督励	とくれい	サ変接続	101	False
4467	睥睨	へいげい	サ変接続	101	False
4467	瞑想	めいそう	サ変接続	101	False
4467	瞞着	まんちゃく	サ変接続	101	False
4467	瞠目	どうもく	サ変接続	101	False
4467	瞥見	べっけん	サ変接続	101	False
4467	矢印	やじるし	サ変接続	122	False
4467	知得	ちとく	サ変接続	101	True
4467	短絡	たんらく	サ変接続	101	True
4467	研鑽	けんさん	サ変接続	101	False
4467	砲撃	ほうげき	サ変接続	101	True
4467	破損	はそん	サ変接続	101	True
4467	破摧	はさい	サ変接続	101	False
4467	破断	はだん	サ変接続	101	True
4467	破水	はすい	サ変接続	101	True
4467	破滅	はめつ	サ変接続	101	True
4467	破牢	はろう	サ変接続	101	True
4467	破獄	はごく	サ変接続	101	True
4467	破砕	はさい	サ変接続	101	False
4467	破裂	はれつ	サ変接続	101	False
4467	硫化	りゅうか	サ変接続	101	True
4467	碇泊	ていはく	サ変接続	101	False
4467	確保	かくほ	サ変接続	101	True
4467	確執	かくしつ	サ変接続	101	False
4467	確立	かくりつ	サ変接続	101	True
4467	確約	かくやく	サ変接続	101	True
4467	確聞	かくぶん	サ変接続	101	True
4467	確言	かくげん	サ変接続	101	True
4467	磨損	まそん	サ変接続	101	True
4467	磨滅	まめつ	サ変接続	101	True
4467	磨耗	まもう	サ変接続	101	False
4467	示寂	じじゃく	サ変接続	101	False
4467	示達	じたつ	サ変接続	101	True
4467	礼讚	らいさん	サ変接続	101	False
4467	礼賛	らいさん	サ変接続	101	False
4467	祖述	そじゅつ	サ変接続	101	True
4467	票決	ひょうけつ	サ変接続	101	True
4467	禁圧	きんあつ	サ変接続	101	True
4467	禁断	きんだん	サ変接続	101	True
4467	禁絶	きんぜつ	サ変接続	101	False
4467	禁足	きんそく	サ変接続	101	True
4467	私淑	ししゅく	サ変接続	101	False
4467	私蔵	しぞう	サ変接続	101	True
4467	私闘	しとう	サ変接続	101	False
4467	秘匿	ひとく	サ変接続	101	False
4467	租借	そしゃく	サ変接続	101	False
4467	秤量	ひょうりょう	サ変接続	101	False
4467	称美	しょうび	サ変接続	101	True
4467	移住	いじゅう	サ変接続	101	False
4467	移入	いにゅう	サ変接続	101	False
4467	移出	いしゅつ	サ変接続	101	False
4467	移築	いちく	サ変接続	101	False
4467	移設	いせつ	サ変接続	101	False
4467	移駐	いちゅう	サ変接続	101	False
4467	稀釈	きしゃく	サ変接続	101	False
4467	稟議	りんぎ	サ変接続	115	False
4467	種痘	しゅとう	サ変接続	115	False
4467	積分	せきぶん	サ変接続	101	True
4467	積層	せきそう	サ変接続	101	True
4467	積算	せきさん	サ変接続	101	True
4467	穎脱	えいだつ	サ変接続	101	False
4467	穴居	けっきょ	サ変接続	101	False
4467	空費	くうひ	サ変接続	101	True
4467	突入	とつにゅう	サ変接続	101	True
4467	突撃	とつげき	サ変接続	101	True
4467	突発	とっぱつ	サ変接続	101	True
4467	突貫	とっかん	サ変接続	101	True
4467	突起	とっき	サ変接続	101	True
4467	突進	とっしん	サ変接続	101	True
4467	窃盗	せっとう	サ変接続	101	False
4467	窒息	ちっそく	サ変接続	101	False
4467	窒死	ちっし	サ変接続	101	False
4467	窮乏	きゅうぼう	サ変接続	101	False
4467	窮迫	きゅうはく	サ変接続	101	True
4467	窮追	きゅうつい	サ変接続	101	True
4467	竄入	ざんにゅう	サ変接続	101	False
4467	立売	たちうり	サ変接続	108	False
4467	立脚	りっきゃく	サ変接続	101	False
4467	立腹	りっぷく	サ変接続	101	False
4467	立見	たちみ	サ変接続	105	False
4467	立言	りつげん	サ変接続	101	True
4467	立願	りつがん	サ変接続	101	True
4467	立願	りゅうがん	サ変接続	101	False
4467	竣成	しゅんせい	サ変接続	101	False
4467	端倪	たんげい	サ変接続	101	False
4467	端坐	たんざ	サ変接続	101	False
4467	端座	たんざ	サ変接続	101	True
4467	競落	きょうらく	サ変接続	101	False
4467	笑覧	しょうらん	サ変接続	101	False
4467	筆算	ひっさん	サ変接続	101	False
4467	筆誅	ひっちゅう	サ変接続	101	False
4467	答電	とうでん	サ変接続	101	True
4467	策動	さくどう	サ変接続	101	True
4467	策応	さくおう	サ変接続	101	True
4467	策謀	さくぼう	サ変接続	101	False
4467	管轄	かんかつ	サ変接続	101	False
4467	節制	せっせい	サ変接続	101	False
4467	節煙	せつえん	サ変接続	101	False
4467	節略	せつりゃく	サ変接続	101	True
4467	節米	せつまい	サ変接続	101	True
4467	節録	せつろく	サ変接続	101	True
4467	節電	せつでん	サ変接続	101	True
4467	節食	せっしょく	サ変接続	101	False
4467	篆刻	てんこく	サ変接続	101	False
4467	築堤	ちくてい	サ変接続	101	False
4467	築港	ちっこう	サ変接続	113	False
4467	篭城	ろうじょう	サ変接続	101	False
4467	篭居	ろうきょ	サ変接続	101	False
4467	篭絡	ろうらく	サ変接続	101	False
4467	簇生	ぞくせい	サ変接続	101	False
4467	簒奪	さんだつ	サ変接続	101	False
4467	簡抜	かんばつ	サ変接続	101	False
4467	簡約	かんやく	サ変接続	96	True
4467	粉砕	ふんさい	サ変接続	101	False
4467	粉食	ふんしょく	サ変接続	101	True
4467	粗描	そびょう	サ変接続	101	False
4467	粗相	そそう	サ変接続	101	True
4467	粗食	そしょく	サ変接続	101	True
4467	粘着	ねんちゃく	サ変接続	101	False
4467	粛党	しゅくとう	サ変接続	101	False
4467	粛学	しゅくがく	サ変接続	101	False
4467	粛軍	しゅくぐん	サ変接続	101	False
4467	精勤	せいきん	サ変接続	96	False
4467	精察	せいさつ	サ変接続	101	True
4467	精油	せいゆ	サ変接続	101	True
4467	精煉	せいれん	サ変接続	101	False
4467	精白	せいはく	サ変接続	101	True
4467	精練	せいれん	サ変接続	101	False
4467	糜爛	びらん	サ変接続	101	False
4467	糺問	きゅうもん	サ変接続	101	False
4467	糾合	きゅうごう	サ変接続	101	False
4467	糾問	きゅうもん	サ変接続	101	False
4467	約定	やくじょう	サ変接続	101	True
4467	約言	やくげん	サ変接続	101	True
4467	約諾	やくだく	サ変接続	101	True
4467	紆曲	うきょく	サ変接続	101	False
4467	紊乱	びんらん	サ変接続	101	False
4467	紊乱	ぶんらん	サ変接続	101	False
4467	納受	のうじゅ	サ変接続	101	False
4467	納本	のうほん	サ変接続	101	False
4467	納札	のうさつ	サ変接続	101	False
4467	納涼	のうりょう	サ変接続	101	False
4467	納車	のうしゃ	サ変接続	101	False
4467	納金	のうきん	サ変接続	101	False
4467	紛乱	ふんらん	サ変接続	101	False
4467	紛争	ふんそう	サ変接続	101	False
4467	紛失	ふんしつ	サ変接続	101	False
4467	紛擾	ふんじょう	サ変接続	101	False
4467	紛糾	ふんきゅう	サ変接続	101	False
4467	紛議	ふんぎ	サ変接続	101	False
4467	素描	そびょう	サ変接続	100	False
4467	素読	そどく	サ変接続	101	True
4467	累乗	るいじょう	サ変接続	101	True
4467	累加	るいか	サ変接続	101	True
4467	累増	るいぞう	サ変接続	101	True
4467	累減	るいげん	サ変接続	101	True
4467	累算	るいさん	サ変接続	101	True
4467	細分	さいぶん	サ変接続	100	False
4467	細別	さいべつ	サ変接続	101	False
4467	細説	さいせつ	サ変接続	101	False
4467	細論	さいろん	サ変接続	101	False
4467	終息	しゅうそく	サ変接続	101	False
4467	終熄	しゅうそく	サ変接続	101	False
4467	組成	そせい	サ変接続	101	True
4467	組版	くみはん	サ変接続	115	False
4467	組閣	そかく	サ変接続	101	False
4467	経略	けいりゃく	サ変接続	101	True
4467	結氷	けっぴょう	サ変接続	101	False
4467	結滞	けったい	サ変接続	101	False
4467	結盟	けつめい	サ変接続	101	True
4467	結紮	けっさつ	サ変接続	101	False
4467	結託	けったく	サ変接続	101	True
4467	結露	けつろ	サ変接続	100	True
4467	結髪	けっぱつ	サ変接続	101	False
4467	給血	きゅうけつ	サ変接続	101	False
4467	給費	きゅうひ	サ変接続	101	True
4467	給養	きゅうよう	サ変接続	101	False
4467	統制	とうせい	サ変接続	101	True
4467	統帥	とうすい	サ変接続	101	False
4467	統御	とうぎょ	サ変接続	101	True
4467	統括	とうかつ	サ変接続	101	False
4467	統率	とうそつ	サ変接続	101	True
4467	統監	とうかん	サ変接続	101	True
4467	統裁	とうさい	サ変接続	101	True
4467	統轄	とうかつ	サ変接続	101	False
4467	絶叫	ぜっきょう	サ変接続	101	False
4467	絶命	ぜつめい	サ変接続	101	False
4467	絶家	ぜっけ	サ変接続	101	True
4467	絶息	ぜっそく	サ変接続	101	False
4467	絶版	ぜっぱん	サ変接続	115	False
4467	絶筆	ぜっぴつ	サ変接続	115	True
4467	絶食	ぜっしょく	サ変接続	101	True
4467	続伸	ぞくしん	サ変接続	101	False
4467	続報	ぞくほう	サ変接続	101	True
4467	続映	ぞくえい	サ変接続	101	True
4467	続生	ぞくせい	サ変接続	101	True
4467	続落	ぞくらく	サ変接続	101	True
4467	続載	ぞくさい	サ変接続	101	True
4467	綜覧	そうらん	サ変接続	101	True
4467	網羅	もうら	サ変接続	101	False
4467	緊張	きんちょう	サ変接続	101	True
4467	緊縛	きんばく	サ変接続	101	True
4467	緊縮	きんしゅく	サ変接続	101	False
4467	緊迫	きんぱく	サ変接続	101	False
4467	総和	そうわ	サ変接続	101	True
4467	総攬	そうらん	サ変接続	101	False
4467	総覧	そうらん	サ変接続	101	True
4467	総説	そうせつ	サ変接続	101	True
4467	総轄	そうかつ	サ変接続	101	False
4467	緘黙	かんもく	サ変接続	101	False
4467	締約	ていやく	サ変接続	101	False
4467	練磨	れんま	サ変接続	101	False
4467	練達	れんたつ	サ変接続	119	False
4467	縦続	じゅうぞく	サ変接続	None	True
4467	縦覧	じゅうらん	サ変接続	101	True
4467	縦貫	じゅうかん	サ変接続	101	True
4467	縫合	ほうごう	サ変接続	101	False
4467	縫物	ぬいもの	サ変接続	122	False
4467	縮尺	しゅくしゃく	サ変接続	101	False
4467	縮退	しゅくたい	サ変接続	101	False
4467	縷説	るせつ	サ変接続	101	False
4467	縷述	るじゅつ	サ変接続	101	False
4467	縷陳	るちん	サ変接続	101	False
4467	繁昌	はんじょう	サ変接続	101	False
4467	繁殖	はんしょく	サ変接続	101	False
4467	繁茂	はんも	サ変接続	101	False
4467	繋争	けいそう	サ変接続	101	False
4467	繋留	けいりゅう	サ変接続	101	False
4467	繋縛	けいばく	サ変接続	101	True
4467	繙読	はんどく	サ変接続	101	False
4467	繰延	くりのべ	サ変接続	122	False
4467	纏綿	てんめん	サ変接続	129	False
4467	缺乏	けつぼう	サ変接続	101	False
4467	缺勤	けっきん	サ変接続	101	False
4467	缺礼	けつれい	サ変接続	101	False
4467	缺配	けっぱい	サ変接続	101	False
4467	缺食	けっしょく	サ変接続	101	False
4467	罨法	あんぽう	サ変接続	101	False
4467	置換	ちかん	サ変接続	101	True
4467	罵倒	ばとう	サ変接続	101	False
4467	罷免	ひめん	サ変接続	101	False
4467	罹患	りかん	サ変接続	101	False
4467	罹災	りさい	サ変接続	101	False
4467	罹病	りびょう	サ変接続	101	False
4467	羅列	られつ	サ変接続	101	False
4467	美食	びしょく	サ変接続	101	True
4467	群居	ぐんきょ	サ変接続	101	True
4467	羨望	せんぼう	サ変接続	101	False
4467	義絶	ぎぜつ	サ変接続	101	False
4467	習合	しゅうごう	サ変接続	101	True
4467	習得	しゅうとく	サ変接続	101	True
4467	習熟	しゅうじゅく	サ変接続	101	True
4467	習練	しゅうれん	サ変接続	101	False
4467	翔破	しょうは	サ変接続	101	False
4467	翹望	ぎょうぼう	サ変接続	101	False
4467	翻案	ほんあん	サ変接続	101	False
4467	老廃	ろうはい	サ変接続	107	True
4467	老熟	ろうじゅく	サ変接続	101	True
4467	老衰	ろうすい	サ変接続	101	False
4467	耄碌	もうろく	サ変接続	101	False
4467	耽溺	たんでき	サ変接続	101	False
4467	聞知	ぶんち	サ変接続	101	True
4467	聯弾	れんだん	サ変接続	101	True
4467	聯繋	れんけい	サ変接続	101	True
4467	聯関	れんかん	サ変接続	101	True
4467	聳動	しょうどう	サ変接続	101	False
4467	聴取	ちょうしゅ	サ変接続	101	False
4467	聴納	ちょうのう	サ変接続	101	False
4467	聴許	ちょうきょ	サ変接続	101	False
4467	肝銘	かんめい	サ変接続	101	True
4467	肥培	ひばい	サ変接続	101	False
4467	肥満	ひまん	サ変接続	101	False
4467	育毛	いくもう	サ変接続	115	True
4467	育種	いくしゅ	サ変接続	115	True
4467	背反	はいはん	サ変接続	101	False
4467	背叛	はいはん	サ変接続	101	False
4467	背走	はいそう	サ変接続	101	False
4467	背面	はいめん	サ変接続	115	False
4467	胚胎	はいたい	サ変接続	101	False
4467	胡坐	こざ	サ変接続	101	False
4467	脅迫	きょうはく	サ変接続	101	False
4467	脈動	みゃくどう	サ変接続	101	True
4467	脚色	きゃくしょく	サ変接続	101	True
4467	脱俗	だつぞく	サ変接続	101	True
4467	脱化	だっか	サ変接続	101	True
4467	脱去	だっきょ	サ変接続	101	True
4467	脱営	だつえい	サ変接続	101	True
4467	脱漏	だつろう	サ変接続	101	False
4467	脱牢	だつろう	サ変接続	101	True
4467	脱着	だっちゃく	サ変接続	101	True
4467	脱稿	だっこう	サ変接続	101	True
4467	脱穀	だっこく	サ変接続	101	False
4467	脱糞	だっぷん	サ変接続	101	False
4467	脱肛	だっこう	サ変接続	101	False
4467	脱腸	だっちょう	サ変接続	101	True
4467	脱臭	だっしゅう	サ変接続	101	True
4467	脱臼	だっきゅう	サ変接続	101	False
4467	脱色	だっしょく	サ変接続	101	True
4467	脱藩	だっぱん	サ変接続	101	False
4467	脱衣	だつい	サ変接続	101	True
4467	腐朽	ふきゅう	サ変接続	101	False
4467	腐蝕	ふしょく	サ変接続	101	False
4467	腐食	ふしょく	サ変接続	101	False
4467	膺懲	ようちょう	サ変接続	101	False
4467	臆断	おくだん	サ変接続	101	True
4467	臆測	おくそく	サ変接続	101	True
4467	臣服	しんぷく	サ変接続	101	False
4467	臥床	がしょう	サ変接続	101	True
4467	臨写	りんしゃ	サ変接続	101	True
4467	臨場	りんじょう	サ変接続	101	True
4467	臨席	りんせき	サ変接続	101	True
4467	臨幸	りんこう	サ変接続	101	True
4467	臨書	りんしょ	サ変接続	101	True
4467	臨模	りんも	サ変接続	101	True
4467	臨画	りんが	サ変接続	101	True
4467	自刃	じじん	サ変接続	101	False
4467	自刎	じふん	サ変接続	101	False
4467	自問	じもん	サ変接続	101	True
4467	自噴	じふん	サ変接続	101	False
4467	自存	じそん	サ変接続	101	True
4467	自学	じがく	サ変接続	101	True
4467	自害	じがい	サ変接続	101	True
4467	自尽	じじん	サ変接続	101	False
4467	自弁	じべん	サ変接続	101	True
4467	自律	じりつ	サ変接続	101	True
4467	自得	じとく	サ変接続	101	True
4467	自愛	じあい	サ変接続	101	True
4467	自撰	じせん	サ変接続	101	True
4467	自沈	じちん	サ変接続	101	False
4467	自活	じかつ	サ変接続	101	True
4467	自演	じえん	サ変接続	101	True
4467	自爆	じばく	サ変接続	101	True
4467	自薦	じせん	サ変接続	101	False
4467	自虐	じぎゃく	サ変接続	115	False
4467	自訴	じそ	サ変接続	101	True
4467	自負	じふ	サ変接続	101	True
4467	自足	じそく	サ変接続	101	True
4467	自選	じせん	サ変接続	101	True
4467	至嘱	ししょく	サ変接続	101	False
4467	興奮	こうふん	サ変接続	101	False
4467	舎営	しゃえい	サ変接続	101	True
4467	舗装	ほそう	サ変接続	101	False
4467	艤装	ぎそう	サ変接続	101	False
4467	若死	わかじに	サ変接続	108	False
4467	苦吟	くぎん	サ変接続	101	False
4467	苦学	くがく	サ変接続	101	True
4467	苦心	くしん	サ変接続	102	True
4467	苦悩	くのう	サ変接続	101	False
4467	苦慮	くりょ	サ変接続	101	False
4467	苦笑	くしょう	サ変接続	101	False
4467	苦節	くせつ	サ変接続	115	True
4467	荷担	かたん	サ変接続	101	False
4467	菜食	さいしょく	サ変接続	101	True
4467	萎縮	いしゅく	サ変接続	101	False
4467	萎靡	いび	サ変接続	101	False
4467	落下	らっか	サ変接続	101	False
4467	落伍	らくご	サ変接続	101	True
4467	落命	らくめい	サ変接続	101	False
4467	落城	らくじょう	サ変接続	101	True
4467	落後	らくご	サ変接続	101	True
4467	落成	らくせい	サ変接続	101	True
4467	落手	らくしゅ	サ変接続	101	True
4467	落札	らくさつ	サ変接続	101	True
4467	落涙	らくるい	サ変接続	101	False
4467	落球	らっきゅう	サ変接続	101	False
4467	落盤	らくばん	サ変接続	101	True
4467	落着	らくちゃく	サ変接続	87	True
4467	落石	らくせき	サ変接続	101	True
4467	落磐	らくばん	サ変接続	101	False
4467	落第	らくだい	サ変接続	101	True
4467	落筆	らくひつ	サ変接続	101	True
4467	落胆	らくたん	サ変接続	101	True
4467	落選	らくせん	サ変接続	101	True
4467	落雷	らくらい	サ変接続	101	False
4467	落飾	らくしょく	サ変接続	101	False
4467	落馬	らくば	サ変接続	101	True
4467	落髪	らくはつ	サ変接続	101	True
4467	落魄	らくはく	サ変接続	101	False
4467	著録	ちょろく	サ変接続	101	True
4467	蒐荷	しゅうか	サ変接続	101	False
4467	蒸散	じょうさん	サ変接続	101	False
4467	蒸発	じょうはつ	サ変接続	101	False
4467	蒸着	じょうちゃく	サ変接続	101	False
4467	蓄冷	ちくれい	サ変接続	115	False
4467	蓄熱	ちくねつ	サ変接続	101	False
4467	蓄積	ちくせき	サ変接続	101	False
4467	蓄財	ちくざい	サ変接続	101	False
4467	蓄電	ちくでん	サ変接続	101	False
4467	蓄髪	ちくはつ	サ変接続	101	False
4467	蔑視	べっし	サ変接続	101	False
4467	蔵匿	ぞうとく	サ変接続	101	False
4467	蕃殖	はんしょく	サ変接続	101	False
4467	薄遇	はくぐう	サ変接続	101	False
4467	薙髪	ちはつ	サ変接続	101	False
4467	薫染	くんせん	サ変接続	101	False
4467	薫育	くんいく	サ変接続	101	False
4467	薫陶	くんとう	サ変接続	101	False
4467	蘇生	そせい	サ変接続	101	False
4467	虐使	ぎゃくし	サ変接続	101	False
4467	虐待	ぎゃくたい	サ変接続	101	False
4467	虐殺	ぎゃくさつ	サ変接続	101	False
4467	虚構	きょこう	サ変接続	101	True
4467	虚脱	きょだつ	サ変接続	101	True
4467	蛇行	だこう	サ変接続	101	False
4467	蝉脱	せんだつ	サ変接続	101	False
4467	蝉蛻	せんぜい	サ変接続	101	False
4467	蝕害	しょくがい	サ変接続	101	False
4467	融合	ゆうごう	サ変接続	101	False
4467	融解	ゆうかい	サ変接続	101	False
4467	蟄居	ちっきょ	サ変接続	101	False
4467	蟠踞	ばんきょ	サ変接続	101	False
4467	蠕動	ぜんどう	サ変接続	101	False
4467	蠢動	しゅんどう	サ変接続	101	False
4467	血判	けっぱん	サ変接続	101	False
4467	血書	けっしょ	サ変接続	101	False
4467	行幸	ぎょうこう	サ変接続	101	True
4467	衝動	しょうどう	サ変接続	101	False
4467	衝突	しょうとつ	サ変接続	101	False
4467	表出	ひょうしゅつ	サ変接続	101	True
4467	表白	ひょうはく	サ変接続	101	True
4467	表象	ひょうしょう	サ変接続	115	False
4467	衰亡	すいぼう	サ変接続	101	False
4467	衰弱	すいじゃく	サ変接続	101	False
4467	衰微	すいび	サ変接続	101	False
4467	衰滅	すいめつ	サ変接続	101	False
4467	衰退	すいたい	サ変接続	101	False
4467	衰頽	すいたい	サ変接続	101	False
4467	被覆	ひふく	サ変接続	101	False
4467	裁許	さいきょ	サ変接続	101	True
4467	装備	そうび	サ変接続	101	False
4467	装填	そうてん	サ変接続	101	False
4467	補任	ほにん	サ変接続	101	True
4467	補修	ほしゅう	サ変接続	101	True
4467	補充	ほじゅう	サ変接続	101	False
4467	補外	ほがい	サ変接続	115	True
4467	補弼	ほひつ	サ変接続	101	False
4467	補筆	ほひつ	サ変接続	101	True
4467	補綴	ほてつ	サ変接続	101	False
4467	補習	ほしゅう	サ変接続	101	True
4467	補職	ほしょく	サ変接続	101	True
4467	補記	ほき	サ変接続	101	True
4467	裨益	ひえき	サ変接続	101	False
4467	裸出	らしゅつ	サ変接続	101	False
4467	製図	せいず	サ変接続	101	True
4467	製氷	せいひょう	サ変接続	101	False
4467	製粉	せいふん	サ変接続	101	True
4467	製表	せいひょう	サ変接続	101	True
4467	複製	ふくせい	サ変接続	101	True
4467	褒貶	ほうへん	サ変接続	101	False
4467	褪色	たいしょく	サ変接続	101	False
4467	褫奪	ちだつ	サ変接続	101	False
4467	襲撃	しゅうげき	サ変接続	101	False
4467	襲来	しゅうらい	サ変接続	101	False
4467	襲爵	しゅうしゃく	サ変接続	101	False
4467	西遊	さいゆう	サ変接続	94	True
4467	要撃	ようげき	サ変接続	101	True
4467	要略	ようりゃく	サ変接続	101	True
4467	要談	ようだん	サ変接続	101	True
4467	要述	ようじゅつ	サ変接続	None	True
4467	覆刻	ふっこく	サ変接続	101	False
4467	覆没	ふくぼつ	サ変接続	101	False
4467	覆滅	ふくめつ	サ変接続	101	False
4467	覆面	ふくめん	サ変接続	101	False
4467	見参	けんざん	サ変接続	94	False
4467	視診	ししん	サ変接続	115	True
4467	視認	しにん	サ変接続	101	True
4467	覚悟	かくご	サ変接続	101	False
4467	観覧	かんらん	サ変接続	101	True
4467	角逐	かくちく	サ変接続	101	False
4467	解剖	かいぼう	サ変接続	101	False
4467	解毒	げどく	サ変接続	101	False
4467	解纜	かいらん	サ変接続	101	False
4467	解脱	げだつ	サ変接続	101	False
4467	解離	かいり	サ変接続	101	True
4467	触接	しょくせつ	サ変接続	101	False
4467	触法	しょくほう	サ変接続	115	False
4467	触発	しょくはつ	サ変接続	101	False
4467	触診	しょくしん	サ変接続	101	False
4467	言上	ごんじょう	サ変接続	101	True
4467	計測	けいそく	サ変接続	97	True
4467	討伐	とうばつ	サ変接続	101	False
4467	討幕	とうばく	サ変接続	115	False
4467	討死	うちじに	サ変接続	108	False
4467	討論	とうろん	サ変接続	101	True
4467	訓令	くんれい	サ変接続	101	True
4467	訓告	くんこく	サ変接続	101	True
4467	訓導	くんどう	サ変接続	101	False
4467	訓戒	くんかい	サ変接続	101	True
4467	訓育	くんいく	サ変接続	101	True
4467	訓話	くんわ	サ変接続	115	True
4467	訓誡	くんかい	サ変接続	101	True
4467	訓読	くんどく	サ変接続	101	True
4467	訟廷	しょうてい	サ変接続	115	False
4467	訪仏	ほうふつ	サ変接続	101	False
4467	訪日	ほうにち	サ変接続	101	False
4467	訪米	ほうべい	サ変接続	101	False
4467	訪露	ほうろ	サ変接続	101	False
4467	設備	せつび	サ変接続	101	True
4467	設問	せつもん	サ変接続	101	True
4467	設営	せつえい	サ変接続	101	True
4467	設定	せってい	サ変接続	101	True
4467	訳出	やくしゅつ	サ変接続	101	True
4467	訳読	やくどく	サ変接続	101	True
4467	訳載	やくさい	サ変接続	101	True
4467	訳述	やくじゅつ	サ変接続	101	True
4467	訴人	そにん	サ変接続	104	True
4467	訴求	そきゅう	サ変接続	101	True
4467	訴追	そつい	サ変接続	101	True
4467	訴願	そがん	サ変接続	101	True
4467	註釈	ちゅうしゃく	サ変接続	101	False
4467	詐称	さしょう	サ変接続	101	False
4467	評釈	ひょうしゃく	サ変接続	101	False
4467	詠唱	えいしょう	サ変接続	101	False
4467	詠嘆	えいたん	サ変接続	101	False
4467	詠歎	えいたん	サ変接続	101	False
4467	試掘	しくつ	サ変接続	101	False
4467	試演	しえん	サ変接続	101	True
4467	試錐	しすい	サ変接続	101	False
4467	試食	ししょく	サ変接続	101	True
4467	詮議	せんぎ	サ変接続	101	True
4467	詰問	きつもん	サ変接続	101	False
4467	詰責	きっせき	サ変接続	101	False
4467	詳論	しょうろん	サ変接続	101	False
4467	詳述	しょうじゅつ	サ変接続	101	False
4467	誅伐	ちゅうばつ	サ変接続	101	False
4467	誅戮	ちゅうりく	サ変接続	101	False
4467	誅殺	ちゅうさつ	サ変接続	101	False
4467	誅滅	ちゅうめつ	サ変接続	101	False
4467	誇張	こちょう	サ変接続	101	False
4467	認容	にんよう	サ変接続	101	True
4467	認許	にんきょ	サ変接続	101	True
4467	認証	にんしょう	サ変接続	102	True
4467	誓言	せいごん	サ変接続	101	False
4467	誘導	ゆうどう	サ変接続	101	False
4467	誘惑	ゆうわく	サ変接続	101	False
4467	誘拐	ゆうかい	サ変接続	101	False
4467	誘爆	ゆうばく	サ変接続	101	False
4467	誘発	ゆうはつ	サ変接続	101	False
4467	誘致	ゆうち	サ変接続	101	False
4467	誣告	ぶこく	サ変接続	101	False
4467	誤伝	ごでん	サ変接続	101	True
4467	誤信	ごしん	サ変接続	101	True
4467	誤審	ごしん	サ変接続	101	False
4467	誤断	ごだん	サ変接続	101	True
4467	誤聞	ごぶん	サ変接続	101	True
4467	誤訳	ごやく	サ変接続	101	True
4467	誤診	ごしん	サ変接続	101	True
4467	誤認	ごにん	サ変接続	112	True
4467	誤読	ごどく	サ変接続	101	True
4467	説伏	せっぷく	サ変接続	101	False
4467	説法	せっぽう	サ変接続	101	False
4467	説破	せっぱ	サ変接続	101	False
4467	説示	せつじ	サ変接続	101	True
4467	説経	せっきょう	サ変接続	101	False
4467	説諭	せつゆ	サ変接続	101	False
4467	読了	どくりょう	サ変接続	101	False
4467	読図	どくず	サ変接続	101	True
4467	読破	どくは	サ変接続	101	True
4467	読解	どっかい	サ変接続	101	False
4467	読誦	とくしょう	サ変接続	101	False
4467	読誦	どくじゅ	サ変接続	101	False
4467	読過	どっか	サ変接続	101	False
4467	誰何	すいか	サ変接続	115	False
4467	課金	かきん	サ変接続	101	True
4467	誹謗	ひぼう	サ変接続	101	False
4467	誹議	ひぎ	サ変接続	101	False
4467	調伏	ちょうぶく	サ変接続	101	False
4467	調停	ちょうてい	サ変接続	101	True
4467	調剤	ちょうざい	サ変接続	101	True
4467	調合	ちょうごう	サ変接続	101	True
4467	調教	ちょうきょう	サ変接続	97	True
4467	調練	ちょうれん	サ変接続	101	False
4467	調薬	ちょうやく	サ変接続	101	True
4467	調髪	ちょうはつ	サ変接続	101	True
4467	談判	だんぱん	サ変接続	81	False
4467	談笑	だんしょう	サ変接続	101	False
4467	談義	だんぎ	サ変接続	101	True
4467	談論	だんろん	サ変接続	101	True
4467	請訓	せいくん	サ変接続	101	False
4467	請託	せいたく	サ変接続	101	False
4467	請負	うけおい	サ変接続	117	False
4467	諒察	りょうさつ	サ変接続	101	True
4467	諒恕	りょうじょ	サ変接続	101	True
4467	論判	ろんぱん	サ変接続	101	False
4467	論及	ろんきゅう	サ変接続	101	False
4467	論告	ろんこく	サ変接続	101	True
4467	論定	ろんてい	サ変接続	101	True
4467	論弁	ろんべん	サ変接続	101	True
4467	論決	ろんけつ	サ変接続	101	True
4467	論破	ろんぱ	サ変接続	101	True
4467	論究	ろんきゅう	サ変接続	101	True
4467	論結	ろんけつ	サ変接続	103	True
4467	論証	ろんしょう	サ変接続	101	True
4467	論詰	ろんきつ	サ変接続	101	False
4467	論述	ろんじゅつ	サ変接続	101	True
4467	論難	ろんなん	サ変接続	101	True
4467	論駁	ろんばく	サ変接続	101	False
4467	諦観	ていかん	サ変接続	101	False
4467	諭告	ゆこく	サ変接続	101	False
4467	諮詢	しじゅん	サ変接続	101	False
4467	諳記	あんき	サ変接続	101	False
4467	諳誦	あんしょう	サ変接続	101	False
4467	諳譜	あんぷ	サ変接続	101	False
4467	諷詠	ふうえい	サ変接続	101	False
4467	諷誦	ふうしょう	サ変接続	101	False
4467	諷誦	ふうじゅ	サ変接続	101	False
4467	諷諌	ふうかん	サ変接続	101	False
4467	諷諭	ふうゆ	サ変接続	101	False
4467	謀殺	ぼうさつ	サ変接続	101	False
4467	謀議	ぼうぎ	サ変接続	101	False
4467	謙抑	けんよく	サ変接続	96	False
4467	講読	こうどく	サ変接続	101	True
4467	講釈	こうしゃく	サ変接続	101	False
4467	謝恩	しゃおん	サ変接続	101	False
4467	謝絶	しゃぜつ	サ変接続	101	False
4467	謫居	たっきょ	サ変接続	101	False
4467	謹呈	きんてい	サ変接続	101	False
4467	謹告	きんこく	サ変接続	101	False
4467	謹書	きんしょ	サ変接続	101	False
4467	謹聴	きんちょう	サ変接続	101	False
4467	謹話	きんわ	サ変接続	101	False
4467	識別	しきべつ	サ変接続	101	False
4467	警戒	けいかい	サ変接続	101	True
4467	警邏	けいら	サ変接続	101	False
4467	譲与	じょうよ	サ変接続	101	False
4467	譴責	けんせき	サ変接続	101	False
4467	護衛	ごえい	サ変接続	101	False
4467	護送	ごそう	サ変接続	101	True
4467	讒言	ざんげん	サ変接続	101	False
4467	讒訴	ざんそ	サ変接続	101	False
4467	讒謗	ざんぼう	サ変接続	101	False
4467	讚歎	さんたん	サ変接続	101	False
4467	讚美	さんび	サ変接続	101	False
4467	豊熟	ほうじゅく	サ変接続	101	False
4467	象嵌	ぞうがん	サ変接続	101	False
4467	象眼	ぞうがん	サ変接続	101	True
4467	豪語	ごうご	サ変接続	101	True
4467	豪遊	ごうゆう	サ変接続	101	True
4467	豹変	ひょうへん	サ変接続	101	True
4467	貪食	どんしょく	サ変接続	101	False
4467	貫徹	かんてつ	サ変接続	101	False
4467	貫流	かんりゅう	サ変接続	101	True
4467	貯水	ちょすい	サ変接続	101	False
4467	貯留	ちょりゅう	サ変接続	101	False
4467	貯金	ちょきん	サ変接続	101	False
4467	貸与	たいよ	サ変接続	101	False
4467	貸借	たいしゃく	サ変接続	53	False
4467	賁臨	ひりん	サ変接続	101	False
4467	賁臨	ふんりん	サ変接続	101	False
4467	賃借	ちんしゃく	サ変接続	101	False
4467	賛嘆	さんたん	サ変接続	101	False
4467	賛美	さんび	サ変接続	101	True
4467	賞嘆	しょうたん	サ変接続	101	False
4467	賞玩	しょうがん	サ変接続	101	False
4467	賞美	しょうび	サ変接続	101	True
4467	賞翫	しょうがん	サ変接続	101	False
4467	購入	こうにゅう	サ変接続	101	False
4467	購読	こうどく	サ変接続	101	False
4467	贅言	ぜいげん	サ変接続	101	True
4467	贈与	ぞうよ	サ変接続	101	False
4467	贈位	ぞうい	サ変接続	101	False
4467	贈号	ぞうごう	サ変接続	101	False
4467	贈官	ぞうかん	サ変接続	101	False
4467	贈答	ぞうとう	サ変接続	101	False
4467	贋作	がんさく	サ変接続	101	False
4467	贋造	がんぞう	サ変接続	101	False
4467	贔屓	ひいき	サ変接続	70	False
4467	赤化	せっか	サ変接続	101	False
4467	赤熱	せきねつ	サ変接続	91	True
4467	走破	そうは	サ変接続	101	True
4467	赴任	ふにん	サ変接続	101	False
4467	起伏	きふく	サ変接続	101	True
4467	起債	きさい	サ変接続	101	True
4467	起因	きいん	サ変接続	101	True
4467	起居	ききょ	サ変接続	101	True
4467	起立	きりつ	サ変接続	101	True
4467	起筆	きひつ	サ変接続	101	True
4467	起算	きさん	サ変接続	101	True
4467	超克	ちょうこく	サ変接続	101	False
4467	超勤	ちょうきん	サ変接続	115	False
4467	超絶	ちょうぜつ	サ変接続	101	False
4467	超脱	ちょうだつ	サ変接続	101	True
4467	超越	ちょうえつ	サ変接続	101	False
4467	越訴	えっそ	サ変接続	101	False
4467	足算	たしざん	サ変接続	103	False
4467	跋扈	ばっこ	サ変接続	101	False
4467	跋渉	ばっしょう	サ変接続	101	False
4467	跛行	はこう	サ変接続	109	False
4467	跪坐	きざ	サ変接続	101	False
4467	跪拝	きはい	サ変接続	101	False
4467	跳梁	ちょうりょう	サ変接続	101	False
4467	跳躍	ちょうやく	サ変接続	101	False
4467	践祚	せんそ	サ変接続	101	False
4467	跼蹐	きょくせき	サ変接続	101	False
4467	踏査	とうさ	サ変接続	101	False
4467	踏襲	とうしゅう	サ変接続	101	False
4467	踞座	きょざ	サ変接続	101	False
4467	蹂躙	じゅうりん	サ変接続	101	False
4467	蹈襲	とうしゅう	サ変接続	101	False
4467	蹉跌	さてつ	サ変接続	101	False
4467	蹲踞	そんきょ	サ変接続	101	False
4467	蹶起	けっき	サ変接続	101	False
4467	躊躇	ちゅうちょ	サ変接続	101	False
4467	躍動	やくどう	サ変接続	101	True
4467	躍増	やくぞう	サ変接続	101	True
4467	躍進	やくしん	サ変接続	101	True
4467	軍備	ぐんび	サ変接続	115	True
4467	軟派	なんぱ	サ変接続	101	False
4467	転位	てんい	サ変接続	101	True
4467	転住	てんじゅう	サ変接続	101	True
4467	転借	てんしゃく	サ変接続	101	False
4467	転写	てんしゃ	サ変接続	101	True
4467	転勤	てんきん	サ変接続	101	False
4467	転売	てんばい	サ変接続	101	True
4467	転変	てんぺん	サ変接続	97	True
4467	転宅	てんたく	サ変接続	101	True
4467	転宿	てんしゅく	サ変接続	101	False
4467	転属	てんぞく	サ変接続	101	True
4467	転戦	てんせん	サ変接続	101	True
4467	転移	てんい	サ変接続	101	False
4467	転籍	てんせき	サ変接続	101	True
4467	転覆	てんぷく	サ変接続	101	False
4467	転読	てんどく	サ変接続	101	True
4467	転送	てんそう	サ変接続	101	True
4467	軽信	けいしん	サ変接続	101	True
4467	軽蔑	けいべつ	サ変接続	101	False
4467	軽装	けいそう	サ変接続	101	False
4467	載録	さいろく	サ変接続	101	True
4467	輔弼	ほひつ	サ変接続	101	False
4467	輪作	りんさく	サ変接続	101	True
4467	輪廻	りんね	サ変接続	94	False
4467	輪栽	りんさい	サ変接続	101	False
4467	輪読	りんどく	サ変接続	101	True
4467	輪講	りんこう	サ変接続	101	True
4467	輪転	りんてん	サ変接続	101	True
4467	輸送	ゆそう	サ変接続	101	False
4467	轟沈	ごうちん	サ変接続	101	False
4467	轢断	れきだん	サ変接続	101	True
4467	轢殺	れきさつ	サ変接続	101	True
4467	辞去	じきょ	サ変接続	101	True
4467	辟易	へきえき	サ変接続	101	False
4467	迂回	うかい	サ変接続	101	False
4467	迂曲	うきょく	サ変接続	101	False
4467	迎合	げいごう	サ変接続	101	False
4467	迎接	げいせつ	サ変接続	101	False
4467	迎撃	げいげき	サ変接続	101	False
4467	近似	きんじ	サ変接続	101	False
4467	近侍	きんじ	サ変接続	101	False
4467	近着	きんちゃく	サ変接続	101	True
4467	近道	ちかみち	サ変接続	102	False
4467	返付	へんぷ	サ変接続	101	False
4467	返却	へんきゃく	サ変接続	101	False
4467	返品	へんぴん	サ変接続	101	True
4467	返報	へんぽう	サ変接続	101	False
4467	返戻	へんれい	サ変接続	101	True
4467	返本	へんぽん	サ変接続	101	False
4467	返杯	へんぱい	サ変接続	101	False
4467	返照	へんしょう	サ変接続	101	False
4467	返盃	へんぱい	サ変接続	101	False
4467	返礼	へんれい	サ変接続	101	True
4467	返答	へんとう	サ変接続	101	True
4467	返納	へんのう	サ変接続	101	False
4467	返送	へんそう	サ変接続	101	True
4467	返金	へんきん	サ変接続	101	True
4467	返附	へんぷ	サ変接続	101	False
4467	述作	じゅっさく	サ変接続	101	False
4467	迷走	めいそう	サ変接続	101	False
4467	迸出	へいしゅつ	サ変接続	101	False
4467	追善	ついぜん	サ変接続	101	True
4467	追孝	ついこう	サ変接続	101	True
4467	追従	ついしょう	サ変接続	84	False
4467	追従	ついじゅう	サ変接続	84	False
4467	追想	ついそう	サ変接続	101	True
4467	追慕	ついぼ	サ変接続	101	False
4467	追憶	ついおく	サ変接続	101	False
4467	追懐	ついかい	サ変接続	101	True
4467	追撃	ついげき	サ変接続	101	True
4467	追求	ついきゅう	サ変接続	101	True
4467	追究	ついきゅう	サ変接続	101	True
4467	追突	ついとつ	サ変接続	101	True
4467	追窮	ついきゅう	サ変接続	101	True
4467	追給	ついきゅう	サ変接続	101	True
4467	追考	ついこう	サ変接続	101	True
4467	追討	ついとう	サ変接続	101	True
4467	追訴	ついそ	サ変接続	101	True
4467	追認	ついにん	サ変接続	101	True
4467	追贈	ついぞう	サ変接続	101	False
4467	追録	ついろく	サ変接続	101	True
4467	退出	たいしゅつ	サ変接続	101	True
4467	退却	たいきゃく	サ変接続	101	False
4467	退城	たいじょう	サ変接続	101	True
4467	退学	たいがく	サ変接続	101	True
4467	退役	たいえき	サ変接続	101	True
4467	退散	たいさん	サ変接続	101	True
4467	退歩	たいほ	サ変接続	101	True
4467	退色	たいしょく	サ変接続	101	True
4467	送出	そうしゅつ	サ変接続	101	True
4467	送別	そうべつ	サ変接続	101	True
4467	送水	そうすい	サ変接続	101	True
4467	送波	そうは	サ変接続	101	True
4467	送籍	そうせき	サ変接続	101	True
4467	送致	そうち	サ変接続	91	True
4467	送話	そうわ	サ変接続	101	True
4467	送迎	そうげい	サ変接続	101	False
4467	送達	そうたつ	サ変接続	101	True
4467	送配	そうはい	サ変接続	104	True
4467	送附	そうふ	サ変接続	101	True
4467	送風	そうふう	サ変接続	109	True
4467	逃亡	とうぼう	サ変接続	101	False
4467	逆上	ぎゃくじょう	サ変接続	101	True
4467	逆用	ぎゃくよう	サ変接続	101	True
4467	逆算	ぎゃくさん	サ変接続	101	True
4467	透徹	とうてつ	サ変接続	101	False
4467	逐電	ちくでん	サ変接続	101	False
4467	逓伝	ていでん	サ変接続	101	False
4467	逓増	ていぞう	サ変接続	101	False
4467	逓送	ていそう	サ変接続	101	False
4467	逗留	とうりゅう	サ変接続	101	False
4467	通分	つうぶん	サ変接続	101	True
4467	通園	つうえん	サ変接続	101	True
4467	通暁	つうぎょう	サ変接続	101	False
4467	通覧	つうらん	サ変接続	101	True
4467	通読	つうどく	サ変接続	101	True
4467	通謀	つうぼう	サ変接続	101	False
4467	逝去	せいきょ	サ変接続	101	False
4467	速写	そくしゃ	サ変接続	101	True
4467	速射	そくしゃ	サ変接続	101	True
4467	速成	そくせい	サ変接続	101	True
4467	速断	そくだん	サ変接続	101	True
4467	速決	そっけつ	サ変接続	101	False
4467	速答	そくとう	サ変接続	101	True
4467	速記	そっき	サ変接続	101	False
4467	造作	ぞうさく	サ変接続	112	True
4467	造営	ぞうえい	サ変接続	101	True
4467	造園	ぞうえん	サ変接続	101	True
4467	造影	ぞうえい	サ変接続	101	False
4467	造林	ぞうりん	サ変接続	101	True
4467	造艦	ぞうかん	サ変接続	101	True
4467	造血	ぞうけつ	サ変接続	101	False
4467	逡巡	しゅんじゅん	サ変接続	101	False
4467	逢引	あいびき	サ変接続	122	False
4467	逢着	ほうちゃく	サ変接続	101	False
4467	連乗	れんじょう	サ変接続	101	True
4467	連作	れんさく	サ変接続	101	True
4467	連呼	れんこ	サ変接続	101	True
4467	連坐	れんざ	サ変接続	101	False
4467	連射	れんしゃ	サ変接続	101	True
4467	連座	れんざ	サ変接続	101	True
4467	連弾	れんだん	サ変接続	101	True
4467	連接	れんせつ	サ変接続	101	True
4467	連濁	れんだく	サ変接続	101	False
4467	連繋	れんけい	サ変接続	101	True
4467	連署	れんしょ	サ変接続	101	True
4467	連袂	れんべい	サ変接続	101	False
4467	連関	れんかん	サ変接続	101	True
4467	連騰	れんとう	サ変接続	101	False
4467	進捗	しんちょく	サ変接続	101	False
4467	進発	しんぱつ	サ変接続	101	True
4467	進言	しんげん	サ変接続	101	True
4467	進軍	しんぐん	サ変接続	101	True
4467	進達	しんたつ	サ変接続	101	True
4467	逸出	いっしゅつ	サ変接続	101	True
4467	逸遊	いつゆう	サ変接続	101	True
4467	逼塞	ひっそく	サ変接続	101	False
4467	逼迫	ひっぱく	サ変接続	101	False
4467	遁世	とんせい	サ変接続	101	False
4467	遁走	とんそう	サ変接続	101	False
4467	遂行	すいこう	サ変接続	101	False
4467	遅参	ちさん	サ変接続	101	True
4467	遅配	ちはい	サ変接続	101	True
4467	遊吟	ゆうぎん	サ変接続	101	False
4467	遊学	ゆうがく	サ変接続	101	True
4467	遊弋	ゆうよく	サ変接続	101	False
4467	遊戯	ゆうぎ	サ変接続	101	False
4467	遊歴	ゆうれき	サ変接続	101	True
4467	遊泳	ゆうえい	サ変接続	101	False
4467	遊牧	ゆうぼく	サ変接続	101	False
4467	遊興	ゆうきょう	サ変接続	101	True
4467	遊行	ゆぎょう	サ変接続	101	False
4467	遊覧	ゆうらん	サ変接続	101	True
4467	運算	うんざん	サ変接続	101	False
4467	運針	うんしん	サ変接続	115	False
4467	運開	うんかい	サ変接続	115	True
4467	遍在	へんざい	サ変接続	101	True
4467	遍歴	へんれき	サ変接続	101	True
4467	遍満	へんまん	サ変接続	101	True
4467	過食	かしょく	サ変接続	101	True
4467	道楽	どうらく	サ変接続	101	True
4467	達観	たっかん	サ変接続	101	False
4467	違勅	いちょく	サ変接続	101	False
4467	遠望	えんぼう	サ変接続	101	False
4467	遠泳	えんえい	サ変接続	101	False
4467	遡及	そきゅう	サ変接続	94	False
4467	遡源	そげん	サ変接続	101	False
4467	遥拝	ようはい	サ変接続	101	False
4467	適帰	てっき	サ変接続	101	False
4467	適従	てきじゅう	サ変接続	101	False
4467	適応	てきおう	サ変接続	101	True
4467	遭遇	そうぐう	サ変接続	101	False
4467	遮蔽	しゃへい	サ変接続	101	False
4467	遮音	しゃおん	サ変接続	101	False
4467	遵奉	じゅんぽう	サ変接続	101	False
4467	遷化	せんげ	サ変接続	101	False
4467	遷座	せんざ	サ変接続	101	False
4467	選評	せんぴょう	サ変接続	101	False
4467	遺尿	いにょう	サ変接続	101	True
4467	遺留	いりゅう	サ変接続	101	False
4467	遺脱	いだつ	サ変接続	101	True
4467	遺贈	いぞう	サ変接続	101	False
4467	避寒	ひかん	サ変接続	101	True
4467	邀撃	ようげき	サ変接続	101	False
4467	邁進	まいしん	サ変接続	101	False
4467	還俗	げんぞく	サ変接続	101	False
4467	還御	かんぎょ	サ変接続	101	False
4467	還流	かんりゅう	サ変接続	101	False
4467	邦訳	ほうやく	サ変接続	101	False
4467	邪推	じゃすい	サ変接続	101	True
4467	郵送	ゆうそう	サ変接続	101	False
4467	酌量	しゃくりょう	サ変接続	101	True
4467	配剤	はいざい	サ変接続	101	True
4467	配員	はいいん	サ変接続	115	True
4467	配属	はいぞく	サ変接続	101	True
4467	配膳	はいぜん	サ変接続	101	True
4467	配送	はいそう	サ変接続	101	True
4467	酩酊	めいてい	サ変接続	101	False
4467	酷遇	こくぐう	サ変接続	101	True
4467	醵金	きょきん	サ変接続	104	False
4467	重出	じゅうしゅつ	サ変接続	101	True
4467	重刷	じゅうさつ	サ変接続	101	True
4467	重刻	じゅうこく	サ変接続	101	True
4467	重合	じゅうごう	サ変接続	101	True
4467	重婚	じゅうこん	サ変接続	101	True
4467	重版	じゅうはん	サ変接続	101	True
4467	重祚	じゅうそ	サ変接続	101	False
4467	重訂	じゅうてい	サ変接続	101	True
4467	重訳	じゅうやく	サ変接続	101	True
4467	量販	りょうはん	サ変接続	101	True
4467	金打	きんちょう	サ変接続	101	False
4467	鈍磨	どんま	サ変接続	101	True
4467	鈍麻	どんま	サ変接続	101	False
4467	銃殺	じゅうさつ	サ変接続	101	True
4467	銷沈	しょうちん	サ変接続	101	False
4467	鋪装	ほそう	サ変接続	101	False
4467	鋳造	ちゅうぞう	サ変接続	101	False
4467	錬成	れんせい	サ変接続	101	False
4467	錬磨	れんま	サ変接続	101	False
4467	錯乱	さくらん	サ変接続	101	True
4467	錯綜	さくそう	サ変接続	101	True
4467	錯視	さくし	サ変接続	115	True
4467	錯覚	さっかく	サ変接続	101	False
4467	錯誤	さくご	サ変接続	101	True
4467	錯雑	さくざつ	サ変接続	101	True
4467	鍛冶	たんや	サ変接続	100	False
4467	鍛練	たんれん	サ変接続	101	False
4467	鍛造	たんぞう	サ変接続	101	False
4467	鍛錬	たんれん	サ変接続	101	False
4467	鍾愛	しょうあい	サ変接続	101	False
4467	鎮圧	ちんあつ	サ変接続	101	False
4467	鎮定	ちんてい	サ変接続	101	False
4467	鎮座	ちんざ	サ変接続	101	False
4467	鎮撫	ちんぶ	サ変接続	101	False
4467	鎮火	ちんか	サ変接続	101	False
4467	鎮護	ちんご	サ変接続	101	False
4467	鎮静	ちんせい	サ変接続	101	False
4467	鏖殺	おうさつ	サ変接続	101	False
4467	鏤刻	るこく	サ変接続	101	False
4467	鏤刻	ろうこく	サ変接続	101	False
4467	鑑別	かんべつ	サ変接続	101	True
4467	長座	ちょうざ	サ変接続	101	True
4467	長欠	ちょうけつ	サ変接続	101	True
4467	長缺	ちょうけつ	サ変接続	101	False
4467	長駆	ちょうく	サ変接続	101	False
4467	門出	かどで	サ変接続	108	False
4467	門番	もんばん	サ変接続	115	True
4467	閉会	へいかい	サ変接続	98	True
4467	閉塞	へいそく	サ変接続	101	False
4467	閉居	へいきょ	サ変接続	101	True
4467	閉山	へいざん	サ変接続	101	True
4467	閉店	へいてん	サ変接続	101	True
4467	閉業	へいぎょう	サ変接続	101	True
4467	閉経	へいけい	サ変接続	101	True
4467	閉鎖	へいさ	サ変接続	101	False
4467	閉門	へいもん	サ変接続	101	True
4467	閉館	へいかん	サ変接続	101	True
4467	開削	かいさく	サ変接続	101	True
4467	開園	かいえん	サ変接続	101	True
4467	開宴	かいえん	サ変接続	115	True
4467	開封	かいふう	サ変接続	101	True
4467	開拓	かいたく	サ変接続	101	False
4467	開板	かいはん	サ変接続	103	True
4467	開鑿	かいさく	サ変接続	101	False
4467	開陳	かいちん	サ変接続	101	False
4467	開魔	かいひ	サ変接続	None	False
4467	閑吟	かんぎん	サ変接続	101	False
4467	閑居	かんきょ	サ変接続	101	True
4467	間伐	かんばつ	サ変接続	101	False
4467	間作	かんさく	サ変接続	101	True
4467	関知	かんち	サ変接続	101	True
4467	閲兵	えっぺい	サ変接続	101	False
4467	閲覧	えつらん	サ変接続	101	False
4467	閲読	えつどく	サ変接続	101	False
4467	闖入	ちんにゅう	サ変接続	101	False
4467	防寒	ぼうかん	サ変接続	115	True
4467	防水	ぼうすい	サ変接続	101	True
4467	防磁	ぼうじ	サ変接続	None	True
4467	防縮	ぼうしゅく	サ変接続	101	False
4467	防遏	ぼうあつ	サ変接続	101	False
4467	防音	ぼうおん	サ変接続	101	True
4467	阻喪	そそう	サ変接続	101	False
4467	阻害	そがい	サ変接続	101	False
4467	阻碍	そがい	サ変接続	101	False
4467	阻隔	そかく	サ変接続	101	False
4467	附言	ふげん	サ変接続	101	True
4467	附設	ふせつ	サ変接続	101	True
4467	降伏	ごうぶく	サ変接続	79	False
4467	降板	こうばん	サ変接続	101	True
4467	降臨	こうりん	サ変接続	101	True
4467	降誕	こうたん	サ変接続	101	False
4467	限局	げんきょく	サ変接続	101	True
4467	陣歿	じんぼつ	サ変接続	101	False
4467	陣没	じんぼつ	サ変接続	101	True
4467	除去	じょきょ	サ変接続	101	True
4467	除服	じょふく	サ変接続	101	True
4467	除算	じょざん	サ変接続	101	False
4467	除籍	じょせき	サ変接続	101	True
4467	除隊	じょたい	サ変接続	101	True
4467	除電	じょでん	サ変接続	None	True
4467	陥没	かんぼつ	サ変接続	101	False
4467	陪乗	ばいじょう	サ変接続	101	False
4467	陪席	ばいせき	サ変接続	101	False
4467	陪従	ばいじゅう	サ変接続	101	False
4467	陪聴	ばいちょう	サ変接続	101	False
4467	陪観	ばいかん	サ変接続	101	False
4467	陪食	ばいしょく	サ変接続	101	False
4467	陳列	ちんれつ	サ変接続	101	False
4467	陳弁	ちんべん	サ変接続	101	False
4467	陵辱	りょうじょく	サ変接続	101	False
4467	陵駕	りょうが	サ変接続	101	True
4467	陶酔	とうすい	サ変接続	101	False
4467	陸棲	りくせい	サ変接続	101	False
4467	陸生	りくせい	サ変接続	101	True
4467	陸行	りくこう	サ変接続	101	True
4467	陸送	りくそう	サ変接続	101	True
4467	陽転	ようてん	サ変接続	101	True
4467	隆替	りゅうたい	サ変接続	101	False
4467	随伴	ずいはん	サ変接続	101	False
4467	随喜	ずいき	サ変接続	101	True
4467	随従	ずいじゅう	サ変接続	101	False
4467	随行	ずいこう	サ変接続	101	True
4467	随身	ずいじん	サ変接続	101	False
4467	随順	ずいじゅん	サ変接続	101	True
4467	隔絶	かくぜつ	サ変接続	101	False
4467	隠匿	いんとく	サ変接続	101	False
4467	隠居	いんきょ	サ変接続	101	False
4467	隠忍	いんにん	サ変接続	101	False
4467	隠蔽	いんぺい	サ変接続	101	False
4467	隠見	いんけん	サ変接続	101	False
4467	隠退	いんたい	サ変接続	101	False
4467	隠遁	いんとん	サ変接続	101	False
4467	隠顕	いんけん	サ変接続	101	False
4467	隷属	れいぞく	サ変接続	101	False
4467	隷従	れいじゅう	サ変接続	101	False
4467	雁行	がんこう	サ変接続	101	True
4467	集束	しゅうそく	サ変接続	101	True
4467	集貨	しゅうか	サ変接続	101	True
4467	集配	しゅうはい	サ変接続	101	True
4467	雑交	ざっこう	サ変接続	101	False
4467	雑婚	ざっこん	サ変接続	101	False
4467	雑沓	ざっとう	サ変接続	101	False
4467	雑言	ぞうごん	サ変接続	101	True
4467	雑記	ざっき	サ変接続	99	False
4467	雑踏	ざっとう	サ変接続	101	False
4467	雑鬧	ざっとう	サ変接続	101	False
4467	離乳	りにゅう	サ変接続	101	True
4467	離京	りきょう	サ変接続	101	False
4467	離任	りにん	サ変接続	101	True
4467	離別	りべつ	サ変接続	109	True
4467	離反	りはん	サ変接続	101	True
4467	離叛	りはん	サ変接続	101	False
4467	離合	りごう	サ変接続	101	True
4467	離床	りしょう	サ変接続	101	True
4467	離散	りさん	サ変接続	101	True
4467	離日	りにち	サ変接続	101	True
4467	離村	りそん	サ変接続	101	True
4467	離水	りすい	サ変接続	101	True
4467	離礁	りしょう	サ変接続	101	True
4467	離籍	りせき	サ変接続	101	True
4467	離職	りしょく	サ変接続	101	True
4467	離船	りせん	サ変接続	101	True
4467	離農	りのう	サ変接続	101	True
4467	離郷	りきょう	サ変接続	101	False
4467	離間	りかん	サ変接続	101	True
4467	離陸	りりく	サ変接続	101	True
4467	離隔	りかく	サ変接続	101	True
4467	難儀	なんぎ	サ変接続	96	True
4467	難渋	なんじゅう	サ変接続	96	False
4467	難破	なんぱ	サ変接続	101	True
4467	難船	なんせん	サ変接続	106	True
4467	難詰	なんきつ	サ変接続	101	False
4467	雪冤	せつえん	サ変接続	101	False
4467	雪辱	せつじょく	サ変接続	101	False
4467	雲散	うんさん	サ変接続	101	True
4467	雲集	うんしゅう	サ変接続	101	True
4467	零落	れいらく	サ変接続	101	True
4467	雷同	らいどう	サ変接続	101	False
4467	雷撃	らいげき	サ変接続	101	False
4467	電解	でんかい	サ変接続	101	True
4467	電請	でんせい	サ変接続	101	False
4467	電離	でんり	サ変接続	101	True
4467	霧散	むさん	サ変接続	101	False
4467	露光	ろこう	サ変接続	101	True
4467	露営	ろえい	サ変接続	101	True
4467	露見	ろけん	サ変接続	101	True
4467	露顕	ろけん	サ変接続	101	False
4467	非議	ひぎ	サ変接続	101	True
4467	面晤	めんご	サ変接続	101	False
4467	面罵	めんば	サ変接続	101	False
4467	面詰	めんきつ	サ変接続	101	False
4467	鞭撻	べんたつ	サ変接続	101	False
4467	音読	おんどく	サ変接続	101	True
4467	順延	じゅんえん	サ変接続	101	False
4467	順接	じゅんせつ	サ変接続	101	True
4467	順礼	じゅんれい	サ変接続	101	True
4467	預言	よげん	サ変接続	101	True
4467	預託	よたく	サ変接続	101	True
4467	頒布	はんぷ	サ変接続	101	False
4467	頓悟	とんご	サ変接続	101	False
4467	頓挫	とんざ	サ変接続	101	False
4467	頓服	とんぷく	サ変接続	101	False
4467	頓死	とんし	サ変接続	101	False
4467	頓着	とんじゃく	サ変接続	90	False
4467	頓着	とんちゃく	サ変接続	90	False
4467	領掌	りょうじょう	サ変接続	101	False
4467	領有	りょうゆう	サ変接続	101	False
4467	頬被	ほおかむり	サ変接続	None	False
4467	頻出	ひんしゅつ	サ変接続	101	True
4467	顛覆	てんぷく	サ変接続	101	False
4467	類従	るいじゅう	サ変接続	101	False
4467	類推	るいすい	サ変接続	101	True
4467	類比	るいひ	サ変接続	101	True
4467	類纂	るいさん	サ変接続	101	False
4467	類聚	るいじゅう	サ変接続	101	False
4467	顧慮	こりょ	サ変接続	101	False
4467	顰蹙	ひんしゅく	サ変接続	101	False
4467	風発	ふうはつ	サ変接続	101	True
4467	風聞	ふうぶん	サ変接続	101	True
4467	風蝕	ふうしょく	サ変接続	101	False
4467	風諭	ふうゆ	サ変接続	101	False
4467	風靡	ふうび	サ変接続	101	False
4467	風食	ふうしょく	サ変接続	101	True
4467	飛躍	ひやく	サ変接続	101	True
4467	食傷	しょくしょう	サ変接続	101	False
4467	食言	しょくげん	サ変接続	101	True
4467	飲用	いんよう	サ変接続	101	True
4467	飼育	しいく	サ変接続	101	True
4467	飽和	ほうわ	サ変接続	101	False
4467	飽満	ほうまん	サ変接続	101	False
4467	飽食	ほうしょく	サ変接続	101	False
4467	養育	よういく	サ変接続	101	False
4467	饗応	きょうおう	サ変接続	101	True
4467	首謀	しゅぼう	サ変接続	115	False
4467	馬耕	ばこう	サ変接続	101	True
4467	馬食	ばしょく	サ変接続	101	True
4467	馴致	じゅんち	サ変接続	101	False
4467	駁撃	ばくげき	サ変接続	101	False
4467	駁論	ばくろん	サ変接続	101	False
4467	駆虫	くちゅう	サ変接続	101	False
4467	駆逐	くちく	サ変接続	101	False
4467	駐箚	ちゅうさつ	サ変接続	101	False
4467	騒動	そうどう	サ変接続	101	False
4467	驀進	ばくしん	サ変接続	101	False
4467	驚嘆	きょうたん	サ変接続	101	False
4467	驚歎	きょうたん	サ変接続	101	False
4467	髣髴	ほうふつ	サ変接続	101	False
4467	鬱屈	うっくつ	サ変接続	101	False
4467	鬱気	うっき	サ変接続	101	False
4467	鬱積	うっせき	サ変接続	101	False
4467	鬱結	うっけつ	サ変接続	101	False
4467	鬱血	うっけつ	サ変接続	101	False
4467	魅了	みりょう	サ変接続	101	False
4467	魅惑	みわく	サ変接続	101	False
4467	鯨飲	げいいん	サ変接続	101	False
4467	鳩合	きゅうごう	サ変接続	101	False
4467	鳩首	きゅうしゅ	サ変接続	101	False
4467	鳴動	めいどう	サ変接続	101	False
4467	鷹揚	おうよう	形容動詞語幹	121	False
4467	鹵獲	ろかく	サ変接続	101	False
4467	黄濁	こうだく	サ変接続	101	False
4467	黄熟	おうじゅく	サ変接続	101	False
4467	黙坐	もくざ	サ変接続	101	False
4467	黙座	もくざ	サ変接続	101	False
4467	黙想	もくそう	サ変接続	101	False
4467	黙殺	もくさつ	サ変接続	101	False
4467	黙礼	もくれい	サ変接続	101	False
4467	黙祷	もくとう	サ変接続	101	False
4467	黙秘	もくひ	サ変接続	101	False
4467	黙許	もっきょ	サ変接続	101	False
4467	黙認	もくにん	サ変接続	101	False
4467	黙読	もくどく	サ変接続	101	False
4467	黙諾	もくだく	サ変接続	101	False
4467	鼎坐	ていざ	サ変接続	101	False
4467	鼓吹	こすい	サ変接続	101	False
4467	鼓腹	こふく	サ変接続	101	False
4467	齷齪	あくせく	サ変接続	113	False
4467	龜裂	きれつ	サ変接続	None	False
4468	仕分	しわけ	サ変接続	117	False
4468	付随	ふずい	サ変接続	101	True
4468	作動	さどう	サ変接続	101	True
4468	倒幕	とうばく	サ変接続	101	False
4468	公演	こうえん	サ変接続	101	True
4468	凱旋	がいせん	サ変接続	101	False
4468	分立	ぶんりつ	サ変接続	101	True
4468	包蔵	ほうぞう	サ変接続	101	False
4468	参究	さんきゅう	サ変接続	101	True
4468	口演	こうえん	サ変接続	101	True
4468	句作	くさく	サ変接続	101	True
4468	吐露	とろ	サ変接続	101	False
4468	吹鳴	すいめい	サ変接続	101	False
4468	味到	みとう	サ変接続	101	False
4468	和協	わきょう	サ変接続	101	True
4468	喝采	かっさい	サ変接続	101	False
4468	図示	ずし	サ変接続	101	False
4468	墓参	ぼさん	サ変接続	101	True
4468	好演	こうえん	サ変接続	101	True
4468	布線	ふせん	サ変接続	115	False
4468	帰依	きえ	サ変接続	101	False
4468	思慕	しぼ	サ変接続	101	False
4468	慢罵	まんば	サ変接続	101	False
4468	手当	てあて	サ変接続	86	False
4468	拿捕	だほ	サ変接続	101	False
4468	換言	かんげん	サ変接続	101	True
4468	放浪	ほうろう	サ変接続	108	False
4468	暴行	ぼうこう	サ変接続	101	False
4468	検算	けんざん	サ変接続	101	False
4468	模索	もさく	サ変接続	101	True
4468	殴打	おうだ	サ変接続	101	False
4468	水泳	すいえい	サ変接続	101	False
4468	浄水	じょうすい	サ変接続	101	False
4468	漫罵	まんば	サ変接続	101	False
4468	無私	むし	形容動詞語幹	113	True
4468	監査	かんさ	サ変接続	101	True
4468	破局	はきょく	一般	98	True
4468	笑殺	しょうさつ	サ変接続	101	False
4468	結球	けっきゅう	サ変接続	101	True
4468	続演	ぞくえん	サ変接続	101	True
4468	落書	らくがき	サ変接続	103	False
4468	薄着	うすぎ	サ変接続	108	False
4468	諌言	かんげん	サ変接続	101	False
4468	貼付	ちょうふ	サ変接続	0	False
4468	貼附	ちょうふ	サ変接続	101	False
4468	転向	てんこう	サ変接続	101	True
4468	軽侮	けいぶ	サ変接続	101	False
4468	退廷	たいてい	サ変接続	101	False
4468	連吟	れんぎん	サ変接続	101	False
4468	鍍金	めっき	サ変接続	101	False
4468	鑑査	かんさ	サ変接続	101	True
4468	開示	かいじ	サ変接続	101	True
4468	阿付	あふ	サ変接続	None	False
4468	震動	しんどう	サ変接続	132	False
4468	首肯	しゅこう	サ変接続	101	False
4468	験算	けんざん	サ変接続	101	False
4468	高吟	こうぎん	サ変接続	101	False
4468	齟齬	そご	サ変接続	101	False
4469	加護	かご	サ変接続	101	True
4469	大家	たいか	一般	92	True
4469	帰臥	きが	サ変接続	101	True
4469	平臥	へいが	サ変接続	101	True
4469	強請	ごうせい	サ変接続	101	False
4469	懐古	かいこ	サ変接続	101	True
4469	択一	たくいつ	サ変接続	111	True
4469	播種	はしゅ	サ変接続	121	False
4469	斟酌	しんしゃく	サ変接続	101	False
4469	暗闘	あんとう	サ変接続	101	False
4469	栖息	せいそく	サ変接続	101	False
4469	棲息	せいそく	サ変接続	101	False
4469	歓談	かんだん	サ変接続	101	True
4469	相違	そうい	サ変接続	101	True
4469	示唆	しさ	サ変接続	101	False
4469	移送	いそう	サ変接続	101	False
4469	競映	きょうえい	サ変接続	101	False
4469	競泳	きょうえい	サ変接続	101	False
4469	算定	さんてい	サ変接続	101	True
4469	表決	ひょうけつ	サ変接続	102	True
4469	訪韓	ほうかん	サ変接続	101	False
4469	詐欺	さぎ	サ変接続	115	False
4469	起臥	きが	サ変接続	101	True
4469	連想	れんそう	サ変接続	101	True
4469	開店	かいてん	サ変接続	101	True
4469	閑談	かんだん	サ変接続	101	True
4469	附随	ふずい	サ変接続	101	True
4469	雄視	ゆうし	サ変接続	101	True
4470	併科	へいか	サ変接続	101	False
4470	力闘	りきとう	サ変接続	101	False
4470	厚遇	こうぐう	サ変接続	101	False
4470	哀訴	あいそ	サ変接続	101	False
4470	回顧	かいこ	サ変接続	101	False
4470	坐視	ざし	サ変接続	101	False
4470	埋納	まいのう	サ変接続	101	False
4470	売淫	ばいいん	サ変接続	101	False
4470	実感	じっかん	サ変接続	128	True
4470	座視	ざし	サ変接続	101	True
4470	懈怠	けたい	サ変接続	101	False
4470	打撲	だぼく	サ変接続	101	False
4470	演算	えんざん	サ変接続	101	False
4470	燃焼	ねんしょう	サ変接続	101	False
4470	破顔	はがん	サ変接続	101	False
4470	聯奏	れんそう	サ変接続	101	True
4470	聯想	れんそう	サ変接続	101	True
4470	行持	ぎょうじ	サ変接続	101	True
4470	警告	けいこく	サ変接続	101	True
4470	輻湊	ふくそう	サ変接続	101	False
4470	輻輳	ふくそう	サ変接続	101	False
4470	連奏	れんそう	サ変接続	101	True
4470	野営	やえい	サ変接続	101	True
4471	休校	きゅうこう	サ変接続	101	True
4471	休航	きゅうこう	サ変接続	101	True
4471	休講	きゅうこう	サ変接続	101	True
4471	入洛	じゅらく	サ変接続	101	False
4471	卑下	ひげ	サ変接続	101	False
4471	否認	ひにん	サ変接続	101	True
4471	垂死	すいし	サ変接続	115	False
4471	垂示	すいし	サ変接続	101	False
4471	損壊	そんかい	サ変接続	101	False
4471	散在	さんざい	サ変接続	101	True
4471	散財	さんざい	サ変接続	101	True
4471	杜絶	とぜつ	サ変接続	101	False
4471	育児	いくじ	サ変接続	114	True
4471	補填	ほてん	サ変接続	101	False
4471	資金	しきん	一般	122	True
4471	躬行	きゅうこう	サ変接続	101	False
4471	遷移	せんい	サ変接続	101	False
4471	駅前	えきまえ	一般	102	False
4472	先勝	せんしょう	サ変接続	101	True
4472	合一	ごういつ	サ変接続	106	True
4472	寄書	きしょ	サ変接続	101	True
4472	帰投	きとう	サ変接続	101	True
4472	服膺	ふくよう	サ変接続	101	False
4472	服薬	ふくやく	サ変接続	104	True
4472	気絶	きぜつ	サ変接続	101	False
4472	祈祷	きとう	サ変接続	98	False
4472	禁錮	きんこ	サ変接続	101	False
4472	算用	さんにょう	サ変接続	84	False
4472	訪問	ほうもん	サ変接続	101	False
4472	誤報	ごほう	サ変接続	115	True
4472	途絶	とぜつ	サ変接続	101	False
4472	遅疑	ちぎ	サ変接続	101	True
4472	避妊	ひにん	サ変接続	101	False
4472	閉廷	へいてい	サ変接続	101	False
4472	闘病	とうびょう	サ変接続	101	False
4473	不参	ふさん	サ変接続	104	True
4473	先頭	せんとう	一般	105	True
4473	再議	さいぎ	サ変接続	102	True
4473	対坐	たいざ	サ変接続	101	False
4473	対座	たいざ	サ変接続	101	True
4473	就学	しゅうがく	サ変接続	101	False
4473	市販	しはん	サ変接続	101	True
4473	慰撫	いぶ	サ変接続	101	False
4473	推移	すいい	サ変接続	101	False
4473	本人	ほんにん	一般	79	True
4473	沐浴	もくよく	サ変接続	101	False
4473	猜疑	さいぎ	サ変接続	100	False
4473	設置	せっち	サ変接続	101	True
4473	退座	たいざ	サ変接続	101	True
4474	両用	りょうよう	サ変接続	115	True
4474	交配	こうはい	サ変接続	101	True
4474	別記	べっき	サ変接続	101	True
4474	勤続	きんぞく	サ変接続	101	False
4474	呼吸	こきゅう	サ変接続	101	False
4474	嘔吐	おうと	サ変接続	103	False
4474	悔悛	かいしゅん	サ変接続	101	False
4474	改悛	かいしゅん	サ変接続	101	False
4474	来援	らいえん	サ変接続	101	True
4474	療養	りょうよう	サ変接続	101	False
4474	破棄	はき	サ変接続	101	True
4474	破毀	はき	サ変接続	101	False
4474	自給	じきゅう	サ変接続	101	True
4474	荒廃	こうはい	サ変接続	101	True
4474	認可	にんか	サ変接続	101	True
4474	送受	そうじゅ	サ変接続	101	True
4475	奏功	そうこう	サ変接続	101	True
4475	奏効	そうこう	サ変接続	101	True
4475	寡占	かせん	サ変接続	115	False
4475	崩潰	ほうかい	サ変接続	101	False
4475	往生	おうじょう	サ変接続	101	False
4475	抱懐	ほうかい	サ変接続	101	False
4475	歓喜	かんき	サ変接続	91	True
4475	産休	さんきゅう	サ変接続	115	True
4475	疾駆	しっく	サ変接続	101	False
4475	苦行	くぎょう	サ変接続	101	True
4475	蕩尽	とうじん	サ変接続	101	False
4475	解散	かいさん	サ変接続	101	True
4475	走行	そうこう	サ変接続	101	True
4476	両分	りょうぶん	サ変接続	111	True
4476	依託	いたく	サ変接続	101	True
4476	兼備	けんび	サ変接続	101	True
4476	墜死	ついし	サ変接続	101	False
4476	壮語	そうご	サ変接続	101	False
4476	大言	たいげん	サ変接続	101	True
4476	奏上	そうじょう	サ変接続	101	True
4476	居留	きょりゅう	サ変接続	101	False
4476	希有	けう	形容動詞語幹	113	False
4476	廻転	かいてん	サ変接続	96	True
4476	改組	かいそ	サ変接続	101	True
4476	本有	ほんゆう	サ変接続	101	True
4476	水死	すいし	サ変接続	108	True
4476	沸騰	ふっとう	サ変接続	101	False
4476	添付	てんぷ	サ変接続	101	False
4476	添附	てんぷ	サ変接続	101	False
4476	牢記	ろうき	サ変接続	101	True
4476	発出	はっしゅつ	サ変接続	101	True
4476	矯激	きょうげき	形容動詞語幹	113	False
4476	討議	とうぎ	サ変接続	101	True
4476	訓電	くんでん	サ変接続	101	True
4476	貼付	てんぷ	サ変接続	0	False
4476	貼附	てんぷ	サ変接続	101	False
4476	騒擾	そうじょう	サ変接続	101	False
4477	代署	だいしょ	サ変接続	101	True
4477	作歌	さっか	サ変接続	101	True
4477	信託	しんたく	サ変接続	101	True
4477	倍加	ばいか	サ変接続	101	True
4477	意訳	いやく	サ変接続	101	True
4477	手交	しゅこう	サ変接続	101	True
4477	推薦	すいせん	サ変接続	101	False
4477	推選	すいせん	サ変接続	101	True
4477	空発	くうはつ	サ変接続	101	True
4477	立身	りっしん	サ変接続	101	False
4477	約分	やくぶん	サ変接続	101	True
4477	違約	いやく	サ変接続	101	True
4477	遭難	そうなん	サ変接続	101	False
4477	重任	じゅうにん	サ変接続	101	True
4478	兼帯	けんたい	サ変接続	101	True
4478	投写	とうしゃ	サ変接続	115	True
4478	投射	とうしゃ	サ変接続	101	True
4478	正装	せいそう	サ変接続	101	False
4478	清掃	せいそう	サ変接続	101	False
4478	盛装	せいそう	サ変接続	101	False
4478	脳死	のうし	サ変接続	93	True
4478	苦悶	くもん	サ変接続	101	False
4478	苦闘	くとう	サ変接続	101	False
4478	議決	ぎけつ	サ変接続	101	True
4478	透写	とうしゃ	サ変接続	101	True
4478	黒人	こくじん	一般	98	True
4479	代納	だいのう	サ変接続	101	False
4479	先駆	せんく	サ変接続	101	False
4479	奉還	ほうかん	サ変接続	101	False
4479	実践	じっせん	サ変接続	101	False
4479	弘法	ぐほう	サ変接続	124	False
4479	推奨	すいしょう	サ変接続	101	False
4479	推称	すいしょう	サ変接続	101	True
4479	推賞	すいしょう	サ変接続	101	True
4479	推量	すいりょう	サ変接続	86	True
4479	渡御	とぎょ	サ変接続	94	True
4479	製本	せいほん	サ変接続	96	True
4479	起床	きしょう	サ変接続	101	True
4479	長嘆	ちょうたん	サ変接続	101	False
4479	長歎	ちょうたん	サ変接続	101	False
4479	雀躍	じゃくやく	サ変接続	101	False
4480	吹奏	すいそう	サ変接続	101	False
4480	寡黙	かもく	形容動詞語幹	113	False
4480	授精	じゅせい	サ変接続	101	False
4480	毀傷	きしょう	サ変接続	101	False
4480	浮世	うきよ	一般	80	False
4480	激昂	げっこう	サ変接続	90	False
4480	激高	げっこう	サ変接続	101	False
4480	起請	きしょう	サ変接続	101	False
4480	防戦	ぼうせん	サ変接続	107	True
4480	降圧	こうあつ	サ変接続	115	True
4481	云為	うんい	サ変接続	101	True
4481	休会	きゅうかい	サ変接続	101	True
4481	口供	こうきょう	サ変接続	101	True
4481	合歓	ごうかん	サ変接続	96	True
4481	妄動	もうどう	サ変接続	101	False
4481	強姦	ごうかん	サ変接続	101	False
4481	抑止	よくし	サ変接続	101	False
4481	発散	はっさん	サ変接続	101	True
4481	盲動	もうどう	サ変接続	101	False
4481	相乗	そうじょう	サ変接続	101	True
4481	老成	ろうせい	サ変接続	101	True
4481	腐乱	ふらん	サ変接続	101	False
4481	腐爛	ふらん	サ変接続	101	False
4481	黙考	もっこう	サ変接続	101	False
4482	一文	いちぶん	一般	0	True
4482	共栄	きょうえい	サ変接続	101	True
4482	内観	ないかん	サ変接続	102	True
4482	制御	せいぎょ	サ変接続	88	True
4482	創刊	そうかん	サ変接続	101	False
4482	同署	どうしょ	一般	67	True
4482	指摘	してき	サ変接続	101	False
4482	相姦	そうかん	サ変接続	101	True
4482	相関	そうかん	サ変接続	101	True
4482	着生	ちゃくせい	サ変接続	101	True
4482	送還	そうかん	サ変接続	101	False
4483	丁寧	ていねい	形容動詞語幹	121	False
4483	常傭	じょうよう	サ変接続	102	False
4483	手形	てがた	一般	105	False
4483	晩成	ばんせい	サ変接続	101	True
4483	毎日	まいにち	副詞可能	79	True
4483	製鉄	せいてつ	サ変接続	108	True
4483	降伏	こうふく	サ変接続	79	True
4483	降服	こうふく	サ変接続	93	True
4484	出仕	しゅっし	サ変接続	101	False
4484	喧嘩	けんか	サ変接続	85	False
4484	屡報	るほう	サ変接続	101	False
4484	常置	じょうち	サ変接続	101	False
4484	献花	けんか	サ変接続	101	False
4484	鹸化	けんか	サ変接続	101	False
4485	加階	かかい	サ変接続	101	True
4485	後見	こうけん	サ変接続	101	True
4485	恋慕	れんぼ	サ変接続	101	False
4485	排泄	はいせつ	サ変接続	101	False
4485	火傷	やけど	サ変接続	78	False
4485	細書	さいしょ	サ変接続	109	False
4485	親祭	しんさい	サ変接続	101	True
4485	親裁	しんさい	サ変接続	101	True
4485	起用	きよう	サ変接続	101	True
4486	出来	でき	一般	90	False
4486	坐洲	ざす	サ変接続	103	False
4486	定位	ていい	サ変接続	108	True
4486	座州	ざす	サ変接続	103	True
4486	強襲	きょうしゅう	サ変接続	101	False
4486	測地	そくち	サ変接続	101	True
4486	転校	てんこう	サ変接続	101	True
4487	対置	たいち	サ変接続	101	True
4487	照査	しょうさ	サ変接続	101	False
4488	付記	ふき	サ変接続	101	True
4488	受命	じゅめい	サ変接続	101	False
4488	嚥下	えんか	サ変接続	101	True
4488	多忙	たぼう	形容動詞語幹	113	False
4488	大観	たいかん	サ変接続	101	True
4488	奪取	だっしゅ	サ変接続	101	False
4488	微量	びりょう	一般	110	True
4488	真似	まね	サ変接続	100	False
4488	試問	しもん	サ変接続	101	True
4488	退官	たいかん	サ変接続	101	True
4488	遊蕩	ゆうとう	サ変接続	101	False
4488	附記	ふき	サ変接続	101	True
4489	企劃	きかく	サ変接続	101	False
4489	冷凍	れいとう	サ変接続	105	False
4489	卓抜	たくばつ	サ変接続	96	False
4489	姦淫	かんいん	サ変接続	101	False
4489	濾過	ろか	サ変接続	103	False
4489	終止	しゅうし	サ変接続	101	True
4489	若者	わかもの	一般	115	False
4489	青青	あおあお	サ変接続	170	False
4490	創造	そうぞう	サ変接続	96	False
4490	廓大	かくだい	サ変接続	113	False
4490	提起	ていき	サ変接続	101	False
4490	療治	りょうじ	サ変接続	101	False
4490	耕作	こうさく	サ変接続	131	True
4490	行水	ぎょうずい	サ変接続	101	False
4490	集結	しゅうけつ	サ変接続	101	True
4491	伝導	でんどう	サ変接続	101	False
4491	出勤	しゅっきん	サ変接続	100	False
4491	刻下	こっか	副詞可能	115	False
4491	半身	はんしん	一般	95	True
4491	外務	がいむ	一般	115	True
4491	散見	さんけん	サ変接続	101	True
4491	自任	じにん	サ変接続	101	True
4491	自認	じにん	サ変接続	101	True
4491	親閲	しんえつ	サ変接続	101	False
4491	訪独	ほうどく	サ変接続	101	False
4491	遊説	ゆうぜい	サ変接続	101	False
4492	伝動	でんどう	サ変接続	101	True
4492	伝道	でんどう	サ変接続	101	True
4492	偽称	ぎしょう	サ変接続	101	False
4492	分業	ぶんぎょう	サ変接続	101	True
4492	副葬	ふくそう	サ変接続	101	True
4492	募集	ぼしゅう	サ変接続	101	False
4492	夜営	やえい	サ変接続	101	True
4492	日参	にっさん	サ変接続	104	False
4492	誕生	たんじょう	サ変接続	101	False
4492	謙称	けんしょう	サ変接続	101	False
4492	送像	そうぞう	サ変接続	101	True
4492	顕彰	けんしょう	サ変接続	101	False
4493	初期	しょき	一般	106	True
4493	口論	こうろん	サ変接続	101	True
4493	容認	ようにん	サ変接続	101	True
4493	従事	じゅうじ	サ変接続	101	False
4493	根元	ねもと	一般	96	False
4493	誤写	ごしゃ	サ変接続	101	True
4493	通計	つうけい	サ変接続	101	True
4493	開口	かいこう	一般	101	True
4494	上下	じょうげ	サ変接続	92	True
4494	不忠	ふちゅう	形容動詞語幹	113	True
4494	田畑	たはた	一般	114	False
4494	親授	しんじゅ	サ変接続	101	False
4495	信奉	しんぽう	サ変接続	101	False
4495	健全	けんぜん	形容動詞語幹	121	False
4495	増減	ぞうげん	サ変接続	91	True
4495	指揮	しき	サ変接続	101	True
4495	沮止	そし	サ変接続	101	False
4495	競走	きょうそう	サ変接続	101	False
4495	継起	けいき	サ変接続	101	True
4495	阻止	そし	サ変接続	101	False
4496	傭船	ようせん	サ変接続	103	False
4496	勧戒	かんかい	サ変接続	101	False
4496	格納	かくのう	サ変接続	101	False
4496	牧場	ぼくじょう	一般	89	False
4496	総称	そうしょう	サ変接続	101	True
4496	緩解	かんかい	サ変接続	101	False
4496	転成	てんせい	サ変接続	101	True
4496	転生	てんせい	サ変接続	98	True
4497	切磋	せっさ	サ変接続	101	False
4497	区劃	くかく	サ変接続	99	False
4497	瀟洒	しょうしゃ	形容動詞語幹	121	False
4497	開国	かいこく	サ変接続	101	True
4498	参学	さんがく	サ変接続	101	True
4498	塗擦	とさつ	サ変接続	101	False
4498	定植	ていしょく	サ変接続	101	True
4498	届出	とどけで	サ変接続	0	False
4498	屠殺	とさつ	サ変接続	103	False
4498	抵触	ていしょく	サ変接続	101	False
4498	牴触	ていしょく	サ変接続	101	False
4498	觝触	ていしょく	サ変接続	101	False
4499	了知	りょうち	サ変接続	101	False
4499	切言	せつげん	サ変接続	102	True
4499	刻字	こくじ	一般	114	True
4499	加勢	かせい	サ変接続	101	True
4499	化生	かせい	サ変接続	103	True
4499	参朝	さんちょう	サ変接続	101	True
4499	失調	しっちょう	サ変接続	115	False
4499	暖房	だんぼう	サ変接続	99	True
4499	農耕	のうこう	サ変接続	115	True
4499	醇化	じゅんか	サ変接続	101	False
4499	銀行	ぎんこう	一般	85	True
4499	順化	じゅんか	サ変接続	101	True
4499	馴化	じゅんか	サ変接続	101	False
4500	一倍	いちばい	サ変接続	54	True
4500	重奏	じゅうそう	サ変接続	126	True
4501	唾棄	だき	サ変接続	101	False
4502	代作	だいさく	サ変接続	102	True
4502	年月	としつき	一般	151	False
4502	意味	いみ	サ変接続	85	True
4503	仮設	かせつ	サ変接続	101	False
4503	平定	へいてい	サ変接続	134	True
4503	朱書	しゅしょ	サ変接続	101	True
4503	軽視	けいし	サ変接続	101	True
4504	参会	さんかい	サ変接続	101	True
4504	括弧	かっこ	サ変接続	99	False
4504	散開	さんかい	サ変接続	101	True
4504	発光	はっこう	サ変接続	101	True
4504	窺知	きち	サ変接続	101	False
4504	電鍍	でんと	サ変接続	101	False
4505	半日	はんにち	副詞可能	97	True
4505	散歩	さんぽ	サ変接続	101	True
4505	適格	てきかく	形容動詞語幹	97	True
4505	驚愕	きょうがく	サ変接続	101	False
4506	発効	はっこう	サ変接続	101	True
4506	開帳	かいちょう	サ変接続	93	True
4507	三男	さんなん	一般	109	True
4507	出世	しゅっせ	サ変接続	101	False
4507	勅撰	ちょくせん	サ変接続	101	False
4507	地味	じみ	形容動詞語幹	115	True
4507	生地	きじ	一般	75	False
4507	発向	はっこう	サ変接続	101	True
4507	醗酵	はっこう	サ変接続	101	False
4508	修学	しゅうがく	サ変接続	101	True
4508	危懼	きく	サ変接続	101	False
4508	奉加	ほうが	サ変接続	101	False
4508	奉賀	ほうが	サ変接続	101	False
4508	寝具	しんぐ	一般	115	False
4508	庇護	ひご	サ変接続	101	False
4508	急行	きゅうこう	サ変接続	101	True
4508	披見	ひけん	サ変接続	101	False
4508	改行	かいぎょう	サ変接続	101	True
4508	比肩	ひけん	サ変接続	101	False
4508	萌芽	ほうが	サ変接続	101	False
4509	公布	こうふ	サ変接続	101	False
4509	商工	しょうこう	一般	98	True
4509	彩色	さいしき	サ変接続	101	False
4509	接地	せっち	サ変接続	101	True
4509	黙過	もっか	サ変接続	101	False
4510	回帰	かいき	サ変接続	101	True
4510	増兵	ぞうへい	サ変接続	101	True
4510	自国	じこく	一般	65	True
4511	委託	いたく	サ変接続	101	True
4511	廻国	かいこく	サ変接続	105	True
4511	戒告	かいこく	サ変接続	101	True
4511	検札	けんさつ	サ変接続	101	True
4511	次官	じかん	一般	83	True
4511	火中	かちゅう	サ変接続	101	True
4511	賢察	けんさつ	サ変接続	101	True
4511	進学	しんがく	サ変接続	66	True
4512	忠義	ちゅうぎ	サ変接続	117	True
4512	理会	りかい	サ変接続	102	True
4512	蚕食	さんしょく	サ変接続	101	False
4513	交付	こうふ	サ変接続	101	True
4513	付議	ふぎ	サ変接続	101	True
4513	修正	しゅうせい	サ変接続	101	True
4513	公告	こうこく	サ変接続	101	True
4513	再会	さいかい	サ変接続	102	True
4513	抗告	こうこく	サ変接続	101	True
4513	膨大	ぼうだい	サ変接続	96	False
4513	転入	てんにゅう	サ変接続	101	True
4513	附議	ふぎ	サ変接続	101	True
4514	刑死	けいし	サ変接続	101	True
4514	博覧	はくらん	サ変接続	101	True
4514	変成	へんせい	サ変接続	101	True
4514	編制	へんせい	サ変接続	100	True
4514	複雑	ふくざつ	形容動詞語幹	112	True
4515	一時	ひととき	副詞可能	50	False
4515	地震	じしん	一般	79	False
4516	係船	けいせん	サ変接続	101	False
4516	刺激	しげき	サ変接続	95	True
4516	召募	しょうぼ	サ変接続	101	False
4516	可能	かのう	形容動詞語幹	117	True
4516	繋船	けいせん	サ変接続	101	True
4517	化膿	かのう	サ変接続	101	True
4517	咫尺	しせき	サ変接続	101	False
4517	嘉納	かのう	サ変接続	102	False
4517	棄権	きけん	サ変接続	102	False
4517	管制	かんせい	サ変接続	101	True
4517	退院	たいいん	サ変接続	101	True
4519	来演	らいえん	サ変接続	101	True
4519	自称	じしょう	サ変接続	101	True
4520	予期	よき	サ変接続	101	True
4520	二目	ふため	一般	None	False
4520	僭称	せんしょう	サ変接続	101	False
4520	戦捷	せんしょう	サ変接続	101	False
4520	貯蔵	ちょぞう	サ変接続	101	False
4520	逆睹	ぎゃくと	サ変接続	101	False
4520	選奨	せんしょう	サ変接続	101	False
4521	傾斜	けいしゃ	サ変接続	101	False
4521	入港	にゅうこう	サ変接続	101	True
4521	入行	にゅうこう	サ変接続	101	True
4521	浄化	じょうか	サ変接続	101	False
4521	終決	しゅうけつ	サ変接続	102	True
4522	入坑	にゅうこう	サ変接続	101	False
4522	入寇	にゅうこう	サ変接続	101	False
4522	入校	にゅうこう	サ変接続	101	True
4522	入構	にゅうこう	サ変接続	101	True
4522	入貢	にゅうこう	サ変接続	101	False
4522	受検	じゅけん	サ変接続	101	True
4522	合戦	かっせん	サ変接続	87	False
4522	永年	えいねん	副詞可能	77	False
4523	修整	しゅうせい	サ変接続	101	False
4523	健保	けんぽ	一般	115	False
4523	急派	きゅうは	サ変接続	101	True
4523	退蔵	たいぞう	サ変接続	101	True
4523	遷都	せんと	サ変接続	101	False
4523	集成	しゅうせい	サ変接続	101	True
4524	原稿	げんこう	一般	94	True
4524	崩壊	ほうかい	サ変接続	101	False
4524	常駐	じょうちゅう	サ変接続	101	False
4524	批評	ひひょう	サ変接続	101	True
4524	機会	きかい	一般	85	True
4525	一法	いっぽう	一般	92	False
4525	万里	ばんり	一般	106	True
4525	参戦	さんせん	サ変接続	101	True
4525	専従	せんじゅう	サ変接続	101	False
4525	編者	へんしゃ	一般	104	True
4525	辛勝	しんしょう	サ変接続	101	False
4525	酒類	しゅるい	一般	128	True
4526	始動	しどう	サ変接続	101	True
4526	潜在	せんざい	サ変接続	101	False
4526	腹痛	はらいた	一般	146	False
4526	自修	じしゅう	サ変接続	101	True
4526	自習	じしゅう	サ変接続	101	True
4527	下馬	げば	サ変接続	109	True
4527	奪回	だっかい	サ変接続	101	False
4527	東道	とうどう	サ変接続	122	True
4527	歌舞	かぶ	サ変接続	108	False
4527	解熱	げねつ	サ変接続	101	False
4528	代位	だいい	サ変接続	101	True
4528	婦人	ふじん	一般	72	True
4528	撰文	せんぶん	サ変接続	101	True
4528	殊勝	しゅしょう	形容動詞語幹	121	False
4528	自証	じしょう	サ変接続	101	True
4528	裁決	さいけつ	サ変接続	107	True
4528	陸行	りっこう	サ変接続	101	False
4529	壮健	そうけん	形容動詞語幹	113	False
4529	壮大	そうだい	形容動詞語幹	121	False
4529	寄与	きよ	サ変接続	101	False
4529	新造	しんぞう	サ変接続	104	True
4529	琢磨	たくま	サ変接続	103	False
4529	認知	にんち	サ変接続	101	True
4529	開所	かいしょ	サ変接続	101	True
4530	主人	しゅじん	一般	78	True
4530	安神	あんしん	サ変接続	96	True
4530	敗訴	はいそ	サ変接続	101	True
4530	自制	じせい	サ変接続	101	True
4530	自生	じせい	サ変接続	101	True
4530	雄渾	ゆうこん	形容動詞語幹	113	False
4531	兼摂	けんせつ	サ変接続	101	False
4531	再調	さいちょう	サ変接続	132	True
4531	奨励	しょうれい	サ変接続	101	False
4531	折衷	せっちゅう	サ変接続	101	False
4531	自省	じせい	サ変接続	101	False
4531	自製	じせい	サ変接続	101	True
4531	選書	せんしょ	一般	114	True
4532	休日	きゅうじつ	副詞可能	107	True
4532	化粧	けしょう	サ変接続	89	False
4532	大関	おおぜき	一般	83	False
4532	散華	さんげ	サ変接続	101	False
4533	主食	しゅしょく	一般	110	True
4533	再訪	さいほう	サ変接続	133	False
4533	各種	かくしゅ	一般	106	True
4533	報謝	ほうしゃ	サ変接続	101	False
4533	採訪	さいほう	サ変接続	101	False
4533	昇殿	しょうでん	サ変接続	101	False
4533	移転	いてん	サ変接続	101	False
4533	裁縫	さいほう	サ変接続	101	False
4534	参殿	さんでん	サ変接続	101	False
4534	圏内	けんない	一般	125	True
4534	失点	しってん	サ変接続	114	False
4534	着実	ちゃくじつ	形容動詞語幹	121	True
4534	禁固	きんこ	サ変接続	101	False
4534	追試	ついし	サ変接続	101	True
4534	遅刻	ちこく	サ変接続	101	True
4535	会読	かいどく	サ変接続	101	True
4535	回読	かいどく	サ変接続	101	True
4535	敬愛	けいあい	サ変接続	101	True
4535	模型	もけい	一般	114	True
4535	被災	ひさい	サ変接続	101	False
4535	解読	かいどく	サ変接続	101	True
4535	高貴	こうき	形容動詞語幹	113	True
4536	客員	きゃくいん	一般	98	True
4537	修道	しゅうどう	サ変接続	115	True
4537	放電	ほうでん	サ変接続	101	True
4538	併記	へいき	サ変接続	101	False
4538	公定	こうてい	サ変接続	115	True
4538	回転	かいてん	サ変接続	78	True
4538	小路	こうじ	一般	123	False
4538	強要	きょうよう	サ変接続	101	True
4538	指呼	しこ	サ変接続	101	True
4538	移行	いこう	サ変接続	101	False
4538	選任	せんにん	サ変接続	101	True
4539	代書	だいしょ	サ変接続	109	True
4539	専任	せんにん	サ変接続	101	False
4539	辛抱	しんぼう	サ変接続	101	False
4540	多彩	たさい	形容動詞語幹	121	False
4540	現送	げんそう	サ変接続	101	True
4541	企画	きかく	サ変接続	101	True
4541	多謝	たしゃ	サ変接続	101	False
4541	水洗	すいせん	サ変接続	101	True
4542	抄録	しょうろく	サ変接続	101	False
4542	詳録	しょうろく	サ変接続	101	False
4543	軟化	なんか	サ変接続	101	False
4544	分析	ぶんせき	サ変接続	101	False
4544	成長	せいちょう	サ変接続	97	True
4544	植皮	しょくひ	サ変接続	101	False
4544	短歌	たんか	一般	86	True
4544	通交	つうこう	サ変接続	101	True
4544	通航	つうこう	サ変接続	101	True
4544	高給	こうきゅう	一般	115	True
4545	出水	しゅっすい	サ変接続	110	False
4545	口腔	こうこう	一般	108	False
4546	参進	さんしん	サ変接続	101	True
4546	完納	かんのう	サ変接続	101	False
4546	感応	かんのう	サ変接続	101	False
4547	疲労	ひろう	サ変接続	101	False
4548	丁重	ていちょう	形容動詞語幹	113	False
4548	倦怠	けんたい	サ変接続	101	False
4548	変革	へんかく	サ変接続	101	False
4548	宣言	せんげん	サ変接続	101	False
4548	描画	びょうが	サ変接続	101	False
4548	甘受	かんじゅ	サ変接続	101	True
4548	病臥	びょうが	サ変接続	101	True
4548	罰金	ばっきん	一般	112	True
4548	羽化	うか	サ変接続	101	False
4549	内服	ないふく	サ変接続	99	True
4549	護持	ごじ	サ変接続	101	True
4550	藉口	しゃこう	サ変接続	101	False
4550	遮光	しゃこう	サ変接続	101	False
4552	先入	せんにゅう	一般	115	True
4552	入唐	にっとう	サ変接続	101	False
4552	更新	こうしん	サ変接続	101	True
4553	上方	かみがた	一般	102	False
4553	新入	しんにゅう	一般	85	True
4553	考量	こうりょう	サ変接続	101	True
4553	醸成	じょうせい	サ変接続	101	False
4554	応接	おうせつ	サ変接続	101	True
4554	極端	きょくたん	形容動詞語幹	112	True
4554	照会	しょうかい	サ変接続	101	False
4555	哨戒	しょうかい	サ変接続	101	False
4555	紹介	しょうかい	サ変接続	101	False
4555	結晶	けっしょう	サ変接続	101	False
4555	詳解	しょうかい	サ変接続	101	False
4555	雑用	ざつよう	一般	85	True
4556	格闘	かくとう	サ変接続	89	False
4557	並置	へいち	サ変接続	101	False
4557	併置	へいち	サ変接続	101	False
4557	問答	もんどう	サ変接続	101	False
4558	水面	すいめん	一般	101	True
4558	高価	こうか	形容動詞語幹	109	True
4559	商量	しょうりょう	サ変接続	101	True
4559	渉猟	しょうりょう	サ変接続	101	False
4560	仕度	したく	サ変接続	91	False
4560	動揺	どうよう	サ変接続	101	False
4560	私語	しご	サ変接続	101	True
4560	胎動	たいどう	サ変接続	101	False
4560	非常	ひじょう	形容動詞語幹	88	False
4561	意図	いと	サ変接続	101	True
4561	来夏	らいか	副詞可能	91	True
4561	沃化	ようか	サ変接続	101	False
4562	一様	いちよう	形容動詞語幹	99	True
4562	分村	ぶんそん	サ変接続	103	True
4562	割引	わりびき	サ変接続	118	False
4562	南中	なんちゅう	サ変接続	224	True
4562	巡幸	じゅんこう	サ変接続	101	True
4562	巡航	じゅんこう	サ変接続	101	True
4562	控訴	こうそ	サ変接続	99	False
4562	放談	ほうだん	サ変接続	101	True
4562	精密	せいみつ	形容動詞語幹	113	True
4562	舞妓	まいこ	一般	102	False
4562	証書	しょうしょ	一般	110	True
4562	順行	じゅんこう	サ変接続	101	True
4563	公訴	こうそ	サ変接続	101	True
4563	急騰	きゅうとう	サ変接続	101	False
4563	漸近	ぜんきん	サ変接続	101	False
4563	聴診	ちょうしん	サ変接続	101	False
4563	調進	ちょうしん	サ変接続	101	True
4564	措置	そち	サ変接続	101	False
4564	訪欧	ほうおう	サ変接続	101	False
4564	足跡	あしあと	一般	95	False
4565	受精	じゅせい	サ変接続	101	True
4565	掃過	そうか	サ変接続	None	False
4565	正午	しょうご	副詞可能	77	True
4565	装荷	そうか	サ変接続	115	False
4566	対戦	たいせん	サ変接続	121	True
4566	帯同	たいどう	サ変接続	101	True
4566	排他	はいた	サ変接続	115	True
4566	時季	じき	副詞可能	91	True
4566	標定	ひょうてい	サ変接続	101	False
4566	生殖	せいしょく	サ変接続	101	False
4567	不等	ふとう	形容動詞語幹	115	True
4567	営巣	えいそう	サ変接続	101	False
4567	尽力	じんりょく	サ変接続	101	False
4567	生起	せいき	サ変接続	101	True
4568	牢死	ろうし	サ変接続	101	True
4568	老死	ろうし	サ変接続	101	True
4568	返辞	へんじ	サ変接続	101	True
4568	退転	たいてん	サ変接続	101	True
4569	坐臥	ざが	サ変接続	115	False
4569	空路	くうろ	副詞可能	116	True
4570	微妙	びみょう	形容動詞語幹	119	True
4570	承継	しょうけい	サ変接続	101	False
4571	小憩	しょうけい	サ変接続	101	False
4571	小計	しょうけい	サ変接続	101	True
4571	少憩	しょうけい	サ変接続	101	False
4571	年金	ねんきん	一般	74	True
4571	幼稚	ようち	形容動詞語幹	121	False
4571	甘味	あまみ	一般	116	False
4571	補綴	ほてい	サ変接続	101	False
4572	上品	じょうひん	形容動詞語幹	108	True
4572	人的	じんてき	形容動詞語幹	132	True
4572	孤児	こじ	一般	91	True
4572	定立	ていりつ	サ変接続	101	True
4572	投下	とうか	サ変接続	101	True
4572	誤用	ごよう	サ変接続	101	True
4572	鼎立	ていりつ	サ変接続	101	False
4573	制禦	せいぎょ	サ変接続	98	False
4573	制馭	せいぎょ	サ変接続	98	False
4573	移項	いこう	サ変接続	101	False
4574	謄写	とうしゃ	サ変接続	101	False
4575	内分	ないぶん	サ変接続	101	True
4575	安臥	あんが	サ変接続	101	True
4575	見方	みかた	一般	110	False
4575	返事	へんじ	サ変接続	101	True
4575	金策	きんさく	サ変接続	101	True
4577	入牢	にゅうろう	サ変接続	101	True
4577	縫製	ほうせい	サ変接続	101	False
4578	巡行	じゅんこう	サ変接続	101	True
4578	測候	そっこう	一般	115	False
4579	増税	ぞうぜい	サ変接続	131	True
4579	直営	ちょくえい	サ変接続	101	True
4579	睡眠	すいみん	サ変接続	101	False
4580	未熟	みじゅく	形容動詞語幹	121	True
4581	代講	だいこう	サ変接続	101	True
4581	代香	だいこう	サ変接続	101	True
4581	先週	せんしゅう	副詞可能	80	True
4581	厳守	げんしゅ	サ変接続	101	True
4581	姿勢	しせい	一般	104	False
4581	常備	じょうび	サ変接続	101	False
4581	生食	せいしょく	サ変接続	101	True
4581	退屈	たいくつ	サ変接続	96	False
4582	使嗾	しそう	サ変接続	101	False
4582	使送	しそう	サ変接続	101	True
4582	喚起	かんき	サ変接続	101	False
4582	指嗾	しそう	サ変接続	101	False
4582	換気	かんき	サ変接続	101	True
4582	旅行	りょこう	サ変接続	86	True
4582	試走	しそう	サ変接続	101	True
4583	代議	だいぎ	サ変接続	67	True
4583	各巻	かくかん	一般	115	True
4583	役者	やくしゃ	一般	89	True
4583	登用	とうよう	サ変接続	101	True
4583	透過	とうか	サ変接続	101	True
4584	出資	しゅっし	サ変接続	101	False
4584	収納	しゅうのう	サ変接続	101	False
4584	生長	せいちょう	サ変接続	101	True
4585	掲示	けいじ	サ変接続	102	False
4585	重宝	ちょうほう	サ変接続	90	False
4585	静養	せいよう	サ変接続	101	False
4586	一敗	いっぱい	サ変接続	None	False
4586	奇異	きい	形容動詞語幹	113	True
4586	条播	じょうは	サ変接続	101	False
4586	老人	ろうじん	一般	107	True
4587	加速	かそく	サ変接続	95	True
4587	恐懼	きょうく	サ変接続	101	False
4588	先鋭	せんえい	形容動詞語幹	112	True
4588	嫉視	しっし	サ変接続	101	False
4588	役員	やくいん	一般	88	True
4588	選句	せんく	サ変接続	130	True
4589	任期	にんき	一般	114	True
4589	水浴	すいよく	サ変接続	113	True
4589	直言	ちょくげん	サ変接続	101	True
4590	清新	せいしん	形容動詞語幹	126	True
4590	王立	おうりつ	一般	109	True
4590	等化	とうか	サ変接続	101	True
4591	税制	ぜいせい	一般	103	True
4592	敏感	びんかん	形容動詞語幹	113	False
4592	試験	しけん	サ変接続	101	True
4592	配達	はいたつ	サ変接続	101	True
4593	一息	ひといき	一般	112	False
4593	循環	じゅんかん	サ変接続	101	False
4593	群舞	ぐんぶ	サ変接続	101	False
4594	整美	せいび	形容動詞語幹	113	False
4594	精微	せいび	形容動詞語幹	113	True
4594	精美	せいび	形容動詞語幹	113	True
4594	細心	さいしん	形容動詞語幹	121	False
4594	雨期	うき	一般	110	True
4595	後宮	こうきゅう	一般	115	True
4595	終結	しゅうけつ	サ変接続	101	True
4596	正誤	せいご	サ変接続	115	True
4597	公休	こうきゅう	一般	115	True
4597	好球	こうきゅう	一般	115	True
4597	好逑	こうきゅう	一般	115	False
4597	実行	じっこう	サ変接続	100	True
4597	曠久	こうきゅう	一般	115	False
4597	本国	ほんごく	一般	104	False
4597	県境	けんきょう	一般	113	True
4597	硬球	こうきゅう	一般	115	True
4597	稚拙	ちせつ	形容動詞語幹	113	False
4598	一節	いっせつ	一般	49	True
4598	工学	こうがく	一般	66	True
4598	振起	しんき	サ変接続	101	True
4599	刺戟	しげき	サ変接続	100	False
4599	鍍金	ときん	サ変接続	101	False
4599	高層	こうそう	一般	97	True
4600	入射	にゅうしゃ	サ変接続	101	True
4600	区検	くけん	一般	171	True
4600	象徴	しょうちょう	サ変接続	101	False
4600	防止	ぼうし	サ変接続	101	True
4601	再来	さいらい	サ変接続	96	True
4601	教習	きょうしゅう	サ変接続	101	True
4601	痙攣	けいれん	サ変接続	101	False
4601	登庸	とうよう	サ変接続	101	False
4601	盗用	とうよう	サ変接続	101	True
4602	合議	ごうぎ	サ変接続	102	True
4602	安息	あんそく	サ変接続	101	False
4602	頭部	とうぶ	一般	134	True
4603	私議	しぎ	サ変接続	101	True
4604	冷水	れいすい	一般	101	True
4604	専管	せんかん	サ変接続	101	False
4604	熱帯	ねったい	一般	104	True
4605	推理	すいり	サ変接続	101	True
4606	成功	せいこう	サ変接続	100	True
4607	復調	ふくちょう	サ変接続	101	True
4607	踏破	とうは	サ変接続	101	False
4608	内科	ないか	一般	89	True
4608	留守	るす	サ変接続	89	False
4608	簡裁	かんさい	一般	115	True
4609	代任	だいにん	サ変接続	101	True
4609	清聴	せいちょう	サ変接続	101	False
4609	激動	げきどう	サ変接続	101	True
4609	進駐	しんちゅう	サ変接続	101	True
4609	静聴	せいちょう	サ変接続	101	False
4610	屠腹	とふく	サ変接続	101	False
4611	連用	れんよう	サ変接続	101	True
4612	京成	けいせい	一般	None	False
4612	記事	きじ	一般	114	True
4613	大呼	たいこ	サ変接続	101	True
4614	交叉	こうさ	サ変接続	101	False
4614	営造	えいぞう	サ変接続	101	True
4614	振作	しんさく	サ変接続	101	True
4614	考査	こうさ	サ変接続	101	True
4614	衛生	えいせい	一般	113	False
4615	例示	れいじ	サ変接続	101	True
4615	希薄	きはく	形容動詞語幹	121	False
4615	賦活	ふかつ	サ変接続	101	True
4616	捧持	ほうじ	サ変接続	101	False
4616	暴死	ぼうし	サ変接続	101	False
4616	榜示	ほうじ	サ変接続	93	False
4617	塩化	えんか	サ変接続	101	True
4617	打数	だすう	一般	142	True
4617	薬理	やくり	一般	111	True
4618	制覇	せいは	サ変接続	101	True
4618	励磁	れいじ	サ変接続	101	False
4619	国対	こくたい	一般	113	True
4620	常勤	じょうきん	サ変接続	94	False
4620	航空	こうくう	一般	102	True
4621	成人	せいじん	サ変接続	73	True
4621	生魚	なまざかな	一般	115	False
4622	狐疑	こぎ	サ変接続	101	False
4622	相伝	そうでん	サ変接続	101	True
4623	亢進	こうしん	サ変接続	101	False
4623	交信	こうしん	サ変接続	101	True
4623	多選	たせん	一般	120	True
4623	後進	こうしん	サ変接続	101	True
4623	昂進	こうしん	サ変接続	101	False
4623	無口	むくち	形容動詞語幹	100	False
4623	無用	むよう	形容動詞語幹	112	True
4623	誤記	ごき	サ変接続	101	True
4623	高進	こうしん	サ変接続	101	True
4624	会頭	かいとう	一般	113	True
4624	対生	たいせい	サ変接続	101	True
4624	窮屈	きゅうくつ	形容動詞語幹	121	False
4624	精確	せいかく	形容動詞語幹	113	True
4625	安心	あんしん	サ変接続	95	True
4627	疎剛	そごう	形容動詞語幹	None	False
4627	飲料	いんりょう	一般	90	True
4628	菖蒲	しょうぶ	一般	98	False
4628	通牒	つうちょう	サ変接続	101	False
4629	拡大	かくだい	サ変接続	101	False
4629	送電	そうでん	サ変接続	101	True
4630	消長	しょうちょう	サ変接続	101	True
4630	聯合	れんごう	サ変接続	97	True
4630	驚倒	きょうとう	サ変接続	101	False
4631	並木	なみき	一般	95	False
4632	一顧	いっこ	サ変接続	105	False
4632	付置	ふち	サ変接続	101	True
4632	布置	ふち	サ変接続	101	False
4632	扶持	ふち	サ変接続	94	False
4632	附置	ふち	サ変接続	101	True
4633	測定	そくてい	サ変接続	101	True
4634	上気	じょうき	サ変接続	115	True
4634	学生	がくせい	一般	92	True
4634	親任	しんにん	サ変接続	101	True
4635	声高	こわだか	形容動詞語幹	140	False
4635	辞任	じにん	サ変接続	101	True
4636	不貞	ふてい	形容動詞語幹	103	False
4636	不逞	ふてい	形容動詞語幹	113	False
4636	称賛	しょうさん	サ変接続	101	True
4636	軽率	けいそつ	形容動詞語幹	113	True
4637	呼集	こしゅう	サ変接続	101	True
4637	進呈	しんてい	サ変接続	101	True
4638	前後	ぜんご	サ変接続	45	True
4638	回想	かいそう	サ変接続	101	True
4639	消散	しょうさん	サ変接続	101	True
4639	称讚	しょうさん	サ変接続	101	False
4639	賞讚	しょうさん	サ変接続	101	False
4639	賞賛	しょうさん	サ変接続	101	True
4639	陶冶	とうや	サ変接続	101	False
4640	税率	ぜいりつ	一般	142	True
4641	会葬	かいそう	サ変接続	101	True
4641	回漕	かいそう	サ変接続	101	False
4641	回送	かいそう	サ変接続	101	True
4641	廻漕	かいそう	サ変接続	101	False
4641	廻送	かいそう	サ変接続	101	True
4641	応化	おうか	サ変接続	102	True
4641	快走	かいそう	サ変接続	101	False
4641	押下	おうか	サ変接続	101	True
4641	改葬	かいそう	サ変接続	101	True
4641	改装	かいそう	サ変接続	101	False
4641	潰走	かいそう	サ変接続	101	False
4641	直截	ちょくせつ	形容動詞語幹	116	False
4641	謳歌	おうか	サ変接続	101	False
4642	幸福	こうふく	形容動詞語幹	113	False
4642	正字	せいじ	一般	115	True
4642	盛事	せいじ	一般	115	False
4642	盛時	せいじ	一般	130	False
4642	青磁	せいじ	一般	115	True
4643	偽証	ぎしょう	サ変接続	101	False
4644	当局	とうきょく	一般	96	True
4644	深甚	しんじん	形容動詞語幹	113	False
4645	出金	しゅっきん	サ変接続	113	False
4645	的確	てきかく	形容動詞語幹	110	True
4645	逍遥	しょうよう	サ変接続	112	False
4646	喃語	なんご	サ変接続	101	False
4647	清潔	せいけつ	形容動詞語幹	113	False
4647	精査	せいさ	サ変接続	101	True
4648	基地	きち	一般	114	True
4648	政事	せいじ	一般	115	True
4649	申請	しんせい	サ変接続	101	False
4649	追記	ついき	サ変接続	101	True
4649	遷延	せんえん	サ変接続	101	False
4651	地点	ちてん	一般	97	True
4651	牽制	けんせい	サ変接続	101	False
4651	質素	しっそ	形容動詞語幹	114	False
4653	労連	ろうれん	一般	116	True
4653	笑止	しょうし	形容動詞語幹	113	False
4653	裏腹	うらはら	形容動詞語幹	140	False
4654	英知	えいち	一般	115	True
4654	通電	つうでん	サ変接続	101	True
4655	八角	はっかく	一般	87	True
4655	謹慎	きんしん	サ変接続	101	False
4656	三高	さんこう	一般	156	True
4656	下腹	したはら	一般	82	False
4656	余人	よにん	一般	169	True
4656	冷淡	れいたん	形容動詞語幹	113	False
4656	初歩	しょほ	一般	113	True
4656	叡智	えいち	一般	115	False
4656	叡知	えいち	一般	115	False
4656	破約	はやく	サ変接続	101	True
4657	滞空	たいくう	サ変接続	101	False
4657	町内	ちょうない	一般	87	True
4658	一旒	いちりゅう	一般	None	False
4658	十両	じゅうりょう	一般	142	True
4658	温雅	おんが	形容動詞語幹	114	False
4659	延長	えんちょう	サ変接続	85	False
4659	統治	とうち	サ変接続	72	True
4660	上等	じょうとう	形容動詞語幹	124	True
4660	倒置	とうち	サ変接続	101	True
4660	黄色	きいろ	形容動詞語幹	86	False
4661	披講	ひこう	サ変接続	101	False
4661	端的	たんてき	形容動詞語幹	109	True
4661	肥厚	ひこう	サ変接続	101	False
4661	静寂	せいじゃく	形容動詞語幹	113	False
4662	会同	かいどう	サ変接続	101	True
4666	色刷	いろずり	サ変接続	116	False
4667	円型	えんけい	一般	114	True
4668	新香	しんこう	一般	115	True
4669	一堂	いちどう	一般	92	False
4669	運漕	うんそう	サ変接続	101	False
4670	全訳	ぜんやく	サ変接続	101	False
4670	国籍	こくせき	一般	146	True
4670	想像	そうぞう	サ変接続	119	True
4671	新旧	しんきゅう	一般	75	True
4671	県警	けんけい	一般	114	True
4673	化現	けげん	サ変接続	108	True
4673	用船	ようせん	サ変接続	109	True
4673	頑固	がんこ	形容動詞語幹	121	False
4675	三種	さんしゅ	一般	None	True
4675	新薬	しんやく	一般	114	True
4675	飢饉	ききん	一般	115	False
4675	饑饉	ききん	一般	115	False
4676	出入	しゅつにゅう	サ変接続	60	True
4676	区画	くかく	サ変接続	91	True
4676	熟年	じゅくねん	一般	115	True
4676	規制	きせい	サ変接続	99	True
4677	厚生	こうせい	一般	98	False
4677	無尽	むじん	形容動詞語幹	115	False
4678	不定	ふてい	形容動詞語幹	110	True
4678	共用	きょうよう	サ変接続	119	True
4678	帰省	きせい	サ変接続	101	False
4679	主義	しゅぎ	一般	98	True
4679	規正	きせい	サ変接続	99	True
4681	退庁	たいちょう	サ変接続	101	True
4683	完全	かんぜん	形容動詞語幹	110	False
4683	快適	かいてき	形容動詞語幹	112	False
4683	早朝	そうちょう	副詞可能	91	True
4683	盛行	せいこう	サ変接続	101	False
4684	空文	くうぶん	一般	86	True
4685	強固	きょうこ	形容動詞語幹	121	False
4686	宏壮	こうそう	形容動詞語幹	113	False
4686	尋問	じんもん	サ変接続	101	False
4686	広壮	こうそう	形容動詞語幹	113	False
4686	検問	けんもん	サ変接続	101	True
4686	浮上	ふじょう	サ変接続	101	False
4686	辞宜	じぎ	サ変接続	101	True
4686	鞏固	きょうこ	形容動詞語幹	121	False
4686	高燥	こうそう	形容動詞語幹	128	False
4687	上京	じょうきょう	サ変接続	115	False
4688	争闘	そうとう	サ変接続	101	False
4688	側面	そくめん	一般	109	True
4688	天井	てんじょう	一般	77	False
4688	想到	そうとう	サ変接続	101	False
4688	成算	せいさん	一般	115	True
4688	掃蕩	そうとう	サ変接続	101	False
4688	掃討	そうとう	サ変接続	101	False
4688	正餐	せいさん	一般	115	False
4688	聖餐	せいさん	一般	115	False
4688	訊問	じんもん	サ変接続	101	False
4688	青酸	せいさん	一般	115	True
4689	公共	こうきょう	一般	88	True
4689	無料	むりょう	一般	114	True
4689	狡獪	こうかい	形容動詞語幹	113	False
4690	宮司	ぐうじ	一般	114	False
4690	昇圧	しょうあつ	サ変接続	116	False
4690	祈誓	きせい	サ変接続	101	False
4690	規整	きせい	サ変接続	101	False
4690	重厚	じゅうこう	形容動詞語幹	110	False
4690	降参	こうさん	サ変接続	101	True
4691	倒壊	とうかい	サ変接続	101	False
4691	倒潰	とうかい	サ変接続	101	False
4691	韜晦	とうかい	サ変接続	101	False
4692	一角	ひとかど	副詞可能	0	False
4692	前夫	ぜんふ	一般	104	False
4692	同船	どうせん	サ変接続	98	True
4693	冷蔵	れいぞう	サ変接続	101	True
4693	知人	ちじん	一般	111	True
4693	純化	じゅんか	サ変接続	102	False
4694	一躍	いちやく	サ変接続	85	True
4694	寄進	きしん	サ変接続	101	True
4695	未定	みてい	形容動詞語幹	113	True
4695	青年	せいねん	一般	99	True
4697	専修	せんしゅう	サ変接続	101	False
4697	性交	せいこう	サ変接続	101	True
4697	沈着	ちんちゃく	サ変接続	113	False
4697	潮解	ちょうかい	サ変接続	101	False
4697	豪華	ごうか	形容動詞語幹	112	False
4698	一派	いっぱ	一般	75	False
4698	北斗	ほくと	一般	97	True
4699	商事	しょうじ	一般	115	True
4700	方式	ほうしき	一般	68	True
4701	寛厚	かんこう	形容動詞語幹	113	False
4701	雑誌	ざっし	一般	109	False
4702	交織	こうしょく	サ変接続	115	False
4702	各局	かくきょく	一般	107	True
4702	失礼	しつれい	サ変接続	96	True
4702	翌朝	よくあさ	副詞可能	71	False
4702	軽快	けいかい	形容動詞語幹	96	False
4702	降職	こうしょく	サ変接続	101	True
4703	口約	こうやく	サ変接続	114	True
4703	大根	だいこん	一般	77	True
4703	画像	がぞう	一般	0	True
4704	徒死	とし	サ変接続	101	True
4704	署員	しょいん	一般	171	True
4704	農家	のうか	一般	101	True
4704	通勤	つうきん	サ変接続	101	False
4704	麻痺	まひ	サ変接続	101	False
4705	不滅	ふめつ	形容動詞語幹	113	True
4705	気楽	きらく	形容動詞語幹	121	True
4705	理論	りろん	一般	96	True
4706	一員	いちいん	一般	80	True
4706	伸縮	しんしゅく	サ変接続	101	False
4706	看破	かんぱ	サ変接続	101	True
4706	至要	しよう	形容動詞語幹	113	False
4707	創始	そうし	サ変接続	101	False
4707	浮動	ふどう	サ変接続	101	False
4707	繰糸	そうし	サ変接続	101	False
4707	老練	ろうれん	形容動詞語幹	121	False
4708	前提	ぜんてい	一般	111	False
4708	化成	かせい	サ変接続	101	True
4708	名産	めいさん	一般	97	True
4708	器官	きかん	一般	111	True
4708	相応	そうおう	サ変接続	96	True
4709	南西	なんせい	一般	80	True
4709	絵本	えほん	一般	97	True
4710	加療	かりょう	サ変接続	101	False
4710	季刊	きかん	一般	115	True
4710	気風	きふう	一般	0	True
4710	精神	せいしん	一般	96	True
4710	罵詈	ばり	サ変接続	101	False
4711	別館	べっかん	一般	95	True
4711	起草	きそう	サ変接続	101	True
4712	基幹	きかん	一般	115	True
4712	整地	せいち	サ変接続	101	False
4712	既刊	きかん	一般	115	False
4712	荘重	そうちょう	形容動詞語幹	113	True
4712	虚弱	きょじゃく	形容動詞語幹	113	True
4713	単一	たんいつ	形容動詞語幹	104	False
4713	板金	ばんきん	一般	102	True
4713	業腹	ごうはら	形容動詞語幹	101	False
4714	古今	ここん	一般	113	True
4714	融資	ゆうし	サ変接続	105	False
4715	奇観	きかん	一般	115	True
4715	帰環	きかん	一般	None	True
4715	旗艦	きかん	一般	115	True
4715	気管	きかん	一般	118	True
4715	汽缶	きかん	一般	115	False
4715	禁酒	きんしゅ	サ変接続	101	True
4715	精強	せいきょう	形容動詞語幹	113	True
4715	貴簡	きかん	一般	115	True
4715	貴翰	きかん	一般	115	False
4715	軌間	きかん	一般	115	False
4715	飢寒	きかん	一般	115	False
4715	饑寒	きかん	一般	115	False
4715	龜鑑	きかん	一般	None	False
4716	作付	さくづけ	一般	111	False
4716	口頭	こうとう	一般	104	True
4716	性的	せいてき	形容動詞語幹	123	True
4716	装用	そうよう	サ変接続	102	False
4717	司会	しかい	サ変接続	103	False
4717	竣功	しゅんこう	サ変接続	101	False
4717	竣工	しゅんこう	サ変接続	101	False
4717	酸化	さんか	サ変接続	79	True
4718	作物	さくもつ	一般	120	True
4718	古書	こしょ	一般	99	True
4718	敬虔	けいけん	形容動詞語幹	121	False
4719	年産	ねんさん	一般	141	True
4720	公開	こうかい	サ変接続	92	True
4720	標高	ひょうこう	一般	113	False
4720	百薬	ひゃくやく	一般	102	True
4720	綿密	めんみつ	形容動詞語幹	113	True
4721	奇麗	きれい	形容動詞語幹	116	False
4721	密会	みっかい	サ変接続	102	False
4721	滑降	かっこう	サ変接続	101	False
4721	綺麗	きれい	形容動詞語幹	116	False
4722	手書	しゅしょ	サ変接続	103	True
4722	簡勁	かんけい	形容動詞語幹	113	False
4723	架設	かせつ	サ変接続	101	True
4723	無情	むじょう	形容動詞語幹	113	True
4723	表裏	ひょうり	サ変接続	99	True
4724	宿主	しゅくしゅ	一般	99	False
4724	真当	まっとう	形容動詞語幹	121	False
4726	少時	しょうじ	副詞可能	119	True
4726	永久	えいきゅう	形容動詞語幹	82	False
4727	同化	どうか	サ変接続	98	True
4727	枉駕	おうが	サ変接続	101	False
4727	模様	もよう	一般	108	True
4727	横臥	おうが	サ変接続	101	True
4727	電源	でんげん	一般	105	True
4727	黙止	もくし	サ変接続	101	False
4727	黙視	もくし	サ変接続	101	False
4728	月数	げっすう	一般	105	False
4728	深長	しんちょう	形容動詞語幹	121	True
4728	留置	とめおき	一般	111	False
4729	人物	じんぶつ	一般	84	True
4730	予想	よそう	サ変接続	104	True
4730	北部	ほくぶ	一般	102	True
4731	内幕	うちまく	一般	83	False
4731	再選	さいせん	サ変接続	105	True
4731	同月	どうげつ	副詞可能	79	True
4731	進級	しんきゅう	サ変接続	101	True
4732	一丸	いちがん	一般	101	True
4732	穂高	ほたか	一般	None	False
4733	有望	ゆうぼう	形容動詞語幹	109	False
4733	非情	ひじょう	形容動詞語幹	113	True
4734	幹事	かんじ	一般	103	True
4734	祝儀	しゅうぎ	一般	115	False
4734	近日	きんじつ	副詞可能	91	True
4735	市立	いちりつ	一般	137	False
4735	無人	むじん	一般	58	True
4736	優性	ゆうせい	形容動詞語幹	113	False
4736	公党	こうとう	一般	114	True
4736	巧緻	こうち	形容動詞語幹	113	False
4736	放縦	ほうしょう	形容動詞語幹	113	False
4736	朝刊	ちょうかん	一般	94	True
4737	紀行	きこう	一般	113	True
4738	了簡	りょうけん	サ変接続	101	False
4738	了見	りょうけん	サ変接続	101	False
4738	料簡	りょうけん	サ変接続	101	False
4738	来社	らいしゃ	サ変接続	118	True
4739	地道	じみち	形容動詞語幹	121	False
4739	夢中	むちゅう	形容動詞語幹	101	False
4739	巧妙	こうみょう	形容動詞語幹	121	False
4739	手紙	てがみ	一般	113	False
4739	菓子	かし	一般	93	False
4740	厳正	げんせい	形容動詞語幹	121	True
4740	過酷	かこく	形容動詞語幹	121	True
4742	一銭	いっせん	副詞可能	None	True
4742	倍増	ばいぞう	サ変接続	109	True
4742	薄弱	はくじゃく	形容動詞語幹	109	False
4742	難解	なんかい	形容動詞語幹	113	True
4742	高雅	こうが	形容動詞語幹	122	False
4743	放恣	ほうし	形容動詞語幹	113	False
4743	放肆	ほうし	形容動詞語幹	113	False
4743	自販	じはん	一般	115	True
4744	再考	さいこう	サ変接続	101	True
4744	宣教	せんきょう	サ変接続	101	False
4745	量的	りょうてき	形容動詞語幹	110	True
4745	閑静	かんせい	形容動詞語幹	113	False
4746	最短	さいたん	一般	112	True
4748	堅調	けんちょう	形容動詞語幹	121	True
4748	多幸	たこう	形容動詞語幹	115	True
4749	健聴	けんちょう	形容動詞語幹	113	False
4749	殉教	じゅんきょう	サ変接続	101	False
4749	穀食	こくしょく	サ変接続	101	False
4750	不遇	ふぐう	形容動詞語幹	113	True
4750	格段	かくだん	形容動詞語幹	114	True
4750	真上	まうえ	一般	116	False
4750	瞬時	しゅんじ	副詞可能	91	False
4750	結局	けっきょく	副詞可能	77	True
4751	寛大	かんだい	形容動詞語幹	123	False
4751	忠実	ちゅうじつ	形容動詞語幹	105	True
4751	磁化	じか	サ変接続	101	True
4751	連記	れんき	サ変接続	102	True
4752	元来	がんらい	副詞可能	111	True
4752	奇怪	きかい	形容動詞語幹	109	True
4752	日向	ひなた	一般	81	False
4752	曖昧	あいまい	形容動詞語幹	121	False
4752	未明	みめい	副詞可能	97	True
4752	真率	しんそつ	形容動詞語幹	121	True
4752	私行	しこう	一般	115	True
4752	至孝	しこう	一般	115	False
4752	試航	しこう	一般	115	True
4753	不利	ふり	形容動詞語幹	120	True
4753	光頭	こうとう	一般	115	True
4753	入国	にゅうこく	サ変接続	101	True
4753	勾当	こうとう	一般	115	False
4753	協業	きょうぎょう	サ変接続	101	True
4753	口答	こうとう	一般	103	True
4753	喉頭	こうとう	一般	120	False
4753	恒等	こうとう	一般	121	False
4753	画面	がめん	一般	101	True
4753	皇統	こうとう	一般	115	True
4753	紅灯	こうとう	一般	115	False
4753	荒唐	こうとう	一般	115	True
4753	顕著	けんちょ	形容動詞語幹	121	False
4753	高踏	こうとう	一般	115	False
4755	全面	ぜんめん	一般	102	False
4755	再興	さいこう	サ変接続	101	False
4755	対論	たいろん	サ変接続	111	True
4755	無為	むい	形容動詞語幹	115	True
4755	豪快	ごうかい	形容動詞語幹	121	False
4755	過重	かじゅう	形容動詞語幹	91	True
4755	高位	こうい	形容動詞語幹	130	True
4756	坑口	こうこう	一般	115	False
4756	港口	こうこう	一般	115	True
4756	無法	むほう	形容動詞語幹	105	True
4756	煌煌	こうこう	一般	126	False
4756	皇考	こうこう	一般	115	True
4756	皓皓	こうこう	一般	129	False
4756	硬膏	こうこう	一般	115	False
4756	膏肓	こうこう	一般	115	False
4756	開業	かいぎょう	サ変接続	98	True
4757	公館	こうかん	一般	102	True
4757	向寒	こうかん	一般	115	True
4757	好漢	こうかん	一般	115	False
4757	巷間	こうかん	一般	115	False
4757	後患	こうかん	一般	115	False
4757	槓杆	こうかん	一般	115	False
4757	皇漢	こうかん	一般	115	False
4757	鋼管	こうかん	一般	167	True
4758	不能	ふのう	形容動詞語幹	113	True
4758	保有	ほゆう	サ変接続	101	True
4758	同棲	どうせい	サ変接続	101	False
4760	一基	いっき	一般	None	True
4760	内相	ないしょう	一般	107	True
4762	中流	ちゅうりゅう	一般	105	True
4763	上乗	じょうじょう	形容動詞語幹	113	True
4764	有益	ゆうえき	形容動詞語幹	113	True
4764	過小	かしょう	形容動詞語幹	113	True
4766	下賜	かし	サ変接続	101	False
4766	改元	かいげん	サ変接続	101	True
4766	異質	いしつ	形容動詞語幹	113	True
4767	一致	いっち	サ変接続	104	True
4767	優雅	ゆうが	形容動詞語幹	113	False
4767	晴朗	せいろう	形容動詞語幹	113	True
4767	独特	どくとく	形容動詞語幹	121	True
4767	税調	ぜいちょう	一般	109	True
4767	苛酷	かこく	形容動詞語幹	121	False
4768	丈夫	じょうぶ	形容動詞語幹	111	False
4768	倭国	わのくに	一般	117	False
4769	五行	ごぎょう	一般	74	True
4769	荘厳	しょうごん	サ変接続	96	False
4770	伊達	だて	形容動詞語幹	156	False
4771	一元	いちげん	一般	101	True
4771	万才	ばんざい	一般	100	False
4771	残酷	ざんこく	形容動詞語幹	113	True
4771	派出	はしゅつ	サ変接続	97	True
4773	目標	もくひょう	一般	107	False
4774	代金	だいきん	一般	113	True
4774	宗教	しゅうきょう	一般	102	True
4774	弁当	べんとう	一般	111	True
4774	粗野	そや	形容動詞語幹	126	True
4774	臆病	おくびょう	形容動詞語幹	113	True
4775	三軍	さんぐん	一般	129	True
4775	発会	はっかい	サ変接続	100	True
4776	四民	しみん	一般	105	True
4776	怪奇	かいき	形容動詞語幹	113	True
4777	休場	きゅうじょう	サ変接続	101	True
4777	北国	きたぐに	一般	105	False
4777	無難	ぶなん	形容動詞語幹	121	True
4777	王室	おうしつ	一般	90	True
4778	同士	どうし	一般	118	True
4778	征服	せいふく	サ変接続	101	True
4778	整復	せいふく	サ変接続	101	False
4778	貧弱	ひんじゃく	形容動詞語幹	113	True
4778	遺棄	いき	サ変接続	101	True
4779	叔母	おば	一般	98	False
4779	古寺	ふるでら	一般	115	False
4779	委棄	いき	サ変接続	101	True
4779	巧者	こうしゃ	形容動詞語幹	101	False
4779	検察	けんさつ	サ変接続	99	True
4780	一閃	いっせん	サ変接続	105	False
4780	会話	かいわ	サ変接続	100	True
4781	一間	いっけん	一般	None	True
4781	服役	ふくえき	サ変接続	101	True
4783	停止	ていし	サ変接続	79	True
4784	友人	ゆうじん	一般	113	True
4784	手首	てくび	一般	77	False
4784	無粋	ぶすい	形容動詞語幹	113	True
4784	物的	ぶってき	形容動詞語幹	119	False
4784	高裁	こうさい	一般	135	True
4785	兼学	けんがく	サ変接続	130	True
4785	凄艷	せいえん	形容動詞語幹	113	False
4785	協和	きょうわ	サ変接続	80	True
4785	清婉	せいえん	形容動詞語幹	113	False
4785	清艷	せいえん	形容動詞語幹	113	False
4786	僭上	せんじょう	形容動詞語幹	113	False
4786	大巾	おおはば	形容動詞語幹	129	False
4786	支配	しはい	サ変接続	101	True
4786	本日	ほんじつ	副詞可能	90	True
4787	底止	ていし	サ変接続	101	True
4787	投資	とうし	サ変接続	101	True
4788	森林	しんりん	一般	72	False
4788	痛烈	つうれつ	形容動詞語幹	121	False
4788	適度	てきど	形容動詞語幹	121	True
4789	今月	こんげつ	副詞可能	66	True
4789	分明	ぶんめい	形容動詞語幹	121	True
4789	現住	げんじゅう	サ変接続	145	True
4789	順調	じゅんちょう	形容動詞語幹	120	True
4790	回国	かいこく	サ変接続	116	True
4790	部長	ぶちょう	一般	142	True
4790	高砂	たかさご	一般	128	False
4791	一反	いったん	一般	None	True
4791	元本	がんぽん	一般	108	False
4791	可聴	かちょう	形容動詞語幹	113	False
4791	朝食	ちょうしょく	サ変接続	101	True
4791	飢死	うえじに	サ変接続	113	False
4792	右手	みぎて	一般	93	False
4794	不順	ふじゅん	形容動詞語幹	113	True
4794	今朝	けさ	副詞可能	94	False
4794	小幅	こはば	形容動詞語幹	136	False
4794	極度	きょくど	形容動詞語幹	113	True
4794	通帳	かよいちょう	一般	95	False
4794	魅力	みりょく	一般	115	True
4795	広告	こうこく	サ変接続	101	True
4796	全般	ぜんぱん	一般	114	False
4796	親身	しんみ	形容動詞語幹	121	False
4797	器用	きよう	形容動詞語幹	123	True
4798	史料	しりょう	一般	78	True
4798	回船	かいせん	一般	115	True
4798	大胆	だいたん	形容動詞語幹	121	True
4798	廻船	かいせん	一般	115	True
4798	海鮮	かいせん	一般	115	False
4798	疥癬	かいせん	一般	115	False
4798	過大	かだい	形容動詞語幹	111	True
4800	距離	きょり	一般	107	False
4800	鈍感	どんかん	形容動詞語幹	113	True
4801	深刻	しんこく	形容動詞語幹	121	True
4802	午前	ごぜん	副詞可能	86	True
4802	同紙	どうし	一般	102	True
4804	佩刀	はかせ	一般	115	False
4804	友好	ゆうこう	一般	105	True
4804	歳出	さいしゅつ	一般	111	True
4804	錦織	にしきおり	一般	None	False
4806	可変	かへん	形容動詞語幹	115	True
4806	将来	しょうらい	副詞可能	90	True
4806	美妙	びみょう	形容動詞語幹	121	True
4806	衡平	こうへい	形容動詞語幹	113	True
4807	下等	かとう	形容動詞語幹	111	True
4807	容易	ようい	形容動詞語幹	103	True
4808	屋上	おくじょう	一般	101	True
4808	有用	ゆうよう	形容動詞語幹	112	True
4808	規則	きそく	一般	113	True
4808	遊歩	ゆうほ	サ変接続	101	True
4809	古来	こらい	一般	91	True
4809	常套	じょうとう	形容動詞語幹	115	False
4809	省内	しょうない	一般	139	True
4809	繊巧	せんこう	形容動詞語幹	113	False
4810	奔騰	ほんとう	サ変接続	101	False
4810	車種	しゃしゅ	一般	113	True
4812	水門	すいもん	一般	115	True
4813	垂水	たるみ	一般	123	False
4813	疎漏	そろう	形容動詞語幹	113	False
4813	軽佻	けいちょう	形容動詞語幹	113	False
4814	修行	しゅぎょう	サ変接続	101	False
4814	稀薄	きはく	形容動詞語幹	121	False
4815	精悍	せいかん	形容動詞語幹	121	False
4815	純美	じゅんび	形容動詞語幹	113	False
4815	醇美	じゅんび	形容動詞語幹	113	False
4816	小体	こてい	形容動詞語幹	0	False
4816	調法	ちょうほう	形容動詞語幹	113	True
4817	学者	がくしゃ	一般	132	True
4817	採鉱	さいこう	サ変接続	101	True
4817	新鮮	しんせん	形容動詞語幹	124	False
4817	砕鉱	さいこう	サ変接続	101	False
4817	絶妙	ぜつみょう	形容動詞語幹	121	False
4818	別別	べつべつ	形容動詞語幹	121	True
4818	強気	つよき	形容動詞語幹	103	False
4818	用品	ようひん	一般	93	True
4818	短気	たんき	形容動詞語幹	113	True
4818	高尚	こうしょう	形容動詞語幹	113	False
4819	侵犯	しんぱん	サ変接続	101	False
4819	便利	べんり	形容動詞語幹	112	True
4819	借入	かりいれ	サ変接続	93	False
4819	急激	きゅうげき	形容動詞語幹	121	True
4819	温良	おんりょう	形容動詞語幹	113	False
4819	特許	とっきょ	サ変接続	115	False
4819	論外	ろんがい	形容動詞語幹	116	True
4819	透視	とうし	サ変接続	101	True
4820	凍死	とうし	サ変接続	101	False
4820	卑小	ひしょう	形容動詞語幹	113	False
4820	四極	よんきょく	一般	None	False
4820	大物	おおもの	一般	91	False
4820	市会	しかい	一般	134	True
4820	敬老	けいろう	一般	115	True
4820	無残	むざん	形容動詞語幹	121	True
4820	認定	にんてい	サ変接続	100	True
4821	中旬	ちゅうじゅん	副詞可能	76	False
4821	殷盛	いんせい	形容動詞語幹	113	False
4821	澄明	ちょうめい	形容動詞語幹	113	False
4822	怪談	かいだん	一般	115	True
4822	活用	かつよう	サ変接続	110	True
4822	聡明	そうめい	形容動詞語幹	111	False
4823	党内	とうない	一般	104	True
4823	気分	きぶん	一般	99	True
4823	気軽	きがる	形容動詞語幹	125	False
4823	発酵	はっこう	サ変接続	101	False
4824	官邸	かんてい	一般	103	True
4825	好運	こううん	形容動詞語幹	113	True
4825	直筆	じきひつ	一般	98	True
4825	遺憾	いかん	形容動詞語幹	123	False
4826	肝腎	かんじん	形容動詞語幹	122	True
4826	静的	せいてき	形容動詞語幹	118	False
4826	非礼	ひれい	形容動詞語幹	113	True
4827	体操	たいそう	サ変接続	101	True
4827	巷談	こうだん	一般	115	False
4827	後段	こうだん	一般	115	True
4827	手軽	てがる	形容動詞語幹	136	False
4827	打線	だせん	一般	89	True
4827	有利	ゆうり	形容動詞語幹	122	True
4827	正気	しょうき	形容動詞語幹	110	True
4827	編著	へんちょ	一般	115	True
4827	講壇	こうだん	一般	115	True
4827	高段	こうだん	一般	115	True
4828	奇妙	きみょう	形容動詞語幹	121	True
4828	広汎	こうはん	形容動詞語幹	123	False
4828	広範	こうはん	形容動詞語幹	130	True
4828	臍帯	さいたい	一般	108	False
4829	五常	ごじょう	一般	106	False
4829	異様	いよう	形容動詞語幹	130	True
4829	癇症	かんしょう	形容動詞語幹	113	True
4829	簡捷	かんしょう	形容動詞語幹	113	False
4829	豊穣	ほうじょう	形容動詞語幹	113	False
4829	適切	てきせつ	形容動詞語幹	118	True
4830	参篭	さんろう	サ変接続	101	False
4830	性急	せいきゅう	形容動詞語幹	121	True
4830	暢達	ちょうたつ	形容動詞語幹	113	False
4830	深切	しんせつ	形容動詞語幹	112	True
4830	軽少	けいしょう	形容動詞語幹	113	True
4830	軽捷	けいしょう	形容動詞語幹	113	False
4831	如何	いかが	形容動詞語幹	123	False
4831	将軍	しょうぐん	一般	109	True
4831	真黒	まっくろ	形容動詞語幹	140	False
4831	該博	がいはく	形容動詞語幹	113	True
4832	不用	ふよう	形容動詞語幹	117	True
4832	単独	たんどく	一般	104	False
4832	素敵	すてき	形容動詞語幹	120	True
4833	様様	さまざま	形容動詞語幹	133	False
4833	無礼	ぶれい	形容動詞語幹	107	True
4833	素的	すてき	形容動詞語幹	121	True
4833	美味	びみ	形容動詞語幹	124	True
4834	招請	しょうせい	サ変接続	101	False
4834	有害	ゆうがい	形容動詞語幹	121	True
4834	残刻	ざんこく	形容動詞語幹	113	True
4834	無学	むがく	形容動詞語幹	113	True
4834	焼成	しょうせい	サ変接続	101	True
4834	独得	どくとく	形容動詞語幹	121	True
4835	千草	ちぐさ	一般	143	False
4835	告祭	こくさい	一般	115	True
4835	打者	だしゃ	一般	67	True
4835	薄情	はくじょう	形容動詞語幹	113	False
4835	高遠	こうえん	形容動詞語幹	125	False
4836	初心	しょしん	一般	85	True
4836	奇特	きとく	形容動詞語幹	113	True
4836	小心	しょうしん	形容動詞語幹	91	True
4836	晦渋	かいじゅう	形容動詞語幹	113	False
4836	皆無	かいむ	形容動詞語幹	113	True
4836	誇大	こだい	形容動詞語幹	121	False
4836	賞金	しょうきん	一般	105	True
4836	顕要	けんよう	形容動詞語幹	113	False
4837	不粋	ぶすい	形容動詞語幹	113	True
4837	低俗	ていぞく	形容動詞語幹	113	True
4837	厳格	げんかく	形容動詞語幹	121	True
4837	敷地	しきち	一般	113	True
4837	派手	はで	形容動詞語幹	118	False
4837	狭長	きょうちょう	形容動詞語幹	113	True
4838	不敬	ふけい	形容動詞語幹	113	True
4838	余威	よい	一般	115	True
4838	判事	はんじ	一般	74	True
4838	剛毅	ごうき	形容動詞語幹	113	False
4838	勇敢	ゆうかん	形容動詞語幹	121	False
4838	気丈	きじょう	形容動詞語幹	121	False
4838	無恥	むち	形容動詞語幹	113	True
4838	真直	まっすぐ	形容動詞語幹	143	False
4838	見事	みごと	形容動詞語幹	110	False
4838	豪気	ごうき	形容動詞語幹	113	True
4839	低級	ていきゅう	形容動詞語幹	113	True
4839	安価	あんか	形容動詞語幹	121	True
4839	有為	ゆうい	形容動詞語幹	113	True
4839	特殊	とくしゅ	形容動詞語幹	121	False
4839	病弱	びょうじゃく	形容動詞語幹	113	True
4839	精良	せいりょう	形容動詞語幹	113	True
4839	良好	りょうこう	形容動詞語幹	121	True
4839	華麗	かれい	形容動詞語幹	113	False
4839	雄偉	ゆうい	形容動詞語幹	113	False
4840	人並	ひとなみ	形容動詞語幹	134	False
4840	呑気	のんき	形容動詞語幹	121	False
4840	奇態	きたい	形容動詞語幹	113	True
4840	奇抜	きばつ	形容動詞語幹	113	False
4840	希代	きたい	形容動詞語幹	108	True
4840	幻滅	げんめつ	サ変接続	101	False
4840	懇到	こんとう	形容動詞語幹	121	False
4840	暢気	のんき	形容動詞語幹	121	False
4840	有意	ゆうい	形容動詞語幹	131	True
4840	甘美	かんび	形容動詞語幹	121	True
4840	白色	はくしょく	一般	103	True
4840	稀代	きたい	形容動詞語幹	109	False
4840	繊細	せんさい	形容動詞語幹	113	False
4840	親密	しんみつ	形容動詞語幹	65	True
4840	詩人	しじん	一般	95	True
4841	冷厳	れいげん	形容動詞語幹	113	True
4841	即日	そくじつ	副詞可能	91	True
4841	幽玄	ゆうげん	形容動詞語幹	113	False
4841	活溌	かっぱつ	形容動詞語幹	121	False
4841	淡泊	たんぱく	形容動詞語幹	122	False
4841	煩雑	はんざつ	形容動詞語幹	113	True
4841	聰明	そうめい	形容動詞語幹	112	False
4841	親切	しんせつ	形容動詞語幹	111	True
4842	健在	けんざい	形容動詞語幹	113	False
4842	古風	こふう	形容動詞語幹	112	True
4842	多感	たかん	形容動詞語幹	114	True
4842	大儀	たいぎ	形容動詞語幹	115	True
4842	安易	あんい	形容動詞語幹	121	True
4842	尊大	そんだい	形容動詞語幹	113	False
4842	崇高	すうこう	形容動詞語幹	113	False
4842	差益	さえき	一般	101	True
4842	心外	しんがい	形容動詞語幹	121	True
4842	悲痛	ひつう	形容動詞語幹	113	False
4842	極小	きょくしょう	形容動詞語幹	115	True
4842	正業	せいぎょう	形容動詞語幹	115	True
4842	清冽	せいれつ	形容動詞語幹	113	False
4842	無惨	むざん	形容動詞語幹	121	False
4842	無慙	むざん	形容動詞語幹	121	False
4842	無能	むのう	形容動詞語幹	113	True
4842	率直	そっちょく	形容動詞語幹	121	False
4842	立派	りっぱ	形容動詞語幹	121	False
4842	簡便	かんべん	形容動詞語幹	113	True
4842	純真	じゅんしん	形容動詞語幹	113	False
4842	絶大	ぜつだい	形容動詞語幹	121	False
4842	達者	たっしゃ	形容動詞語幹	103	False
4842	驕傲	きょうごう	形容動詞語幹	113	False
4843	一廓	いっかく	一般	105	False
4843	一郭	いっかく	一般	105	False
4843	三好	みよし	一般	None	False
4843	不穏	ふおん	形容動詞語幹	113	False
4843	偏狭	へんきょう	形容動詞語幹	113	True
4843	克明	こくめい	形容動詞語幹	122	False
4843	冷徹	れいてつ	形容動詞語幹	113	False
4843	半端	はんぱ	形容動詞語幹	98	False
4843	単簡	たんかん	形容動詞語幹	113	False
4843	厳酷	げんこく	形容動詞語幹	121	True
4843	固陋	ころう	形容動詞語幹	113	False
4843	多才	たさい	形容動詞語幹	113	True
4843	安穏	あんのん	形容動詞語幹	113	False
4843	平明	へいめい	形容動詞語幹	113	True
4843	平易	へいい	形容動詞語幹	113	True
4843	広博	こうはく	形容動詞語幹	113	True
4843	微細	びさい	形容動詞語幹	113	False
4843	明白	めいはく	形容動詞語幹	121	True
4843	狷介	けんかい	形容動詞語幹	113	False
4843	真白	まっしろ	形容動詞語幹	139	False
4843	端正	たんせい	形容動詞語幹	113	True
4843	篤実	とくじつ	形容動詞語幹	113	False
4843	警抜	けいばつ	形容動詞語幹	113	False
4843	身近	みぢか	形容動詞語幹	140	False
4843	野暮	やぼ	形容動詞語幹	113	False
4843	隠微	いんび	形容動詞語幹	113	False
4843	非凡	ひぼん	形容動詞語幹	121	False
4844	不徳	ふとく	形容動詞語幹	115	True
4844	丹念	たんねん	形容動詞語幹	121	False
4844	些細	ささい	形容動詞語幹	113	False
4844	低調	ていちょう	形容動詞語幹	110	True
4844	兇悪	きょうあく	形容動詞語幹	121	False
4844	兇暴	きょうぼう	形容動詞語幹	121	False
4844	内気	うちき	形容動詞語幹	101	False
4844	円滑	えんかつ	形容動詞語幹	121	True
4844	凶暴	きょうぼう	形容動詞語幹	121	False
4844	切実	せつじつ	形容動詞語幹	111	True
4844	剛胆	ごうたん	形容動詞語幹	113	True
4844	劣悪	れつあく	形容動詞語幹	121	True
4844	厳密	げんみつ	形容動詞語幹	121	True
4844	叮嚀	ていねい	形容動詞語幹	121	False
4844	多大	ただい	形容動詞語幹	121	True
4844	強暴	きょうぼう	形容動詞語幹	121	False
4844	控目	ひかえめ	形容動詞語幹	None	False
4844	明快	めいかい	形容動詞語幹	121	False
4844	杜撰	ずさん	形容動詞語幹	109	False
4844	梟悪	きょうあく	形容動詞語幹	121	False
4844	気弱	きよわ	形容動詞語幹	101	False
4844	気随	きずい	形容動詞語幹	121	True
4844	水平	すいへい	形容動詞語幹	113	True
4844	温暖	おんだん	形容動詞語幹	121	False
4844	濃密	のうみつ	形容動詞語幹	113	False
4844	火急	かきゅう	形容動詞語幹	113	True
4844	狂暴	きょうぼう	形容動詞語幹	121	False
4844	瑣細	ささい	形容動詞語幹	113	False
4844	痛切	つうせつ	形容動詞語幹	113	True
4844	真赤	まっか	形容動詞語幹	142	False
4844	短小	たんしょう	形容動詞語幹	113	True
4844	短目	みじかめ	形容動詞語幹	None	False
4844	稀有	けう	形容動詞語幹	113	False
4844	穏当	おんとう	形容動詞語幹	113	False
4844	素朴	そぼく	形容動詞語幹	113	False
4844	自在	じざい	形容動詞語幹	121	True
4844	謙虚	けんきょ	形容動詞語幹	121	False
4844	豪宕	ごうとう	形容動詞語幹	113	False
4844	貪慾	どんよく	形容動詞語幹	121	False
4844	貪欲	どんよく	形容動詞語幹	117	False
4844	鄭重	ていちょう	形容動詞語幹	113	False
4844	長閑	のどか	形容動詞語幹	140	False
4844	雄大	ゆうだい	形容動詞語幹	129	True
4845	丁度	ちょうど	形容動詞語幹	113	True
4845	下劣	げれつ	形容動詞語幹	121	True
4845	下品	げひん	形容動詞語幹	99	True
4845	下賎	げせん	形容動詞語幹	117	False
4845	不吉	ふきつ	形容動詞語幹	113	True
4845	不尊	ふそん	形容動詞語幹	None	False
4845	不屈	ふくつ	形容動詞語幹	121	False
4845	不愍	ふびん	形容動詞語幹	113	False
4845	不憫	ふびん	形容動詞語幹	113	False
4845	不敏	ふびん	形容動詞語幹	113	False
4845	不易	ふえき	形容動詞語幹	113	True
4845	不束	ふつつか	形容動詞語幹	140	False
4845	不様	ぶざま	形容動詞語幹	101	False
4845	不躾	ぶしつけ	形容動詞語幹	101	False
4845	不運	ふうん	形容動詞語幹	111	True
4845	不遜	ふそん	形容動詞語幹	113	False
4845	中空	ちゅうくう	形容動詞語幹	113	True
4845	丸裸	まるはだか	形容動詞語幹	122	False
4845	乱雑	らんざつ	形容動詞語幹	113	True
4845	些少	さしょう	形容動詞語幹	113	False
4845	仰山	ぎょうさん	形容動詞語幹	113	False
4845	低劣	ていれつ	形容動詞語幹	113	True
4845	低廉	ていれん	形容動詞語幹	113	False
4845	低湿	ていしつ	形容動詞語幹	113	False
4845	低能	ていのう	形容動詞語幹	113	True
4845	余分	よぶん	形容動詞語幹	112	True
4845	佞奸	ねいかん	形容動詞語幹	113	False
4845	佞姦	ねいかん	形容動詞語幹	113	False
4845	佳麗	かれい	形容動詞語幹	113	False
4845	佶屈	きっくつ	形容動詞語幹	121	False
4845	俗悪	ぞくあく	形容動詞語幹	113	True
4845	倨傲	きょごう	形容動詞語幹	113	False
4845	倹素	けんそ	形容動詞語幹	113	False
4845	偏屈	へんくつ	形容動詞語幹	113	False
4845	偏平	へんぺい	形容動詞語幹	113	False
4845	偏窟	へんくつ	形容動詞語幹	113	False
4845	偏頗	へんぱ	形容動詞語幹	113	False
4845	健啖	けんたん	形容動詞語幹	113	False
4845	健気	けなげ	形容動詞語幹	140	False
4845	傲岸	ごうがん	形容動詞語幹	121	False
4845	僭越	せんえつ	形容動詞語幹	113	False
4845	優婉	ゆうえん	形容動詞語幹	113	False
4845	優柔	ゆうじゅう	形容動詞語幹	113	False
4845	優渥	ゆうあく	形容動詞語幹	113	False
4845	優艷	ゆうえん	形容動詞語幹	113	False
4845	優麗	ゆうれい	形容動詞語幹	113	False
4845	兇猛	きょうもう	形容動詞語幹	113	False
4845	先安	さきやす	形容動詞語幹	117	False
4845	光栄	こうえい	形容動詞語幹	112	True
4845	入用	にゅうよう	形容動詞語幹	0	True
4845	入魂	じっこん	形容動詞語幹	113	False
4845	全的	ぜんてき	形容動詞語幹	121	False
4845	典麗	てんれい	形容動詞語幹	113	False
4845	内密	ないみつ	形容動詞語幹	113	True
4845	冗漫	じょうまん	形容動詞語幹	113	False
4845	冗舌	じょうぜつ	形容動詞語幹	113	False
4845	冗長	じょうちょう	形容動詞語幹	121	False
4845	冥加	みょうが	形容動詞語幹	113	False
4845	冷血	れいけつ	形容動詞語幹	115	False
4845	凄絶	せいぜつ	形容動詞語幹	113	False
4845	凡庸	ぼんよう	形容動詞語幹	113	False
4845	凶猛	きょうもう	形容動詞語幹	113	True
4845	分外	ぶんがい	形容動詞語幹	113	True
4845	切要	せつよう	形容動詞語幹	113	True
4845	別懇	べっこん	形容動詞語幹	113	True
4845	別様	べつよう	形容動詞語幹	113	True
4845	別箇	べっこ	形容動詞語幹	121	False
4845	利口	りこう	形容動詞語幹	119	True
4845	利根	りこん	形容動詞語幹	125	True
4845	利発	りはつ	形容動詞語幹	113	True
4845	剛健	ごうけん	形容動詞語幹	113	False
4845	剛勇	ごうゆう	形容動詞語幹	113	True
4845	剛愎	ごうふく	形容動詞語幹	113	False
4845	剛直	ごうちょく	形容動詞語幹	113	True
4845	剛腹	ごうふく	形容動詞語幹	113	False
4845	剣呑	けんのん	形容動詞語幹	113	False
4845	剴切	がいせつ	形容動詞語幹	113	False
4845	剽悍	ひょうかん	形容動詞語幹	121	False
4845	剽軽	ひょうきん	形容動詞語幹	121	False
4845	劇烈	げきれつ	形容動詞語幹	121	False
4845	劇甚	げきじん	形容動詞語幹	113	False
4845	劣弱	れつじゃく	形容動詞語幹	113	True
4845	劣性	れっせい	形容動詞語幹	113	False
4845	勇壮	ゆうそう	形容動詞語幹	121	False
4845	勇猛	ゆうもう	形容動詞語幹	113	True
4845	勝気	かちき	形容動詞語幹	101	False
4845	半間	はんま	形容動詞語幹	101	False
4845	卑俗	ひぞく	形容動詞語幹	113	False
4845	卑劣	ひれつ	形容動詞語幹	113	False
4845	卑屈	ひくつ	形容動詞語幹	113	False
4845	卑猥	ひわい	形容動詞語幹	113	False
4845	卑賎	ひせん	形容動詞語幹	113	False
4845	卑近	ひきん	形容動詞語幹	121	False
4845	博大	はくだい	形容動詞語幹	113	True
4845	博学	はくがく	形容動詞語幹	113	True
4845	博識	はくしき	形容動詞語幹	113	False
4845	厄介	やっかい	形容動詞語幹	113	False
4845	厭味	いやみ	形容動詞語幹	118	False
4845	厳粛	げんしゅく	形容動詞語幹	121	False
4845	双対	そうつい	形容動詞語幹	115	True
4845	口早	くちばや	形容動詞語幹	140	False
4845	口速	くちばや	形容動詞語幹	140	False
4845	古拙	こせつ	形容動詞語幹	113	False
4845	古雅	こが	形容動詞語幹	113	False
4845	可憐	かれん	形容動詞語幹	121	False
4845	可読	かどく	形容動詞語幹	115	True
4845	同断	どうだん	形容動詞語幹	115	True
4845	吝嗇	りんしょく	形容動詞語幹	113	False
4845	周到	しゅうとう	形容動詞語幹	121	False
4845	周密	しゅうみつ	形容動詞語幹	121	False
4845	哀切	あいせつ	形容動詞語幹	113	False
4845	唐突	とうとつ	形容動詞語幹	121	True
4845	喧噪	けんそう	形容動詞語幹	113	False
4845	喧騒	けんそう	形容動詞語幹	113	False
4845	喫緊	きっきん	形容動詞語幹	115	False
4845	因循	いんじゅん	形容動詞語幹	113	False
4845	因業	いんごう	形容動詞語幹	121	True
4845	均質	きんしつ	形容動詞語幹	113	False
4845	執拗	しつよう	形容動詞語幹	121	False
4845	堅固	けんご	形容動詞語幹	121	False
4845	堅牢	けんろう	形容動詞語幹	113	True
4845	壮烈	そうれつ	形容動詞語幹	121	False
4845	壮絶	そうぜつ	形容動詞語幹	113	False
4845	壮麗	そうれい	形容動詞語幹	113	False
4845	多事	たじ	形容動詞語幹	115	True
4845	多弁	たべん	形容動詞語幹	122	True
4845	多情	たじょう	形容動詞語幹	115	True
4845	多望	たぼう	形容動詞語幹	113	False
4845	多淫	たいん	形容動詞語幹	120	False
4845	多湿	たしつ	形容動詞語幹	113	False
4845	多病	たびょう	形容動詞語幹	113	True
4845	多端	たたん	形容動詞語幹	113	True
4845	多能	たのう	形容動詞語幹	114	True
4845	多芸	たげい	形容動詞語幹	113	True
4845	多量	たりょう	形容動詞語幹	113	True
4845	多難	たなん	形容動詞語幹	124	True
4845	大仰	おおぎょう	形容動詞語幹	121	False
4845	大俗	だいぞく	形容動詞語幹	113	True
4845	大力	だいりき	形容動詞語幹	113	True
4845	大味	おおあじ	形容動詞語幹	117	False
4845	大形	おおぎょう	形容動詞語幹	111	False
4845	大様	おおよう	形容動詞語幹	131	False
4845	大童	おおわらわ	形容動詞語幹	140	False
4845	失当	しっとう	形容動詞語幹	113	False
4845	奇矯	ききょう	形容動詞語幹	113	False
4845	奇遇	きぐう	形容動詞語幹	115	True
4845	奢侈	しゃし	形容動詞語幹	113	False
4845	奸佞	かんねい	形容動詞語幹	113	False
4845	奸悪	かんあく	形容動詞語幹	113	False
4845	妖婉	ようえん	形容動詞語幹	113	False
4845	妖艶	ようえん	形容動詞語幹	113	False
4845	妖艷	ようえん	形容動詞語幹	113	False
4845	姑息	こそく	形容動詞語幹	121	False
4845	姦佞	かんねい	形容動詞語幹	113	False
4845	姦悪	かんあく	形容動詞語幹	113	True
4845	婉曲	えんきょく	形容動詞語幹	121	False
4845	嫌味	いやみ	形容動詞語幹	118	False
4845	存外	ぞんがい	形容動詞語幹	121	True
4845	安手	やすで	形容動詞語幹	118	False
4845	安気	あんき	形容動詞語幹	121	True
4845	安直	あんちょく	形容動詞語幹	121	True
4845	安逸	あんいつ	形容動詞語幹	113	True
4845	完璧	かんぺき	形容動詞語幹	113	False
4845	定常	ていじょう	形容動詞語幹	113	False
4845	寒冷	かんれい	形容動詞語幹	113	True
4845	寛闊	かんかつ	形容動詞語幹	113	False
4845	寡作	かさく	形容動詞語幹	113	False
4845	寡欲	かよく	形容動詞語幹	118	False
4845	専横	せんおう	形容動詞語幹	113	False
4845	尋常	じんじょう	形容動詞語幹	116	False
4845	小味	こあじ	形容動詞語幹	118	False
4845	小慾	しょうよく	形容動詞語幹	113	True
4845	小欲	しょうよく	形容動詞語幹	113	True
4845	小癪	こしゃく	形容動詞語幹	101	False
4845	小胆	しょうたん	形容動詞語幹	113	True
4845	小食	しょうしょく	形容動詞語幹	113	True
4845	少慾	しょうよく	形容動詞語幹	113	True
4845	少欲	しょうよく	形容動詞語幹	113	True
4845	少食	しょうしょく	形容動詞語幹	113	True
4845	尻軽	しりがる	形容動詞語幹	117	False
4845	尻重	しりおも	形容動詞語幹	140	False
4845	尾篭	びろう	形容動詞語幹	121	False
4845	尾籠	びろう	形容動詞語幹	119	False
4845	峻厳	しゅんげん	形容動詞語幹	113	False
4845	峻嶮	しゅんけん	形容動詞語幹	113	False
4845	峻烈	しゅんれつ	形容動詞語幹	113	False
4845	峻険	しゅんけん	形容動詞語幹	113	False
4845	嵩高	かさだか	形容動詞語幹	140	False
4845	嶮岨	けんそ	形容動詞語幹	113	False
4845	嶮峻	けんしゅん	形容動詞語幹	113	False
4845	巨大	きょだい	形容動詞語幹	119	False
4845	平俗	へいぞく	形容動詞語幹	113	True
4845	平坦	へいたん	形容動詞語幹	113	False
4845	平板	へいばん	形容動詞語幹	113	True
4845	平淡	へいたん	形容動詞語幹	113	False
4845	平滑	へいかつ	形容動詞語幹	0	True
4845	幼弱	ようじゃく	形容動詞語幹	113	True
4845	幽寂	ゆうじゃく	形容動詞語幹	113	False
4845	幽艷	ゆうえん	形容動詞語幹	113	False
4845	幽遠	ゆうえん	形容動詞語幹	113	False
4845	幽邃	ゆうすい	形容動詞語幹	113	False
4845	広闊	こうかつ	形容動詞語幹	121	False
4845	廉直	れんちょく	形容動詞語幹	113	False
4845	弱小	じゃくしょう	形容動詞語幹	113	True
4845	強健	きょうけん	形容動詞語幹	113	False
4845	強引	ごういん	形容動詞語幹	121	False
4845	強情	ごうじょう	形容動詞語幹	111	False
4845	強慾	ごうよく	形容動詞語幹	113	False
4845	強欲	ごうよく	形容動詞語幹	113	False
4845	強烈	きょうれつ	形容動詞語幹	121	False
4845	強的	ごうてき	形容動詞語幹	121	False
4845	強靭	きょうじん	形容動詞語幹	113	False
4845	強靱	きょうじん	形容動詞語幹	113	False
4845	律儀	りちぎ	形容動詞語幹	113	False
4845	律義	りちぎ	形容動詞語幹	113	False
4845	従順	じゅうじゅん	形容動詞語幹	113	False
4845	微弱	びじゃく	形容動詞語幹	113	True
4845	微賎	びせん	形容動詞語幹	113	False
4845	必定	ひつじょう	形容動詞語幹	115	True
4845	必至	ひっし	形容動詞語幹	115	False
4845	必須	ひっす	形容動詞語幹	96	False
4845	快活	かいかつ	形容動詞語幹	113	False
4845	快闊	かいかつ	形容動詞語幹	113	False
4845	怜悧	れいり	形容動詞語幹	113	False
4845	怠惰	たいだ	形容動詞語幹	113	False
4845	怠慢	たいまん	形容動詞語幹	113	False
4845	急峻	きゅうしゅん	形容動詞語幹	113	False
4845	性悪	しょうわる	形容動詞語幹	112	False
4845	怪異	かいい	形容動詞語幹	113	True
4845	恭倹	きょうけん	形容動詞語幹	113	False
4845	恭謙	きょうけん	形容動詞語幹	113	False
4845	悠遠	ゆうえん	形容動詞語幹	113	False
4845	悠長	ゆうちょう	形容動詞語幹	121	False
4845	悪徳	あくとく	形容動詞語幹	115	True
4845	悪辣	あくらつ	形容動詞語幹	121	False
4845	悲壮	ひそう	形容動詞語幹	113	False
4845	悲惨	ひさん	形容動詞語幹	113	False
4845	悲愴	ひそう	形容動詞語幹	113	False
4845	悲酸	ひさん	形容動詞語幹	113	False
4845	情強	じょうごわ	形容動詞語幹	121	False
4845	惰弱	だじゃく	形容動詞語幹	113	False
4845	愚劣	ぐれつ	形容動詞語幹	113	True
4845	愚図	ぐず	形容動詞語幹	117	True
4845	愚昧	ぐまい	形容動詞語幹	113	False
4845	愚暗	ぐあん	形容動詞語幹	121	True
4845	愚直	ぐちょく	形容動詞語幹	113	True
4845	愚鈍	ぐどん	形容動詞語幹	113	True
4845	愚闇	ぐあん	形容動詞語幹	121	False
4845	慇懃	いんぎん	形容動詞語幹	113	False
4845	慧眼	けいがん	形容動詞語幹	113	False
4845	慮外	りょがい	形容動詞語幹	113	False
4845	慳貪	けんどん	形容動詞語幹	113	False
4845	憂鬱	ゆううつ	形容動詞語幹	113	False
4845	憎体	にくてい	形容動詞語幹	121	True
4845	懇切	こんせつ	形容動詞語幹	113	True
4845	懇意	こんい	形容動詞語幹	113	True
4845	懇篤	こんとく	形容動詞語幹	121	False
4845	懦弱	だじゃく	形容動詞語幹	113	False
4845	懶惰	らんだ	形容動詞語幹	122	False
4845	扁平	へんぺい	形容動詞語幹	113	False
4845	手狭	てぜま	形容動詞語幹	140	False
4845	手短	てみじか	形容動詞語幹	140	False
4845	手荒	てあら	形容動詞語幹	140	False
4845	手近	てぢか	形容動詞語幹	117	False
4845	手頃	てごろ	形容動詞語幹	140	False
4845	拙劣	せつれつ	形容動詞語幹	113	False
4845	拙悪	せつあく	形容動詞語幹	113	False
4845	捨鉢	すてばち	形容動詞語幹	101	False
4845	放佚	ほういつ	形容動詞語幹	113	False
4845	放埒	ほうらつ	形容動詞語幹	113	False
4845	放漫	ほうまん	形容動詞語幹	121	True
4845	放縦	ほうじゅう	形容動詞語幹	113	True
4845	放胆	ほうたん	形容動詞語幹	113	True
4845	放逸	ほういつ	形容動詞語幹	113	True
4845	敏捷	びんしょう	形容動詞語幹	113	False
4845	敏活	びんかつ	形容動詞語幹	113	False
4845	敏速	びんそく	形容動詞語幹	113	False
4845	散慢	さんまん	形容動詞語幹	None	False
4845	散漫	さんまん	形容動詞語幹	113	True
4845	文弱	ぶんじゃく	形容動詞語幹	113	True
4845	文雅	ぶんが	形容動詞語幹	113	False
4845	斉一	せいいつ	形容動詞語幹	113	True
4845	斬新	ざんしん	形容動詞語幹	121	False
4845	新式	しんしき	形容動詞語幹	113	True
4845	旧弊	きゅうへい	形容動詞語幹	113	True
4845	旧式	きゅうしき	形容動詞語幹	113	True
4845	早熟	そうじゅく	形容動詞語幹	113	True
4845	旺盛	おうせい	形容動詞語幹	121	False
4845	明媚	めいび	形容動詞語幹	113	False
4845	明敏	めいびん	形容動詞語幹	113	False
4845	明朗	めいろう	形容動詞語幹	121	True
4845	明瞭	めいりょう	形容動詞語幹	121	False
4845	明細	めいさい	形容動詞語幹	105	False
4845	明解	めいかい	形容動詞語幹	113	True
4845	昵懇	じっこん	形容動詞語幹	113	False
4845	暗弱	あんじゃく	形容動詞語幹	113	True
4845	暗愚	あんぐ	形容動詞語幹	113	True
4845	暗鬱	あんうつ	形容動詞語幹	121	False
4845	暴悪	ぼうあく	形容動詞語幹	113	False
4845	暴慢	ぼうまん	形容動詞語幹	113	False
4845	暴戻	ぼうれい	形容動詞語幹	113	False
4845	暴虐	ぼうぎゃく	形容動詞語幹	113	False
4845	有能	ゆうのう	形容動詞語幹	113	True
4845	望外	ぼうがい	形容動詞語幹	121	False
4845	朧気	おぼろげ	形容動詞語幹	None	False
4845	未読	みどく	形容動詞語幹	115	True
4845	未開	みかい	形容動詞語幹	118	True
4845	本式	ほんしき	形容動詞語幹	113	True
4845	本望	ほんもう	形容動詞語幹	115	False
4845	朴直	ぼくちょく	形容動詞語幹	113	False
4845	杜漏	ずろう	形容動詞語幹	113	False
4845	果断	かだん	形容動詞語幹	113	True
4845	枢要	すうよう	形容動詞語幹	113	False
4845	柔和	にゅうわ	形容動詞語幹	113	False
4845	柔弱	にゅうじゃく	形容動詞語幹	113	False
4845	柔順	じゅうじゅん	形容動詞語幹	113	False
4845	森厳	しんげん	形容動詞語幹	113	False
4845	極大	きょくだい	形容動詞語幹	115	True
4845	極道	ごくどう	形容動詞語幹	112	True
4845	権高	けんだか	形容動詞語幹	122	False
4845	横柄	おうへい	形容動詞語幹	121	False
4845	横様	よこざま	形容動詞語幹	122	False
4845	樸直	ぼくちょく	形容動詞語幹	113	False
4845	欲深	よくふか	形容動詞語幹	101	False
4845	残忍	ざんにん	形容動詞語幹	113	True
4845	殷賑	いんしん	形容動詞語幹	113	False
4845	殺伐	さつばつ	形容動詞語幹	113	False
4845	気侭	きまま	形容動詞語幹	101	False
4845	気早	きばや	形容動詞語幹	101	False
4845	気短	きみじか	形容動詞語幹	121	False
4845	気重	きおも	形容動詞語幹	101	False
4845	気長	きなが	形容動詞語幹	121	False
4845	沈毅	ちんき	形容動詞語幹	113	False
4845	沈痛	ちんつう	形容動詞語幹	121	False
4845	法外	ほうがい	形容動詞語幹	123	True
4845	洒脱	しゃだつ	形容動詞語幹	113	False
4845	流暢	りゅうちょう	形容動詞語幹	121	False
4845	流麗	りゅうれい	形容動詞語幹	121	False
4845	浅学	せんがく	形容動詞語幹	115	False
4845	浅薄	せんばく	形容動詞語幹	113	False
4845	浮薄	ふはく	形容動詞語幹	113	False
4845	淡白	たんぱく	形容動詞語幹	122	False
4845	淫乱	いんらん	形容動詞語幹	113	False
4845	淫佚	いんいつ	形容動詞語幹	113	False
4845	淫猥	いんわい	形容動詞語幹	113	False
4845	淫蕩	いんとう	形容動詞語幹	116	False
4845	淫逸	いんいつ	形容動詞語幹	113	False
4845	淫靡	いんび	形容動詞語幹	111	False
4845	深遠	しんえん	形容動詞語幹	113	False
4845	淳朴	じゅんぼく	形容動詞語幹	113	False
4845	淳良	じゅんりょう	形容動詞語幹	113	True
4845	清廉	せいれん	形容動詞語幹	113	False
4845	清楚	せいそ	形容動詞語幹	121	False
4845	清純	せいじゅん	形容動詞語幹	113	False
4845	温和	おんわ	形容動詞語幹	113	False
4845	温柔	おんじゅう	形容動詞語幹	113	False
4845	温順	おんじゅん	形容動詞語幹	113	False
4845	湿潤	しつじゅん	形容動詞語幹	113	False
4845	滅相	めっそう	形容動詞語幹	115	False
4845	滅茶	めちゃ	形容動詞語幹	138	False
4845	滑脱	かつだつ	形容動詞語幹	115	True
4845	潔癖	けっぺき	形容動詞語幹	113	False
4845	潤沢	じゅんたく	形容動詞語幹	113	False
4845	激烈	げきれつ	形容動詞語幹	121	False
4845	激甚	げきじん	形容動詞語幹	113	False
4845	濃艷	のうえん	形容動詞語幹	121	False
4845	炯眼	けいがん	形容動詞語幹	113	False
4845	無体	むたい	形容動詞語幹	115	True
4845	無傷	むきず	形容動詞語幹	100	False
4845	無味	むみ	形容動詞語幹	115	True
4845	無害	むがい	形容動詞語幹	113	True
4845	無敵	むてき	形容動詞語幹	113	True
4845	無様	ぶざま	形容動詞語幹	101	False
4845	無欲	むよく	形容動詞語幹	113	True
4845	無毒	むどく	形容動詞語幹	113	True
4845	無比	むひ	形容動詞語幹	114	True
4845	無涯	むがい	形容動詞語幹	113	False
4845	無疵	むきず	形容動詞語幹	101	False
4845	無益	むえき	形容動詞語幹	106	True
4845	無碍	むげ	形容動詞語幹	113	False
4845	無礙	むげ	形容動詞語幹	113	False
4845	無筆	むひつ	形容動詞語幹	113	True
4845	無聊	ぶりょう	形容動詞語幹	113	False
4845	無芸	むげい	形容動詞語幹	113	True
4845	無謀	むぼう	形容動詞語幹	113	False
4845	無道	むどう	形容動詞語幹	113	True
4845	無闇	むやみ	形容動詞語幹	140	False
4845	無類	むるい	形容動詞語幹	115	True
4845	無骨	ぶこつ	形容動詞語幹	121	True
4845	煩瑣	はんさ	形容動詞語幹	113	False
4845	熱烈	ねつれつ	形容動詞語幹	121	False
4845	熾烈	しれつ	形容動詞語幹	113	False
4845	物臭	ものぐさ	形容動詞語幹	140	False
4845	物騒	ぶっそう	形容動詞語幹	121	False
4845	犀利	さいり	形容動詞語幹	121	True
4845	狡猾	こうかつ	形容動詞語幹	121	False
4845	狭小	きょうしょう	形容動詞語幹	113	True
4845	狭量	きょうりょう	形容動詞語幹	113	True
4845	狭隘	きょうあい	形容動詞語幹	113	False
4845	猛悪	もうあく	形容動詞語幹	113	True
4845	猛烈	もうれつ	形容動詞語幹	121	False
4845	猥褻	わいせつ	形容動詞語幹	121	False
4845	猥雑	わいざつ	形容動詞語幹	113	False
4845	獰悪	どうあく	形容動詞語幹	113	False
4845	獰猛	どうもう	形容動詞語幹	113	False
4845	玄妙	げんみょう	形容動詞語幹	113	True
4845	珍奇	ちんき	形容動詞語幹	113	True
4845	珍妙	ちんみょう	形容動詞語幹	121	True
4845	瑣末	さまつ	形容動詞語幹	113	False
4845	生憎	あいにく	形容動詞語幹	135	False
4845	疎慢	そまん	形容動詞語幹	113	False
4845	疎放	そほう	形容動詞語幹	113	False
4845	疎略	そりゃく	形容動詞語幹	113	False
4845	疎遠	そえん	形容動詞語幹	121	False
4845	病的	びょうてき	形容動詞語幹	121	True
4845	皮相	ひそう	形容動詞語幹	113	False
4845	盛大	せいだい	形容動詞語幹	121	False
4845	目深	まぶか	形容動詞語幹	140	False
4845	目茶	めちゃ	形容動詞語幹	138	False
4845	直截	ちょくさい	形容動詞語幹	116	False
4845	直角	ちょっかく	形容動詞語幹	113	False
4845	真丸	まんまる	形容動詞語幹	117	False
4845	真暗	まっくら	形容動詞語幹	141	False
4845	真青	まっさお	形容動詞語幹	117	False
4845	短慮	たんりょ	形容動詞語幹	113	False
4845	矮小	わいしょう	形容動詞語幹	113	False
4845	破格	はかく	形容動詞語幹	113	True
4845	硬骨	こうこつ	形容動詞語幹	115	True
4845	磊落	らいらく	形容動詞語幹	113	False
4845	神速	しんそく	形容動詞語幹	113	True
4845	秀抜	しゅうばつ	形容動詞語幹	113	False
4845	秀麗	しゅうれい	形容動詞語幹	113	False
4845	稠密	ちゅうみつ	形容動詞語幹	113	False
4845	稠密	ちょうみつ	形容動詞語幹	113	False
4845	穏便	おんびん	形容動詞語幹	121	False
4845	穏和	おんわ	形容動詞語幹	113	False
4845	究竟	くっきょう	形容動詞語幹	113	False
4845	空疎	くうそ	形容動詞語幹	113	False
4845	突飛	とっぴ	形容動詞語幹	113	False
4845	端厳	たんげん	形容動詞語幹	113	True
4845	端近	はしぢか	形容動詞語幹	117	False
4845	端麗	たんれい	形容動詞語幹	113	False
4845	等質	とうしつ	形容動詞語幹	113	True
4845	篦棒	べらぼう	形容動詞語幹	101	False
4845	簡明	かんめい	形容動詞語幹	113	True
4845	粋狂	すいきょう	形容動詞語幹	113	True
4845	粗大	そだい	形容動詞語幹	112	True
4845	粗忽	そこつ	形容動詞語幹	113	False
4845	粗慢	そまん	形容動詞語幹	113	False
4845	粗放	そほう	形容動詞語幹	113	True
4845	粗暴	そぼう	形容動詞語幹	113	False
4845	粗略	そりゃく	形容動詞語幹	113	True
4845	粗笨	そほん	形容動詞語幹	113	False
4845	粗雑	そざつ	形容動詞語幹	121	True
4845	精妙	せいみょう	形容動詞語幹	113	True
4845	純情	じゅんじょう	形容動詞語幹	113	False
4845	純朴	じゅんぼく	形容動詞語幹	113	False
4845	純潔	じゅんけつ	形容動詞語幹	113	False
4845	純白	じゅんぱく	形容動詞語幹	113	False
4845	純良	じゅんりょう	形容動詞語幹	113	False
4845	素樸	そぼく	形容動詞語幹	113	False
4845	細密	さいみつ	形容動詞語幹	121	False
4845	細微	さいび	形容動詞語幹	113	False
4845	絶倫	ぜつりん	形容動詞語幹	113	False
4845	絶無	ぜつむ	形容動詞語幹	113	False
4845	絶美	ぜつび	形容動詞語幹	113	False
4845	緊切	きんせつ	形容動詞語幹	113	True
4845	緊密	きんみつ	形容動詞語幹	121	True
4845	緩慢	かんまん	形容動詞語幹	121	False
4845	縦長	たてなが	形容動詞語幹	140	False
4845	繁雑	はんざつ	形容動詞語幹	113	True
4845	繊弱	せんじゃく	形容動詞語幹	113	False
4845	羸弱	るいじゃく	形容動詞語幹	113	False
4845	老実	ろうじつ	形容動詞語幹	113	True
4845	老巧	ろうこう	形容動詞語幹	113	False
4845	老弱	ろうじゃく	形容動詞語幹	115	True
4845	老獪	ろうかい	形容動詞語幹	113	False
4845	肉太	にくぶと	形容動詞語幹	121	False
4845	肉的	にくてき	形容動詞語幹	121	True
4845	肉細	にくぼそ	形容動詞語幹	121	False
4845	肥沃	ひよく	形容動詞語幹	113	False
4845	胴慾	どうよく	形容動詞語幹	113	True
4845	胴欲	どうよく	形容動詞語幹	113	True
4845	能弁	のうべん	形容動詞語幹	113	True
4845	脆弱	ぜいじゃく	形容動詞語幹	113	False
4845	腕白	わんぱく	形容動詞語幹	113	False
4845	腰弱	こしよわ	形容動詞語幹	117	False
4845	自侭	じまま	形容動詞語幹	121	False
4845	至便	しべん	形容動詞語幹	113	False
4845	至妙	しみょう	形容動詞語幹	113	False
4845	至当	しとう	形容動詞語幹	113	False
4845	至純	しじゅん	形容動詞語幹	113	False
4845	舌長	したなが	形容動詞語幹	140	False
4845	色色	いろいろ	形容動詞語幹	151	False
4845	艷美	えんび	形容動詞語幹	113	False
4845	艷麗	えんれい	形容動詞語幹	113	False
4845	芒洋	ぼうよう	形容動詞語幹	129	False
4845	花車	きゃしゃ	形容動詞語幹	115	False
4845	芳烈	ほうれつ	形容動詞語幹	121	False
4845	芳醇	ほうじゅん	形容動詞語幹	113	False
4845	苛烈	かれつ	形容動詞語幹	124	False
4845	若気	わかげ	形容動詞語幹	122	False
4845	英邁	えいまい	形容動詞語幹	113	False
4845	茫洋	ぼうよう	形容動詞語幹	129	False
4845	荒誕	こうたん	形容動詞語幹	113	False
4845	荷重	におも	形容動詞語幹	88	False
4845	莫大	ばくだい	形容動詞語幹	113	False
4845	華奢	きゃしゃ	形容動詞語幹	116	False
4845	著大	ちょだい	形容動詞語幹	113	True
4845	蒼白	そうはく	形容動詞語幹	113	False
4845	蓮葉	はすっぱ	形容動詞語幹	122	False
4845	蕪雑	ぶざつ	形容動詞語幹	113	False
4845	虚心	きょしん	形容動詞語幹	113	True
4845	裕福	ゆうふく	形容動詞語幹	121	False
4845	褊狭	へんきょう	形容動詞語幹	113	False
4845	見高	けんだか	形容動詞語幹	121	False
4845	覿面	てきめん	形容動詞語幹	121	False
4845	訥弁	とつべん	形容動詞語幹	113	False
4845	詰屈	きっくつ	形容動詞語幹	121	False
4845	詳密	しょうみつ	形容動詞語幹	113	False
4845	謹厳	きんげん	形容動詞語幹	113	False
4845	謹直	きんちょく	形容動詞語幹	113	False
4845	豊沃	ほうよく	形容動詞語幹	113	False
4845	豊満	ほうまん	形容動詞語幹	113	False
4845	豊潤	ほうじゅん	形容動詞語幹	113	False
4845	豊艷	ほうえん	形容動詞語幹	None	False
4845	豊麗	ほうれい	形容動詞語幹	113	False
4845	豪勇	ごうゆう	形容動詞語幹	113	True
4845	豪壮	ごうそう	形容動詞語幹	121	False
4845	豪奢	ごうしゃ	形容動詞語幹	113	False
4845	豪的	ごうてき	形容動詞語幹	121	True
4845	貞潔	ていけつ	形容動詞語幹	113	False
4845	貧小	ひんしょう	形容動詞語幹	113	True
4845	貧相	ひんそう	形容動詞語幹	113	True
4845	貧賎	ひんせん	形容動詞語幹	113	False
4845	貪婪	どんらん	形容動詞語幹	113	False
4845	質朴	しつぼく	形容動詞語幹	113	False
4845	質樸	しつぼく	形容動詞語幹	113	False
4845	超凡	ちょうぼん	形容動詞語幹	113	False
4845	超邁	ちょうまい	形容動詞語幹	113	False
4845	足早	あしばや	形容動詞語幹	140	False
4845	足速	あしばや	形容動詞語幹	140	False
4845	躁鬱	そううつ	形容動詞語幹	115	False
4845	身軽	みがる	形容動詞語幹	118	False
4845	身重	みおも	形容動詞語幹	122	False
4845	軟弱	なんじゃく	形容動詞語幹	89	False
4845	軟調	なんちょう	形容動詞語幹	121	False
4845	軽便	けいべん	形容動詞語幹	113	True
4845	軽度	けいど	形容動詞語幹	115	True
4845	軽薄	けいはく	形容動詞語幹	113	False
4845	軽躁	けいそう	形容動詞語幹	113	False
4845	辛辣	しんらつ	形容動詞語幹	113	False
4845	辺鄙	へんぴ	形容動詞語幹	113	False
4845	迂遠	うえん	形容動詞語幹	121	False
4845	迂闊	うかつ	形容動詞語幹	113	False
4845	迷惑	めいわく	形容動詞語幹	96	False
4845	逆様	さかさま	形容動詞語幹	117	False
4845	通俗	つうぞく	形容動詞語幹	113	True
4845	遅鈍	ちどん	形容動詞語幹	113	True
4845	遊惰	ゆうだ	形容動詞語幹	113	False
4845	達筆	たっぴつ	形容動詞語幹	113	False
4845	遠大	えんだい	形容動詞語幹	113	False
4845	遠浅	とおあさ	形容動詞語幹	122	False
4845	適任	てきにん	形容動詞語幹	113	True
4845	遼遠	りょうえん	形容動詞語幹	113	False
4845	邪悪	じゃあく	形容動詞語幹	113	True
4845	邪慳	じゃけん	形容動詞語幹	121	False
4845	邪険	じゃけん	形容動詞語幹	121	True
4845	鄙俗	ひぞく	形容動詞語幹	113	False
4845	鄙劣	ひれつ	形容動詞語幹	113	False
4845	鄙猥	ひわい	形容動詞語幹	113	False
4845	酔狂	すいきょう	形容動詞語幹	113	False
4845	酷悪	こくあく	形容動詞語幹	113	True
4845	酷烈	こくれつ	形容動詞語幹	113	False
4845	酷薄	こくはく	形容動詞語幹	113	False
4845	醇朴	じゅんぼく	形容動詞語幹	113	False
4845	醜悪	しゅうあく	形容動詞語幹	113	False
4845	野卑	やひ	形容動詞語幹	113	False
4845	野鄙	やひ	形容動詞語幹	113	False
4845	鈍根	どんこん	形容動詞語幹	121	True
4845	鈍重	どんじゅう	形容動詞語幹	113	True
4845	鉄火	てっか	形容動詞語幹	113	False
4845	鉛直	えんちょく	形容動詞語幹	121	False
4845	鋭敏	えいびん	形容動詞語幹	121	False
4845	長尻	ながじり	形容動詞語幹	117	False
4845	開豁	かいかつ	形容動詞語幹	121	False
4845	閑寂	かんじゃく	形容動詞語幹	113	False
4845	閑雅	かんが	形容動詞語幹	113	False
4845	間遠	まどお	形容動詞語幹	140	False
4845	闇雲	やみくも	形容動詞語幹	140	False
4845	闊達	かったつ	形容動詞語幹	121	False
4845	阿漕	あこぎ	形容動詞語幹	140	False
4845	陋劣	ろうれつ	形容動詞語幹	113	False
4845	陰惨	いんさん	形容動詞語幹	113	False
4845	陰気	いんき	形容動詞語幹	121	True
4845	陰湿	いんしつ	形容動詞語幹	113	False
4845	陰険	いんけん	形容動詞語幹	121	True
4845	陰鬱	いんうつ	形容動詞語幹	121	False
4845	陳腐	ちんぷ	形容動詞語幹	113	False
4845	険峻	けんしゅん	形容動詞語幹	113	False
4845	険悪	けんあく	形容動詞語幹	113	True
4845	険相	けんそう	形容動詞語幹	113	True
4845	険阻	けんそ	形容動詞語幹	113	False
4845	隠密	おんみつ	形容動詞語幹	121	False
4845	雄勁	ゆうけい	形容動詞語幹	113	False
4845	雄壮	ゆうそう	形容動詞語幹	113	False
4845	雄弁	ゆうべん	形容動詞語幹	113	True
4845	雅馴	がじゅん	形容動詞語幹	113	False
4845	雑多	ざった	形容動詞語幹	121	False
4845	雑駁	ざっぱく	形容動詞語幹	121	False
4845	霊妙	れいみょう	形容動詞語幹	113	True
4845	霊的	れいてき	形容動詞語幹	110	True
4845	静穏	せいおん	形容動詞語幹	113	False
4845	静粛	せいしゅく	形容動詞語幹	113	False
4845	静謐	せいひつ	形容動詞語幹	113	False
4845	非力	ひりき	形容動詞語幹	113	True
4845	非道	ひどう	形容動詞語幹	109	True
4845	面妖	めんよう	形容動詞語幹	113	False
4845	順良	じゅんりょう	形容動詞語幹	113	True
4845	頑丈	がんじょう	形容動詞語幹	121	False
4845	頑健	がんけん	形容動詞語幹	113	False
4845	頑冥	がんめい	形容動詞語幹	113	False
4845	頑迷	がんめい	形容動詞語幹	113	False
4845	頓狂	とんきょう	形容動詞語幹	121	False
4845	風流	ふうりゅう	形容動詞語幹	110	True
4845	風雅	ふうが	形容動詞語幹	120	False
4845	飄逸	ひょういつ	形容動詞語幹	113	False
4845	饒舌	じょうぜつ	形容動詞語幹	112	False
4845	驕奢	きょうしゃ	形容動詞語幹	113	False
4845	驕慢	きょうまん	形容動詞語幹	113	False
4845	高潔	こうけつ	形容動詞語幹	113	False
4845	高直	こうじき	形容動詞語幹	113	True
4845	高邁	こうまい	形容動詞語幹	113	False
4845	魁偉	かいい	形容動詞語幹	113	False
4845	魯鈍	ろどん	形容動詞語幹	113	False
4845	鮮烈	せんれつ	形容動詞語幹	121	False
4845	鮮麗	せんれい	形容動詞語幹	121	False
4845	黒山	くろやま	形容動詞語幹	117	False
4846	不毛	ふもう	形容動詞語幹	121	True
4846	中堅	ちゅうけん	一般	113	True
4846	即急	そっきゅう	形容動詞語幹	121	False
4846	口重	くちおも	形容動詞語幹	140	False
4846	正大	せいだい	形容動詞語幹	133	True
4846	細緻	さいち	形容動詞語幹	113	False
4846	胡散	うさん	形容動詞語幹	115	False
4846	貞淑	ていしゅく	形容動詞語幹	113	False
4846	賛助	さんじょ	サ変接続	101	True
4846	速急	そっきゅう	形容動詞語幹	121	False
4846	違式	いしき	形容動詞語幹	113	True
4847	中正	ちゅうせい	形容動詞語幹	113	True
4847	中道	ちゅうどう	一般	99	True
4847	命中	めいちゅう	サ変接続	101	False
4847	奇警	きけい	形容動詞語幹	113	True
4847	宏遠	こうえん	形容動詞語幹	113	False
4847	滑稽	こっけい	形容動詞語幹	113	False
4847	総理	そうり	一般	101	True
4847	緻密	ちみつ	形容動詞語幹	125	False
4848	偏差	へんさ	一般	113	True
4848	僅少	きんしょう	形容動詞語幹	113	False
4848	各行	かくこう	一般	112	True
4848	称呼	しょうこ	サ変接続	101	True
4848	芟除	さんじょ	サ変接続	101	False
4848	茶目	ちゃめ	形容動詞語幹	100	False
4848	豪勢	ごうせい	形容動詞語幹	121	True
4848	過分	かぶん	形容動詞語幹	121	True
4849	体高	たいこう	一般	115	True
4849	優美	ゆうび	形容動詞語幹	122	False
4850	不良	ふりょう	形容動詞語幹	90	True
4850	不覚	ふかく	形容動詞語幹	113	False
4851	受験	じゅけん	サ変接続	101	True
4851	口軽	くちがる	形容動詞語幹	140	False
4851	安静	あんせい	形容動詞語幹	113	False
4851	年代	ねんだい	一般	111	True
4851	西部	せいぶ	一般	122	True
4852	分散	ぶんさん	サ変接続	101	True
4852	寛仁	かんじん	形容動詞語幹	114	False
4852	尾篭	おこ	形容動詞語幹	121	False
4852	尾籠	おこ	形容動詞語幹	119	False
4852	烏滸	おこ	形容動詞語幹	119	False
4852	蒙昧	もうまい	形容動詞語幹	116	False
4852	表面	ひょうめん	一般	118	True
4852	諸島	しょとう	一般	115	True
4853	一聯	いちれん	一般	None	True
4853	出張	しゅっちょう	サ変接続	101	False
4853	起源	きげん	一般	114	True
4854	全一	ぜんいつ	形容動詞語幹	114	False
4854	官房	かんぼう	一般	112	True
4854	強打	きょうだ	サ変接続	100	True
4854	起原	きげん	一般	115	True
4854	遠慮	えんりょ	サ変接続	101	False
4855	一過	いっか	一般	105	True
4855	船場	ふなば	一般	115	False
4855	電機	でんき	一般	115	True
4856	両立	りょうりつ	サ変接続	101	True
4856	地学	ちがく	一般	75	True
4856	得用	とくよう	形容動詞語幹	113	True
4856	徳用	とくよう	形容動詞語幹	113	True
4856	悽愴	せいそう	形容動詞語幹	113	False
4857	一価	いっか	一般	None	True
4857	内福	ないふく	形容動詞語幹	121	False
4857	滅多	めった	形容動詞語幹	140	False
4857	真摯	しんし	形容動詞語幹	120	False
4857	阿呆	あほう	形容動詞語幹	86	False
4858	厚顔	こうがん	形容動詞語幹	113	False
4858	嶮難	けんなん	形容動詞語幹	113	False
4858	険難	けんなん	形容動詞語幹	113	True
4859	周辺	しゅうへん	一般	86	False
4859	均一	きんいつ	形容動詞語幹	113	False
4859	草花	くさばな	一般	122	False
4859	赤裸	せきら	形容動詞語幹	113	False
4860	壮観	そうかん	形容動詞語幹	121	False
4860	外交	がいこう	一般	113	True
4861	一足	ひとあし	一般	102	False
4861	実直	じっちょく	形容動詞語幹	113	True
4863	仲間	なかま	一般	93	False
4863	入水	にゅうすい	サ変接続	86	True
4863	無根	むこん	形容動詞語幹	113	True
4863	界線	かいせん	一般	118	True
4864	供用	きょうよう	サ変接続	109	True
4864	分別	ぶんべつ	サ変接続	87	True
4864	富貴	ふうき	形容動詞語幹	113	False
4864	評定	ひょうてい	サ変接続	101	True
4864	詩的	してき	形容動詞語幹	121	True
4864	豪儀	ごうぎ	形容動詞語幹	121	True
4864	豪気	ごうぎ	形容動詞語幹	113	False
4865	年少	ねんしょう	形容動詞語幹	109	True
4865	緊要	きんよう	形容動詞語幹	113	True
4866	上旬	じょうじゅん	副詞可能	87	False
4866	不羈	ふき	形容動詞語幹	113	False
4866	地裁	ちさい	一般	93	True
4866	聊爾	りょうじ	形容動詞語幹	113	False
4866	船橋	ふなばし	一般	134	False
4866	音色	ねいろ	一般	115	False
4867	落葉	おちば	サ変接続	99	False
4867	融通	ゆずう	サ変接続	75	False
4868	万全	ばんぜん	形容動詞語幹	98	False
4868	閉場	へいじょう	サ変接続	101	True
4869	秘書	ひしょ	一般	114	True
4870	三枚	さんまい	一般	None	True
4870	寝坊	ねぼう	形容動詞語幹	116	True
4870	誠実	せいじつ	形容動詞語幹	113	True
4871	安定	あんてい	形容動詞語幹	71	True
4872	上書	じょうしょ	サ変接続	108	True
4872	代理	だいり	サ変接続	102	True
4872	当主	とうしゅ	一般	112	True
4872	有名	ゆうめい	形容動詞語幹	89	True
4872	浄書	じょうしょ	サ変接続	101	False
4873	大風	おおふう	形容動詞語幹	115	False
4873	奔放	ほんぽう	形容動詞語幹	121	False
4873	有毒	ゆうどく	形容動詞語幹	113	True
4873	気候	きこう	一般	115	True
4873	須要	しゅよう	形容動詞語幹	113	False
4875	大気	たいき	一般	93	True
4875	怪訝	けげん	形容動詞語幹	121	False
4876	国歌	こっか	一般	115	True
4876	気化	きか	サ変接続	102	True
4876	濃厚	のうこう	形容動詞語幹	121	False
4877	四角	しかく	形容動詞語幹	70	True
4877	奇効	きこう	一般	115	True
4877	気功	きこう	一般	115	True
4877	無垢	むく	形容動詞語幹	106	False
4877	積極	せっきょく	形容動詞語幹	114	False
4878	合点	がってん	サ変接続	105	True
4878	善美	ぜんび	形容動詞語幹	113	True
4878	奇功	きこう	一般	115	True
4878	奇行	きこう	一般	115	True
4878	季候	きこう	一般	115	True
4878	帰航	きこう	一般	101	True
4878	機巧	きこう	一般	115	False
4878	機甲	きこう	一般	115	True
4878	気孔	きこう	一般	115	False
4878	稀覯	きこう	一般	115	False
4878	紀綱	きこう	一般	115	True
4878	貴公	きこう	一般	120	True
4878	貴校	きこう	一般	115	True
4879	今度	こんど	副詞可能	90	True
4880	公衆	こうしゅう	一般	115	True
4880	横風	おうふう	形容動詞語幹	121	True
4880	機工	きこう	一般	None	True
4881	不敵	ふてき	形容動詞語幹	121	True
4881	初冬	しょとう	副詞可能	87	True
4882	一口	ひとくち	一般	101	False
4882	少数	しょうすう	一般	90	True
4882	憧憬	しょうけい	サ変接続	88	False
4882	既知	きち	形容動詞語幹	115	False
4883	好奇	こうき	一般	97	True
4883	好評	こうひょう	一般	112	True
4883	年刊	ねんかん	一般	127	True
4883	簡略	かんりゃく	サ変接続	121	True
4884	快調	かいちょう	形容動詞語幹	113	False
4884	議定	ぎじょう	サ変接続	76	True
4885	大雪	おおゆき	一般	86	False
4885	石灰	せっかい	一般	99	False
4885	薄倖	はっこう	形容動詞語幹	113	False
4885	薄幸	はっこう	形容動詞語幹	113	False
4886	西口	にしぐち	一般	121	False
4886	身障	しんしょう	一般	115	False
4887	余波	よは	一般	92	True
4887	善良	ぜんりょう	形容動詞語幹	113	True
4887	明晰	めいせき	形容動詞語幹	113	False
4887	課税	かぜい	サ変接続	79	True
4887	財源	ざいげん	一般	101	True
4888	築城	ちくじょう	サ変接続	120	True
4888	雨風	あめかぜ	一般	122	False
4889	上座	かみざ	一般	101	False
4890	元金	がんきん	一般	102	True
4890	愧死	きし	サ変接続	101	False
4891	前半	ぜんはん	一般	62	True
4891	厳重	げんじゅう	形容動詞語幹	121	True
4891	戦勝	せんしょう	サ変接続	101	True
4891	純一	じゅんいつ	形容動詞語幹	119	False
4892	国花	こっか	一般	115	True
4892	国貨	こっか	一般	None	True
4892	塩水	えんすい	一般	135	True
4892	小説	しょうせつ	一般	103	True
4893	人中	ひとなか	一般	129	False
4893	力行	りっこう	サ変接続	106	False
4893	国華	こっか	一般	115	False
4893	宴会	えんかい	一般	92	True
4895	体腔	たいこう	一般	115	False
4895	大公	たいこう	一般	118	True
4895	大功	たいこう	一般	128	True
4895	対向	たいこう	一般	101	True
4895	褪紅	たいこう	一般	115	False
4895	退紅	たいこう	一般	115	False
4897	下部	かぶ	一般	121	True
4897	大層	たいそう	形容動詞語幹	114	True
4897	本音	ほんね	一般	87	True
4898	尠少	せんしょう	形容動詞語幹	113	False
4898	鮮少	せんしょう	形容動詞語幹	113	False
4899	山中	さんちゅう	一般	104	True
4899	流石	さすが	形容動詞語幹	103	False
4900	怯懦	きょうだ	形容動詞語幹	113	False
4900	脱会	だっかい	サ変接続	113	True
4900	謙遜	けんそん	サ変接続	96	False
4902	文字	もじ	一般	15	False
4902	暁星	ぎょうせい	一般	115	False
4902	賢明	けんめい	形容動詞語幹	112	True
4903	兇徒	きょうと	一般	115	False
4903	内容	ないよう	一般	96	True
4903	凶徒	きょうと	一般	115	True
4904	先進	せんしん	一般	115	True
4904	密接	みっせつ	サ変接続	99	False
4905	中盤	ちゅうばん	副詞可能	91	True
4905	女子	じょし	一般	71	True
4907	家中	いえじゅう	副詞可能	165	False
4908	公然	こうぜん	形容動詞語幹	129	True
4908	心的	しんてき	形容動詞語幹	126	True
4908	減税	げんぜい	サ変接続	105	True
4909	交易	こうえき	サ変接続	101	True
4909	私情	しじょう	一般	115	True
4909	素直	すなお	形容動詞語幹	136	False
4909	高根	たかね	一般	131	False
4910	一道	いちどう	一般	106	True
4910	誌上	しじょう	一般	111	True
4911	一双	いっそう	一般	None	True
4911	漸騰	ぜんとう	サ変接続	101	False
4912	生直	きすぐ	形容動詞語幹	140	False
4912	至上	しじょう	一般	115	False
4914	初代	しょだい	一般	95	True
4915	以往	いおう	副詞可能	115	True
4915	学界	がっかい	一般	115	True
4915	平凡	へいぼん	形容動詞語幹	113	False
4915	町中	まちなか	一般	109	False
4916	傲慢	ごうまん	形容動詞語幹	113	False
4916	建設	けんせつ	サ変接続	101	False
4916	阿房	あほう	形容動詞語幹	102	False
4917	折中	せっちゅう	サ変接続	101	False
4918	実勢	じっせい	一般	114	True
4918	市域	しいき	一般	142	True
4918	特措	とくそ	サ変接続	115	False
4918	目録	もくろく	一般	115	True
4918	過敏	かびん	形容動詞語幹	113	False
4919	先高	さきだか	形容動詞語幹	114	False
4919	助役	じょやく	一般	98	True
4919	史乗	しじょう	一般	115	True
4919	尚武	しょうぶ	一般	115	False
4919	相手	あいて	一般	48	False
4919	至情	しじょう	一般	115	False
4919	詩情	しじょう	一般	115	True
4920	各社	かくしゃ	一般	102	True
4920	海戦	かいせん	一般	117	True
4921	一丁	いっちょう	副詞可能	93	True
4921	用途	ようと	一般	97	True
4922	定例	ていれい	一般	102	True
4922	新手	あらて	一般	105	False
4922	狂的	きょうてき	形容動詞語幹	121	True
4923	甚大	じんだい	形容動詞語幹	121	False
4924	不精	ぶしょう	形容動詞語幹	113	False
4925	上流	じょうりゅう	一般	97	True
4925	世態	せたい	一般	115	True
4925	九星	きゅうせい	一般	105	False
4925	深交	しんこう	一般	115	True
4925	深更	しんこう	一般	115	True
4925	無精	ぶしょう	形容動詞語幹	113	False
4925	親好	しんこう	一般	115	True
4926	卑怯	ひきょう	形容動詞語幹	103	False
4926	客冬	かくとう	副詞可能	115	True
4926	波頭	なみがしら	一般	105	False
4927	単調	たんちょう	形容動詞語幹	113	False
4927	川辺	かわべ	一般	120	False
4927	放射	ほうしゃ	サ変接続	101	True
4927	親交	しんこう	一般	115	True
4927	選出	せんしゅつ	サ変接続	114	True
4928	前方	ぜんぽう	一般	69	True
4928	各組	かくくみ	一般	None	False
4928	垂直	すいちょく	形容動詞語幹	113	False
4929	先月	せんげつ	副詞可能	81	True
4929	啓培	けいばい	サ変接続	101	False
4929	心底	しんそこ	一般	80	False
4929	講談	こうだん	一般	115	True
4929	豊作	ほうさく	一般	93	False
4930	代物	しろもの	一般	108	False
4930	同誌	どうし	一般	108	True
4931	内面	ないめん	一般	89	True
4931	宏量	こうりょう	形容動詞語幹	113	False
4931	広量	こうりょう	形容動詞語幹	113	True
4931	支度	したく	サ変接続	91	False
4931	過少	かしょう	形容動詞語幹	113	True
4932	口上	こうじょう	一般	100	True
4932	木訥	ぼくとつ	形容動詞語幹	113	False
4932	本店	ほんてん	一般	99	True
4932	朴訥	ぼくとつ	形容動詞語幹	113	False
4933	上質	じょうしつ	形容動詞語幹	115	True
4933	南国	なんごく	一般	100	False
4933	大麻	たいま	一般	113	False
4933	山道	さんどう	一般	104	True
4933	終末	しゅうまつ	一般	84	True
4933	背中	せなか	一般	115	False
4933	花瓶	かびん	一般	115	True
4933	雨水	あまみず	一般	100	False
4934	交戦	こうせん	サ変接続	102	True
4934	兵士	へいし	一般	87	True
4934	来島	らいとう	サ変接続	125	True
4934	温水	おんすい	一般	109	False
4935	中前	ちゅうぜん	一般	110	True
4935	情報	じょうほう	一般	90	True
4936	同志	どうし	一般	112	True
4936	商人	しょうにん	一般	92	True
4936	紙質	かみしつ	一般	93	False
4937	小量	しょうりょう	形容動詞語幹	115	True
4937	建物	たてもの	一般	91	False
4937	恒常	こうじょう	一般	115	False
4937	氏名	しめい	一般	0	True
4937	無名	むめい	一般	109	True
4937	谷間	たにま	一般	100	False
4937	迂愚	うぐ	形容動詞語幹	113	False
4937	長年	ながねん	副詞可能	66	False
4938	厚情	こうじょう	一般	115	False
4938	息子	むすこ	一般	116	False
4938	無限	むげん	形容動詞語幹	113	True
4939	交情	こうじょう	一般	115	True
4939	外壁	がいへき	一般	91	False
4939	思惟	しゆい	サ変接続	101	False
4939	江上	こうじょう	一般	115	True
4939	甲状	こうじょう	一般	108	True
4939	膠状	こうじょう	一般	115	False
4940	同胞	どうほう	一般	115	False
4940	妄言	ぼうげん	一般	112	False
4940	疾風	しっぷう	一般	104	False
4940	蝸牛	かぎゅう	一般	103	False
4940	通禁	とんぐむ	一般	91	False
4942	功業	こうぎょう	一般	110	True
4942	昨日	きのう	副詞可能	68	False
4942	砿業	こうぎょう	一般	None	False
4942	釈然	しゃくぜん	一般	129	False
4943	億劫	おっくう	形容動詞語幹	98	False
4943	十全	じゅうぜん	形容動詞語幹	98	False
4943	大学	だいがく	一般	42	True
4943	道程	どうてい	一般	102	False
4943	馬鹿	ばか	形容動詞語幹	100	False
4944	人員	じんいん	一般	80	True
4944	日誌	にっし	一般	113	False
4944	莫迦	ばか	形容動詞語幹	95	False
4944	豊饒	ほうじょう	形容動詞語幹	113	False
4944	軍縮	ぐんしゅく	サ変接続	115	False
4945	劇場	げきじょう	一般	127	True
4945	同区	どうく	一般	84	True
4945	頑愚	がんぐ	形容動詞語幹	113	False
4945	食前	しょくぜん	副詞可能	74	True
4946	名目	めいもく	一般	75	True
4947	低率	ていりつ	形容動詞語幹	110	True
4947	大臣	だいじん	一般	78	False
4949	不孝	ふこう	形容動詞語幹	113	True
4949	令状	れいじょう	一般	90	True
4949	状態	じょうたい	一般	90	True
4950	各氏	かくし	一般	113	True
4950	死者	ししゃ	一般	131	True
4951	不和	ふわ	形容動詞語幹	113	True
4951	他行	たぎょう	サ変接続	80	True
4952	一因	いちいん	一般	105	True
4952	空輸	くうゆ	サ変接続	101	False
4952	要因	よういん	一般	96	True
4952	靭帯	じんたい	一般	115	False
4952	靱帯	じんたい	一般	115	False
4953	初旬	しょじゅん	副詞可能	91	False
4953	漢才	かんさい	一般	115	False
4953	県庁	けんちょう	一般	90	True
4953	艦載	かんさい	一般	115	True
4954	日頃	ひごろ	副詞可能	107	False
4955	一月	いちがつ	副詞可能	None	True
4955	変則	へんそく	形容動詞語幹	113	True
4955	沈鬱	ちんうつ	形容動詞語幹	113	False
4956	五体	ごたい	一般	60	True
4956	五障	ごしょう	一般	105	False
4956	原作	げんさく	一般	97	True
4956	物理	ぶつり	一般	98	True
4957	会期	かいき	一般	99	True
4957	定年	ていねん	一般	96	True
4957	寄生	きせい	サ変接続	101	True
4958	人心	じんしん	一般	98	True
4958	昼間	ひるま	副詞可能	65	False
4958	首都	しゅと	一般	97	True
4959	健勝	けんしょう	形容動詞語幹	113	False
4959	方正	ほうせい	形容動詞語幹	113	True
4959	正面	しょうめん	一般	0	True
4959	生鮮	せいせん	形容動詞語幹	113	False
4960	大成	たいせい	サ変接続	133	True
4960	市制	しせい	一般	104	True
4961	方針	ほうしん	一般	57	False
4961	至極	しごく	形容動詞語幹	105	False
4962	充分	じゅうぶん	形容動詞語幹	116	False
4962	時機	じき	一般	115	True
4963	神妙	しんみょう	形容動詞語幹	121	True
4963	高台	たかだい	一般	111	False
4964	検事	けんじ	一般	115	True
4964	非業	ひごう	形容動詞語幹	115	True
4964	食物	しょくもつ	一般	104	True
4965	万鈞	ばんきん	一般	105	False
4965	多角	たかく	一般	92	True
4965	本線	ほんせん	一般	134	True
4966	四声	しせい	一般	None	True
4966	四姓	しせい	一般	None	True
4966	四聖	しせい	一般	None	False
4966	灯台	とうだい	一般	114	True
4966	煩多	はんた	形容動詞語幹	113	True
4966	累進	るいしん	サ変接続	101	True
4966	繁多	はんた	形容動詞語幹	113	True
4967	女児	じょじ	一般	96	True
4967	質実	しつじつ	形容動詞語幹	113	True
4968	太古	たいこ	副詞可能	91	True
4968	平年	へいねん	副詞可能	85	True
4968	等価	とうか	形容動詞語幹	96	True
4969	同省	どうしょう	一般	64	True
4969	翌朝	よくちょう	副詞可能	71	True
4970	年中	ねんじゅう	副詞可能	94	True
4970	散散	さんざん	形容動詞語幹	114	False
4970	枯淡	こたん	形容動詞語幹	113	False
4970	百花	ひゃっか	一般	101	True
4970	謙譲	けんじょう	形容動詞語幹	113	False
4971	幾夜	いくよ	一般	None	True
4972	本島	ほんとう	一般	107	True
4972	高慢	こうまん	形容動詞語幹	113	False
4973	新卒	しんそつ	一般	116	True
4974	大洲	おおす	一般	122	False
4974	恐縮	きょうしゅく	サ変接続	101	False
4974	法相	ほうしょう	一般	81	True
4974	長命	ちょうめい	形容動詞語幹	111	False
4975	万国	ばんこく	一般	103	True
4975	磁器	じき	一般	115	True
4975	贅沢	ぜいたく	形容動詞語幹	96	True
4976	両端	りょうたん	一般	109	True
4976	年年	ねんねん	副詞可能	87	True
4976	新奇	しんき	形容動詞語幹	113	True
4976	最下	さいか	形容動詞語幹	149	True
4976	辛気	しんき	形容動詞語幹	113	False
4976	運賃	うんちん	一般	114	True
4977	優等	ゆうとう	形容動詞語幹	121	False
4977	大社	たいしゃ	一般	105	True
4977	幻想	げんそう	サ変接続	101	False
4977	行蔵	こうぞう	一般	115	True
4978	極悪	ごくあく	形容動詞語幹	113	True
4978	華族	かぞく	一般	115	False
4980	分課	ぶんか	一般	115	True
4980	午后	ごご	副詞可能	89	False
4980	材料	ざいりょう	一般	78	True
4981	横長	よこなが	形容動詞語幹	140	False
4981	精細	せいさい	形容動詞語幹	113	False
4981	逆風	ぎゃくふう	一般	107	True
4983	千代	ちよ	一般	99	False
4983	右翼	うよく	一般	101	True
4983	奸臣	かんしん	一般	115	False
4983	姦臣	かんしん	一般	115	True
4983	寒心	かんしん	一般	115	True
4983	歓心	かんしん	一般	115	True
4983	甘心	かんしん	一般	115	True
4984	各地	かくち	一般	88	True
4984	春日	しゅんじつ	一般	110	True
4984	色白	いろじろ	形容動詞語幹	116	False
4985	工高	こうこう	一般	115	True
4985	水上	すいじょう	一般	74	True
4985	空虚	くうきょ	形容動詞語幹	113	True
4985	竹刀	しない	一般	123	False
4986	同名	どうめい	一般	112	True
4987	大賞	たいしょう	一般	107	True
4987	番付	ばんづけ	一般	84	False
4987	足弱	あしよわ	形容動詞語幹	117	False
4988	微力	びりょく	形容動詞語幹	115	True
4989	角界	かくかい	一般	115	True
4990	今秋	こんしゅう	副詞可能	86	True
4990	地検	ちけん	一般	106	True
4990	純正	じゅんせい	形容動詞語幹	113	False
4991	旧姓	きゅうせい	一般	110	True
4991	無病	むびょう	形容動詞語幹	115	True
4992	簡潔	かんけつ	形容動詞語幹	113	False
4992	豪族	ごうぞく	一般	114	True
4994	幸運	こううん	形容動詞語幹	113	True
4994	朝夕	あさゆう	副詞可能	103	False
4995	遡及	さっきゅう	サ変接続	94	False
4995	部隊	ぶたい	一般	39	True
4996	赤色	あかいろ	一般	116	False
4997	六味	ろくみ	一般	104	True
4997	形状	けいじょう	一般	101	True
4997	水産	すいさん	一般	59	True
4997	輓近	ばんきん	副詞可能	115	False
4998	河口	かこう	一般	111	False
4999	大抵	たいてい	形容動詞語幹	96	False
4999	自艦	じかん	一般	115	True
4999	資本	しほん	一般	111	True
4999	駄目	だめ	形容動詞語幹	86	False
5000	初戦	しょせん	一般	97	True
5000	後日	ごじつ	副詞可能	0	True
5001	三景	さんけい	一般	None	True
5001	時艱	じかん	一般	115	False
5001	本館	ほんかん	一般	109	True
5001	正門	せいもん	一般	114	True
5002	初日	しょにち	副詞可能	88	True
5002	火曜	かよう	副詞可能	91	True
5003	一半	いっぱん	一般	105	False
5003	副署	ふくしょ	サ変接続	139	True
5003	消耗	しょうこう	サ変接続	76	True
5004	二黒	じこく	一般	105	False
5004	四肢	しし	一般	102	True
5005	廉価	れんか	形容動詞語幹	121	False
5005	爆死	ばくし	サ変接続	103	True
5005	長男	ちょうなん	一般	81	True
5006	内的	ないてき	形容動詞語幹	120	True
5006	白砂	はくしゃ	一般	85	False
5006	通行	つうこう	サ変接続	100	True
5007	三幅	みの	一般	None	False
5007	医者	いしゃ	一般	101	True
5007	心理	しんり	一般	104	True
5007	悠久	ゆうきゅう	形容動詞語幹	115	False
5008	五味	ごみ	一般	116	True
5008	命題	めいだい	一般	115	False
5009	堪能	かんのう	形容動詞語幹	97	False
5009	大損	おおぞん	一般	104	False
5009	海員	かいいん	一般	115	True
5009	球場	きゅうじょう	一般	112	True
5009	英明	えいめい	形容動詞語幹	120	True
5009	誨淫	かいいん	一般	115	False
5010	凸凹	おうとつ	一般	108	False
5011	快技	かいぎ	一般	115	False
5011	興味	きょうみ	一般	114	True
5012	大島	おおしま	一般	138	False
5012	自明	じめい	形容動詞語幹	113	True
5013	横暴	おうぼう	形容動詞語幹	113	False
5014	夜行	やこう	一般	95	True
5015	動詞	どうし	一般	150	True
5015	実業	じつぎょう	一般	107	True
5016	同旨	どうし	一般	115	False
5016	導師	どうし	一般	115	False
5016	瞳子	どうし	一般	129	False
5016	童詩	どうし	一般	115	False
5016	道士	どうし	一般	115	True
5017	不平	ふへい	形容動詞語幹	152	True
5017	中高	なかだか	形容動詞語幹	152	False
5017	冷酷	れいこく	形容動詞語幹	113	True
5017	愉快	ゆかい	形容動詞語幹	113	False
5018	交差	こうさ	サ変接続	101	True
5018	劣勢	れっせい	形容動詞語幹	113	False
5018	外山	とやま	一般	122	False
5018	隆盛	りゅうせい	形容動詞語幹	113	False
5019	利付	りつき	一般	184	False
5019	豪胆	ごうたん	形容動詞語幹	113	True
5020	機運	きうん	一般	107	True
5020	水道	すいどう	一般	127	True
5020	逆手	さかて	一般	113	False
5021	勤勉	きんべん	形容動詞語幹	113	False
5022	一夜	ひとよ	副詞可能	68	False
5022	仁慈	じんじ	一般	115	False
5022	大概	たいがい	副詞可能	91	True
5022	硬質	こうしつ	形容動詞語幹	115	True
5022	貞節	ていせつ	形容動詞語幹	113	False
5022	駆動	くどう	サ変接続	101	False
5024	一心	いっしん	一般	101	True
5025	新書	しんしょ	一般	112	True
5025	極少	きょくしょう	形容動詞語幹	115	True
5025	能力	のうりょく	一般	123	True
5026	小倉	おぐら	一般	131	False
5026	披露	ひろう	サ変接続	102	False
5027	実家	じっか	一般	88	True
5029	万斛	ばんこく	一般	105	False
5029	劣等	れっとう	形容動詞語幹	121	False
5030	極秘	ごくひ	形容動詞語幹	115	True
5030	産政	さんせい	一般	113	True
5031	先端	せんたん	一般	93	True
5032	地代	じだい	一般	101	True
5032	塁間	るいかん	一般	120	True
5033	凶悪	きょうあく	形容動詞語幹	119	True
5033	奥義	おうぎ	一般	103	False
5033	本格	ほんかく	一般	98	True
5034	今夏	こんか	副詞可能	80	True
5035	良質	りょうしつ	形容動詞語幹	121	True
5035	雑色	ざっしょく	一般	127	False
5036	山川	やまかわ	一般	125	False
5037	一身	いっしん	一般	101	True
5037	年増	としま	一般	115	False
5037	感受	かんじゅ	サ変接続	101	True
5037	日日	ひび	副詞可能	103	False
5037	紀元	きげん	一般	104	True
5037	西方	せいほう	一般	85	True
5037	高名	こうめい	形容動詞語幹	110	True
5038	兆候	ちょうこう	一般	105	True
5038	動向	どうこう	一般	113	True
5038	費用	ひよう	一般	102	True
5040	料理	りょうり	サ変接続	101	True
5040	背後	はいご	一般	0	False
5041	塩性	えんせい	一般	114	True
5041	黒字	くろじ	一般	75	False
5042	主要	しゅよう	形容動詞語幹	120	True
5042	今春	こんしゅん	副詞可能	85	True
5042	原語	げんご	一般	109	True
5042	忠誠	ちゅうせい	一般	106	True
5042	比較	ひかく	サ変接続	101	False
5042	被害	ひがい	一般	86	True
5043	大川	おおかわ	一般	100	False
5044	三善	さんぜん	一般	103	True
5044	八雲	やくも	一般	111	False
5044	外縁	がいえん	形容動詞語幹	115	True
5044	訪中	ほうちゅう	サ変接続	101	False
5044	軽妙	けいみょう	形容動詞語幹	113	True
5044	高音	たかね	一般	116	False
5045	堅気	かたぎ	形容動詞語幹	101	False
5045	平話	へいわ	一般	115	True
5045	艷冶	えんや	形容動詞語幹	119	False
5046	目睹	もくと	サ変接続	101	False
5047	七味	しちみ	一般	93	True
5048	敏腕	びんわん	形容動詞語幹	113	False
5048	最深	さいしん	一般	108	True
5048	流動	りゅうどう	サ変接続	101	True
5049	列石	れっせき	一般	115	True
5049	府県	ふけん	一般	106	True
5050	善後	ぜんご	一般	115	True
5050	多色	たしょく	一般	98	True
5050	宮殿	きゅうでん	一般	114	False
5050	狂疾	きょうしつ	一般	115	False
5050	竜王	りゅうおう	一般	92	True
5051	廉潔	れんけつ	形容動詞語幹	113	False
5051	惨状	さんじょう	一般	115	False
5051	玉子	たまご	一般	106	False
5051	美的	びてき	形容動詞語幹	121	True
5051	羽根	はね	一般	80	False
5052	乱脈	らんみゃく	形容動詞語幹	113	True
5052	加点	かてん	サ変接続	117	True
5052	合力	ごうりょく	サ変接続	106	True
5052	繁忙	はんぼう	形容動詞語幹	113	False
5053	不潔	ふけつ	形容動詞語幹	113	False
5053	最盛	さいせい	一般	95	False
5054	一指	いっし	一般	105	True
5054	仏文	ふつぶん	一般	106	True
5054	当代	とうだい	副詞可能	118	True
5055	当番	とうばん	サ変接続	115	True
5055	美麗	びれい	形容動詞語幹	113	False
5055	野蛮	やばん	形容動詞語幹	113	False
5056	運動	うんどう	サ変接続	101	True
5057	巻頭	かんとう	一般	115	True
5057	急性	きゅうせい	一般	88	True
5057	精巧	せいこう	形容動詞語幹	113	False
5058	一所	いっしょ	一般	63	True
5058	内線	ないせん	一般	129	True
5058	白子	しらこ	一般	106	False
5059	国交	こっこう	一般	106	True
5059	富裕	ふゆう	形容動詞語幹	113	False
5059	興業	こうぎょう	一般	114	False
5060	今夕	こんゆう	副詞可能	78	False
5060	他国	たこく	一般	96	True
5060	年長	ねんちょう	形容動詞語幹	82	True
5060	数値	すうち	一般	96	True
5060	賃金	ちんぎん	一般	80	False
5061	不適	ふてき	形容動詞語幹	125	True
5061	偉大	いだい	形容動詞語幹	121	False
5061	後尾	こうび	一般	107	True
5061	手練	しゅれん	一般	99	False
5062	生硬	せいこう	形容動詞語幹	118	True
5062	相好	そうごう	一般	115	False
5063	不変	ふへん	形容動詞語幹	88	True
5063	大佐	たいさ	一般	86	True
5064	不浄	ふじょう	形容動詞語幹	113	False
5064	大損	おおそん	サ変接続	104	False
5064	安泰	あんたい	形容動詞語幹	113	False
5064	総体	そうたい	一般	115	True
5065	毎朝	まいあさ	副詞可能	85	False
5065	高率	こうりつ	形容動詞語幹	108	True
5066	両手	りょうて	一般	102	False
5066	来週	らいしゅう	副詞可能	131	True
5066	髪形	かみがた	一般	109	False
5067	一天	いってん	一般	105	True
5067	一群	いちぐん	一般	113	True
5067	側臥	そくが	サ変接続	101	True
5067	高度	こうど	形容動詞語幹	115	True
5068	家計	かけい	一般	115	True
5068	幾度	いくど	一般	125	True
5068	欲念	よくねん	一般	115	True
5068	談話	だんわ	サ変接続	101	True
5069	滞日	たいにち	サ変接続	101	False
5070	蓖麻	ひま	一般	115	False
5071	事実	じじつ	副詞可能	91	True
5071	軍人	ぐんじん	一般	48	True
5071	閑散	かんさん	形容動詞語幹	113	True
5072	不断	ふだん	副詞可能	119	True
5072	次元	じげん	一般	68	True
5072	汲汲	きゅうきゅう	一般	129	False
5073	体臭	たいしゅう	一般	115	True
5073	僧階	そうかい	一般	115	True
5073	冬至	とうじ	一般	115	False
5073	千進	せんしん	一般	None	True
5073	滄海	そうかい	一般	115	False
5073	蒼海	そうかい	一般	115	False
5074	偽印	ぎいん	一般	115	False
5074	悼辞	とうじ	一般	115	False
5074	杜氏	とうじ	一般	108	False
5074	答辞	とうじ	一般	115	True
5074	統辞	とうじ	一般	156	True
5074	老後	ろうご	一般	109	True
5074	蕩児	とうじ	一般	115	False
5075	沈香	じんこう	一般	115	False
5075	熱戦	ねっせん	一般	95	True
5076	一線	いっせん	一般	94	True
5076	中年	ちゅうねん	一般	66	True
5076	各校	かくこう	一般	115	True
5076	政労	せいろう	一般	176	True
5076	死霊	しりょう	一般	114	False
5076	試料	しりょう	一般	115	True
5076	飼料	しりょう	一般	94	True
5077	女声	じょせい	一般	115	True
5077	山内	さんない	一般	108	True
5077	有職	ゆうしょく	一般	108	True
5077	有限	ゆうげん	形容動詞語幹	113	True
5077	清雅	せいが	形容動詞語幹	113	False
5078	二食	にじき	一般	None	True
5078	生家	せいか	一般	114	True
5079	内戦	ないせん	一般	81	True
5079	凸凹	でこぼこ	サ変接続	108	False
5079	国務	こくむ	一般	112	True
5079	理事	りじ	一般	105	True
5079	都雅	とが	形容動詞語幹	113	False
5080	好色	こうしょく	形容動詞語幹	113	True
5080	安打	あんだ	一般	97	True
5080	書類	しょるい	一般	101	True
5080	漢詩	かんし	一般	101	False
5080	無配	むはい	一般	115	True
5080	逆説	ぎゃくせつ	一般	114	True
5081	不整	ふせい	形容動詞語幹	115	False
5081	価値	かち	一般	109	True
5082	動的	どうてき	形容動詞語幹	121	True
5082	異論	いろん	一般	109	True
5083	三曲	さんきょく	一般	None	True
5083	歌劇	かげき	一般	92	True
5084	無死	むし	一般	95	True
5085	今季	こんき	副詞可能	91	True
5085	同校	どうこう	一般	114	True
5085	型式	けいしき	一般	89	True
5086	不同	ふどう	形容動詞語幹	111	True
5086	生前	せいぜん	副詞可能	91	True
5086	自分	じぶん	一般	80	True
5087	上隅	うえすみ	一般	145	False
5088	九死	きゅうし	一般	94	True
5088	山陵	さんりょう	一般	0	True
5089	晩年	ばんねん	副詞可能	91	True
5089	栄枯	えいこ	一般	115	False
5089	蒼穹	そうきゅう	一般	115	False
5090	女婿	じょせい	一般	115	False
5090	有数	ゆうすう	形容動詞語幹	119	True
5090	精緻	せいち	形容動詞語幹	113	False
5091	一説	いっせつ	一般	103	True
5091	下学	かがく	一般	115	True
5091	前面	ぜんめん	一般	113	True
5091	大豆	だいず	一般	114	False
5091	家学	かがく	一般	94	True
5091	春先	はるさき	副詞可能	104	False
5091	歌学	かがく	一般	94	True
5091	精力	せいりょく	一般	115	True
5091	腸管	ちょうかん	一般	115	True
5091	行末	ゆくすえ	副詞可能	117	False
5092	今夜	こんや	副詞可能	84	True
5092	母子	ぼし	一般	105	True
5092	水口	みずぐち	一般	144	False
5092	静物	せいぶつ	一般	115	False
5093	学卒	がくそつ	一般	102	True
5094	四捨	ししゃ	一般	105	False
5094	多用	たよう	サ変接続	113	True
5094	書道	しょどう	一般	97	True
5094	組員	くみいん	一般	106	False
5095	持論	じろん	一般	115	True
5095	教義	きょうぎ	一般	115	True
5095	狭義	きょうぎ	一般	115	True
5095	経木	きょうぎ	一般	115	False
5096	山村	さんそん	一般	104	True
5097	社宅	しゃたく	一般	69	True
5097	総長	そうちょう	一般	114	True
5098	三業	さんぎょう	一般	105	True
5098	婀娜	あだ	形容動詞語幹	121	False
5099	恰好	かっこう	形容動詞語幹	97	False
5099	産院	さんいん	一般	115	True
5100	神聖	しんせい	形容動詞語幹	113	False
5101	家具	かぐ	一般	109	True
5101	家賃	やちん	一般	84	False
5101	歌手	かしゅ	一般	113	True
5102	品薄	しなうす	形容動詞語幹	117	False
5102	部品	ぶひん	一般	63	True
5103	先頃	さきごろ	副詞可能	104	False
5103	勇健	ゆうけん	形容動詞語幹	113	False
5105	中震	ちゅうしん	一般	115	False
5105	忠信	ちゅうしん	一般	121	True
5105	忠心	ちゅうしん	一般	115	True
5105	本号	ほんごう	一般	115	True
5105	本質	ほんしつ	一般	103	True
5105	衷心	ちゅうしん	一般	115	False
5105	頭骨	ずこつ	一般	106	True
5107	役所	やくしょ	一般	82	True
5108	万札	まんさつ	一般	105	True
5108	施工	せこう	サ変接続	81	True
5108	王者	おうじゃ	一般	92	False
5109	売上	うりあげ	一般	99	False
5110	一晩	ひとばん	副詞可能	None	False
5110	国教	こっきょう	一般	112	True
5110	露点	ろてん	一般	114	True
5111	三毛	みけ	一般	76	False
5111	典雅	てんが	形容動詞語幹	113	False
5111	暖帯	だんたい	一般	115	True
5111	気鋭	きえい	形容動詞語幹	115	True
5111	現実	げんじつ	一般	78	True
5112	三后	さんこう	一般	105	False
5112	三更	さんこう	一般	105	True
5112	三綱	さんこう	一般	105	True
5113	原因	げんいん	一般	101	True
5113	取次	とりつぎ	一般	122	False
5113	学舎	がくしゃ	一般	108	True
5113	道路	どうろ	一般	75	True
5114	灯油	とうゆ	一般	115	True
5114	百貨	ひゃっか	一般	104	True
5115	内内	ないない	形容動詞語幹	90	True
5115	国界	こっかい	一般	115	True
5115	骨灰	こっかい	一般	115	False
5116	将校	しょうこう	一般	114	True
5117	一眼	いちがん	一般	171	True
5117	格差	かくさ	一般	110	True
5117	重量	じゅうりょう	一般	106	True
5119	一波	いっぱ	一般	None	False
5119	下方	かほう	一般	101	True
5119	新車	しんしゃ	一般	115	True
5119	毎週	まいしゅう	副詞可能	138	True
5119	白紙	はくし	一般	88	True
5119	身上	しんじょう	一般	110	True
5120	他行	たこう	一般	80	True
5120	嬰児	えいじ	一般	112	False
5120	無知	むち	形容動詞語幹	113	True
5120	目下	めした	一般	101	False
5120	船首	せんしゅ	一般	115	True
5121	僭主	せんしゅ	一般	115	False
5121	繊手	せんしゅ	一般	115	False
5121	腺腫	せんしゅ	一般	115	True
5121	船主	せんしゅ	一般	105	True
5121	陸連	りくれん	一般	None	True
5123	一院	いちいん	一般	0	True
5123	来月	らいげつ	副詞可能	89	True
5124	日没	にちぼつ	一般	115	True
5125	台所	だいどころ	一般	103	False
5125	左派	さは	一般	110	True
5126	原鉱	げんこう	一般	115	True
5126	書面	しょめん	一般	139	True
5126	末期	まっき	一般	96	False
5126	玄黄	げんこう	一般	115	False
5126	相互	そうご	一般	56	False
5126	言行	げんこう	一般	115	True
5126	障子	しょうじ	一般	115	False
5127	一理	いちり	一般	104	True
5127	小事	しょうじ	一般	118	True
5127	尚侍	しょうじ	一般	115	False
5127	消磁	しょうじ	一般	115	True
5127	賞辞	しょうじ	一般	115	True
5127	隔日	かくじつ	副詞可能	115	True
5128	一大	いちだい	一般	101	True
5128	歳入	さいにゅう	一般	115	True
5129	冠頭	かんとう	一般	None	True
5129	官等	かんとう	一般	133	True
5129	竿頭	かんとう	一般	115	False
5129	関頭	かんとう	一般	115	True
5130	長大	ちょうだい	形容動詞語幹	114	True
5130	開村	かいそん	一般	115	True
5131	万引	まんびき	一般	112	False
5131	下隅	したすみ	一般	121	False
5131	五徳	ごとく	一般	105	True
5131	大小	だいしょう	一般	108	True
5131	屈強	くっきょう	形容動詞語幹	113	False
5131	微恙	びよう	一般	115	False
5131	必用	ひつよう	一般	115	True
5131	指教	しきょう	サ変接続	101	True
5131	示教	しきょう	サ変接続	101	False
5131	試供	しきょう	サ変接続	101	True
5132	石室	いしむろ	一般	115	False
5132	署長	しょちょう	一般	137	True
5133	一案	いちあん	一般	99	True
5133	制定	せいてい	サ変接続	123	True
5133	確証	かくしょう	サ変接続	101	True
5133	簡易	かんい	形容動詞語幹	121	True
5133	経常	けいじょう	一般	113	False
5134	九字	くじ	一般	105	True
5134	判官	ほうがん	一般	128	False
5134	医員	いいん	一般	115	True
5134	復刊	ふくかん	サ変接続	101	True
5134	雑木	ざつぼく	一般	76	True
5135	祝日	しゅくじつ	一般	101	True
5135	舞子	まいこ	一般	116	False
5136	一翼	いちよく	一般	105	True
5136	一輪	いちりん	一般	None	True
5137	下地	したじ	一般	79	False
5137	不祥	ふしょう	一般	115	False
5137	反古	ほご	一般	115	False
5137	反故	ほご	一般	108	False
5137	補語	ほご	一般	115	True
5138	仏像	ぶつぞう	一般	101	True
5138	終年	しゅうねん	副詞可能	None	True
5139	一類	いちるい	一般	147	True
5139	海容	かいよう	一般	115	True
5139	潰瘍	かいよう	一般	115	False
5139	精鋭	せいえい	形容動詞語幹	113	True
5139	貸間	かしま	一般	122	False
5139	野鳥	やちょう	一般	109	True
5140	元年	がんねん	副詞可能	90	True
5140	差額	さがく	一般	101	True
5140	蛇口	じゃぐち	一般	86	False
5140	銭湯	せんとう	一般	115	False
5140	順応	じゅんおう	サ変接続	74	True
5141	南都	なんと	一般	109	True
5141	同左	どうさ	一般	115	True
5141	著書	ちょしょ	一般	111	True
5141	電流	でんりゅう	一般	84	True
5142	仙洞	せんとう	一般	115	False
5142	先登	せんとう	一般	115	True
5142	園生	えんせい	一般	97	True
5142	対陣	たいじん	サ変接続	101	True
5142	尖塔	せんとう	一般	115	False
5142	捨身	しゃしん	一般	116	False
5142	未練	みれん	形容動詞語幹	113	False
5142	洗湯	せんとう	一般	115	False
5142	滞陣	たいじん	サ変接続	101	False
5142	退陣	たいじん	サ変接続	101	True
5143	大兵	だいひょう	一般	124	False
5143	幼少	ようしょう	形容動詞語幹	112	True
5143	抗生	こうせい	一般	111	True
5143	格安	かくやす	形容動詞語幹	120	False
5144	万葉	まんよう	一般	96	True
5145	千秋	せんしゅう	一般	127	True
5145	銅版	どうはん	一般	109	True
5146	万物	ばんぶつ	一般	94	True
5146	泉水	せんすい	一般	110	False
5146	酸味	さんみ	一般	94	True
5147	八卦	はっけ	一般	105	True
5147	固執	こしゅう	サ変接続	90	False
5148	分泌	ぶんぴ	サ変接続	92	False
5148	感性	かんせい	一般	73	True
5148	残存	ざんぞん	サ変接続	95	True
5149	千両	せんりょう	一般	0	True
5149	連日	れんじつ	副詞可能	91	True
5150	別個	べっこ	形容動詞語幹	121	True
5150	同格	どうかく	形容動詞語幹	113	True
5150	場合	ばあい	副詞可能	99	False
5150	多分	たぶん	一般	90	True
5151	先先	さきざき	副詞可能	104	False
5151	受払	うけはらい	一般	122	False
5152	処処	ところどころ	副詞可能	119	False
5152	早期	そうき	一般	113	True
5152	長姉	ちょうし	一般	115	False
5153	仏心	ほとけごころ	一般	112	False
5153	代官	だいかん	一般	116	True
5153	天文	てんもん	一般	75	True
5153	弔詞	ちょうし	一般	115	True
5153	弔詩	ちょうし	一般	115	True
5153	朝方	あさがた	副詞可能	104	False
5153	聴視	ちょうし	一般	115	False
5153	長子	ちょうし	一般	112	True
5153	順位	じゅんい	一般	112	True
5154	一意	いちい	形容動詞語幹	109	True
5154	来秋	らいしゅう	副詞可能	91	True
5154	派閥	はばつ	一般	108	True
5155	年来	ねんらい	副詞可能	116	True
5155	漢語	かんご	一般	111	False
5155	百姓	ひゃくしょう	一般	69	False
5155	課程	かてい	一般	87	False
5156	和気	わき	一般	115	True
5156	花嫁	はなよめ	一般	121	False
5156	金額	きんがく	一般	148	True
5156	鷹野	たかの	一般	122	False
5157	懇話	こんわ	一般	115	True
5157	時点	じてん	一般	104	True
5157	父子	ふし	一般	90	True
5157	限度	げんど	一般	114	True
5158	万延	まんえん	一般	None	False
5158	所員	しょいん	一般	112	True
5158	高嶺	たかね	一般	144	False
5160	音声	おんせい	一般	70	True
5161	八方	はっぽう	一般	88	True
5161	副使	ふくし	一般	115	True
5161	副詞	ふくし	一般	107	True
5161	社長	しゃちょう	一般	81	True
5161	鏡台	きょうだい	一般	115	True
5162	単位	たんい	一般	113	False
5162	味噌	みそ	一般	119	False
5162	学級	がっきゅう	一般	112	True
5162	汽車	きしゃ	一般	111	False
5162	貴社	きしゃ	一般	115	True
5162	遠眼	えんがん	一般	115	False
5163	当方	とうほう	一般	113	True
5163	機種	きしゅ	一般	86	True
5164	一徹	いってつ	形容動詞語幹	98	False
5164	同高	どうこう	一般	142	True
5164	地名	ちめい	一般	114	True
5164	旅館	りょかん	一般	96	True
5164	花街	はなまち	一般	112	False
5164	資格	しかく	一般	114	True
5165	一笑	いっしょう	一般	105	False
5165	大寒	だいかん	一般	115	True
5165	痛快	つうかい	形容動詞語幹	113	False
5165	精度	せいど	一般	115	True
5166	一季	いっき	一般	105	True
5166	一揆	いっき	一般	104	False
5167	一助	いちじょ	一般	113	True
5167	節目	ふしめ	一般	116	False
5167	職業	しょくぎょう	一般	76	True
5167	都県	とけん	一般	77	True
5168	九仞	きゅうじん	一般	105	False
5168	九紫	きゅうし	一般	105	False
5168	個性	こせい	一般	112	True
5168	山容	さんよう	一般	115	True
5168	本書	ほんしょ	一般	108	True
5168	銚子	ちょうし	一般	108	False
5169	利益	りえき	一般	81	True
5169	前金	まえきん	一般	115	False
5169	案外	あんがい	形容動詞語幹	107	True
5170	一芸	いちげい	一般	105	True
5170	消夏	しょうか	一般	115	True
5170	熊毛	くまげ	一般	None	False
5170	現地	げんち	一般	91	True
5171	万事	ばんじ	一般	105	True
5171	分会	ぶんかい	一般	111	True
5171	唱歌	しょうか	一般	104	False
5171	商家	しょうか	一般	110	True
5171	商科	しょうか	一般	115	True
5171	娼家	しょうか	一般	115	False
5171	将家	しょうか	一般	115	True
5171	漿果	しょうか	一般	115	False
5171	硝化	しょうか	一般	115	False
5171	証歌	しょうか	一般	115	True
5172	今時	いまどき	副詞可能	113	False
5173	三宝	さんぼう	一般	125	False
5173	全部	ぜんぶ	副詞可能	88	False
5173	当用	とうよう	サ変接続	115	True
5173	書店	しょてん	一般	86	True
5173	樹木	じゅもく	一般	100	True
5174	一命	いちめい	一般	105	False
5174	商号	しょうごう	一般	115	True
5174	四書	ししょ	一般	None	True
5174	燈台	とうだい	一般	115	False
5174	答訪	とうほう	一般	115	False
5175	今晩	こんばん	副詞可能	92	True
5175	夜長	よなが	副詞可能	121	False
5175	当今	とうこん	副詞可能	117	True
5176	一旬	いちじゅん	一般	105	False
5176	助手	じょしゅ	一般	115	True
5176	好機	こうき	一般	133	True
5177	余計	よけい	形容動詞語幹	113	True
5177	多目	おおめ	形容動詞語幹	150	False
5177	言質	げんち	一般	113	False
5178	一白	いっぱく	一般	105	False
5178	反面	はんめん	副詞可能	91	True
5178	干支	えと	一般	115	False
5178	老酒	ろうしゅ	一般	115	True
5178	郷里	きょうり	一般	105	False
5178	飯盛	めしもり	一般	131	False
5179	党員	とういん	一般	116	True
5179	悪戯	いたずら	サ変接続	104	False
5179	揣摩	しま	サ変接続	101	False
5179	球団	きゅうだん	一般	96	True
5179	西土	せいど	一般	115	True
5179	証人	しょうにん	一般	112	True
5180	一利	いちり	一般	100	True
5180	一腹	いっぷく	一般	105	False
5180	公聴	こうちょう	一般	115	False
5180	区史	くし	一般	116	True
5180	墓地	ぼち	一般	114	True
5180	日用	にちよう	一般	110	True
5181	候鳥	こうちょう	一般	115	True
5181	先夜	せんや	副詞可能	91	True
5181	十指	じっし	一般	None	False
5181	硬調	こうちょう	一般	115	True
5181	糊塗	こと	サ変接続	101	False
5181	養狐	ようこ	一般	115	False
5181	骨太	ほねぶと	形容動詞語幹	140	False
5181	黄鳥	こうちょう	一般	115	False
5182	兄妹	きょうだい	一般	115	False
5182	昨夜	さくや	副詞可能	67	True
5182	本位	ほんい	一般	112	True
5182	陸軍	りくぐん	一般	105	True
5182	黒子	くろこ	一般	113	False
5184	一門	いちもん	一般	94	True
5184	今冬	こんとう	副詞可能	89	True
5184	家事	かじ	一般	113	True
5184	果敢	かかん	形容動詞語幹	123	False
5184	橋台	きょうだい	一般	115	True
5185	政審	せいしん	一般	115	False
5185	面積	めんせき	一般	106	True
5186	世界	せかい	一般	70	True
5186	八章	はっしょう	一般	None	True
5186	六指	むさし	一般	112	False
5186	初出	しょしゅつ	サ変接続	133	True
5186	南方	なんぽう	一般	115	True
5186	国帑	こくど	一般	115	False
5186	小雪	こゆき	一般	124	False
5186	松原	まつばら	一般	131	False
5186	米収	べいしゅう	一般	115	False
5186	黒土	こくど	一般	115	True
5186	黒奴	こくど	一般	115	False
5187	五弦	ごげん	一般	None	True
5187	五絃	ごげん	一般	None	False
5187	八相	はっそう	一般	None	True
5187	横顔	よこがお	一般	121	False
5187	水域	すいいき	一般	92	True
5187	議院	ぎいん	一般	125	True
5187	高潮	こうちょう	一般	78	False
5188	万進	まんしん	一般	None	True
5188	五彩	ごさい	一般	105	False
5188	五菜	ごさい	一般	105	True
5188	四辺	しへん	一般	105	True
5188	毎回	まいかい	副詞可能	91	True
5188	白地	しろじ	一般	95	False
5189	一塩	ひとしお	一般	112	False
5189	一如	いちにょ	一般	105	False
5189	一存	いちぞん	一般	105	True
5189	一山	ひとやま	一般	112	False
5189	一廉	いっかど	一般	122	False
5189	一抹	いちまつ	一般	105	False
5189	一掬	いっきく	一般	105	True
5189	一散	いっさん	一般	105	True
5189	一旗	ひとはた	一般	112	False
5189	一札	いっさつ	一般	105	True
5189	一概	いちがい	一般	105	True
5189	一樹	いちじゅ	一般	105	True
5189	一汗	ひとあせ	一般	112	False
5189	一泡	ひとあわ	一般	112	False
5189	一物	いちもつ	一般	105	True
5189	一献	いっこん	一般	None	False
5189	一瓢	いっぴょう	一般	105	False
5189	一疋	いっぴき	一般	None	False
5189	一癖	ひとくせ	一般	112	False
5189	一皮	ひとかわ	一般	112	False
5189	一盞	いっさん	一般	105	False
5189	一目	ひとめ	副詞可能	101	False
5189	一眸	いちぼう	一般	105	False
5189	一碧	いっぺき	一般	105	False
5189	一籌	いっちゅう	一般	105	False
5189	一系	いっけい	一般	105	True
5189	一縷	いちる	一般	105	False
5189	一肌	ひとはだ	一般	110	False
5189	一能	いちのう	一般	105	True
5189	一脈	いちみゃく	一般	105	True
5189	一腰	ひとこし	一般	112	False
5189	一臂	いっぴ	一般	105	False
5189	一計	いっけい	一般	105	True
5189	一越	ひとこし	一般	112	False
5189	一酉	いちのとり	一般	None	False
5189	一隅	いちぐう	一般	105	False
5189	一風	いっぷう	一般	85	False
5189	一齣	ひとこま	一般	None	False
5189	七厘	しちりん	一般	105	True
5189	七夕	たなばた	一般	84	False
5189	七夜	しちや	一般	105	True
5189	七宝	しっぽう	一般	93	False
5189	七彩	しちさい	一般	105	False
5189	七曜	しちよう	一般	105	True
5189	七珍	しっちん	一般	105	False
5189	七竃	ななかまど	一般	None	False
5189	七色	なないろ	一般	95	False
5189	七言	しちごん	一般	0	True
5189	七赤	しちせき	一般	105	True
5189	七輪	しちりん	一般	105	True
5189	七重	ななえ	一般	112	False
5189	七難	しちなん	一般	None	True
5189	万両	まんりょう	一般	109	True
5189	万代	よろずよ	一般	105	False
5189	万作	まんさく	一般	105	True
5189	万力	まんりき	一般	105	True
5189	万夫	ばんぷ	一般	105	False
5189	万屋	よろずや	一般	112	False
5189	万巻	まんがん	一般	105	False
5189	万感	ばんかん	一般	105	True
5189	万態	ばんたい	一般	105	True
5189	万機	ばんき	一般	105	True
5189	万死	ばんし	一般	105	True
5189	万民	ばんみん	一般	104	True
5189	万灯	まんどう	一般	105	False
5189	万病	まんびょう	一般	105	True
5189	万福	ばんぷく	一般	105	False
5189	万端	ばんたん	一般	105	True
5189	万策	ばんさく	一般	105	True
5189	万籟	ばんらい	一般	105	False
5189	万緑	ばんりょく	一般	105	True
5189	万般	ばんぱん	一般	105	True
5189	万言	まんげん	一般	105	True
5189	万謝	ばんしゃ	一般	105	False
5189	万象	ばんしょう	一般	105	False
5189	万邦	ばんぽう	一般	105	False
5189	万金	まんきん	一般	105	True
5189	万障	ばんしょう	一般	105	False
5189	万難	ばんなん	一般	105	True
5189	万雷	ばんらい	一般	105	False
5189	万頃	ばんけい	一般	105	False
5189	万骨	ばんこつ	一般	105	True
5189	三下	さんした	一般	105	False
5189	三伏	さんぷく	一般	105	False
5189	三児	みつご	一般	None	False
5189	三助	さんすけ	一般	105	False
5189	三叉	さんさ	一般	0	False
5189	三叉	みつまた	一般	0	False
5189	三口	みつくち	一般	None	False
5189	三子	みつご	一般	None	False
5189	三寸	さんずん	一般	0	False
5189	三尺	さんじゃく	一般	None	False
5189	三巴	みつどもえ	一般	105	False
5189	三徳	さんとく	一般	105	True
5189	三指	みつゆび	一般	None	False
5189	三板	さんぱん	一般	None	False
5189	三栄	さんえい	一般	None	True
5189	三椏	みつまた	一般	112	False
5189	三献	さんこん	一般	105	False
5189	三猿	さんえん	一般	105	False
5189	三界	さんがい	一般	105	False
5189	三盆	さんぼん	一般	105	True
5189	三目	みつめ	一般	None	False
5189	三碧	さんぺき	一般	105	False
5189	三組	みつぐみ	一般	None	False
5189	三蔵	さんぞう	一般	105	True
5189	三身	みつみ	一般	None	False
5189	三酉	さんのとり	一般	None	False
5189	三里	さんり	一般	105	True
5189	三面	さんめん	一般	0	True
5189	三顧	さんこ	一般	105	False
5189	九天	きゅうてん	一般	105	True
5189	九族	きゅうぞく	一般	None	True
5189	九曜	くよう	一般	105	True
5189	九牛	きゅうぎゅう	一般	105	True
5189	九輪	くりん	一般	105	True
5189	九重	ここのえ	一般	102	False
5189	二伸	にしん	一般	105	False
5189	二元	にげん	一般	102	True
5189	二幅	ふたの	一般	None	False
5189	二形	ふたなり	一般	135	False
5189	二心	ふたごころ	一般	105	False
5189	二流	にりゅう	一般	104	True
5189	二王	におう	一般	None	True
5189	二親	ふたおや	一般	112	False
5189	二言	にごん	一般	106	True
5189	二豎	にじゅ	一般	105	False
5189	二道	ふたみち	一般	None	False
5189	二酉	にのとり	一般	None	False
5189	五加	うこぎ	一般	112	False
5189	五夜	ごや	一般	None	True
5189	五官	ごかん	一般	91	True
5189	五山	ごさん	一般	105	True
5189	五感	ごかん	一般	92	True
5189	五戒	ごかい	一般	105	True
5189	五更	ごこう	一般	105	True
5189	五根	ごこん	一般	105	True
5189	五目	ごもく	一般	105	True
5189	五節	ごせち	一般	117	False
5189	五経	ごきょう	一般	105	True
5189	五線	ごせん	一般	0	True
5189	五臓	ごぞう	一般	105	False
5189	五色	ごしき	一般	129	False
5189	五蘊	ごうん	一般	105	False
5189	五衰	ごすい	一般	105	False
5189	五言	ごごん	一般	105	True
5189	五識	ごしき	一般	105	False
5189	五逆	ごぎゃく	一般	105	True
5189	五音	ごいん	一般	117	False
5189	五音	ごおん	一般	117	True
5189	五黄	ごおう	一般	105	False
5189	億万	おくまん	一般	105	True
5189	億兆	おくちょう	一般	105	True
5189	八反	はったん	一般	None	True
5189	八口	やつくち	一般	112	False
5189	八専	はっせん	一般	None	False
5189	八景	はっけい	一般	117	True
5189	八朔	はっさく	一般	105	False
5189	八橋	やつはし	一般	None	False
5189	八白	はっぱく	一般	105	False
5189	八端	はったん	一般	None	True
5189	八道	はちどう	一般	106	True
5189	六合	りくごう	一般	105	False
5189	六尺	ろくしゃく	一般	None	True
5189	六方	ろっぽう	一般	105	False
5189	六書	りくしょ	一般	105	False
5189	六朝	りくちょう	一般	105	False
5189	六根	ろっこん	一般	105	False
5189	六法	ろっぽう	一般	89	False
5189	六界	ろっかい	一般	None	False
5189	六白	ろっぱく	一般	105	False
5189	六経	りくけい	一般	None	False
5189	六花	ろっか	一般	105	False
5189	六芸	りくげい	一般	105	False
5189	六趣	ろくしゅ	一般	None	False
5189	六道	ろくどう	一般	0	True
5189	十善	じゅうぜん	一般	105	True
5189	十徳	じっとく	一般	105	False
5189	十念	じゅうねん	一般	None	True
5189	十悪	じゅうあく	一般	None	True
5189	十戒	じっかい	一般	None	False
5189	十手	じって	一般	99	False
5189	十方	じっぽう	一般	105	False
5189	十目	じゅうもく	一般	147	True
5189	十能	じゅうのう	一般	105	True
5189	十薬	じゅうやく	一般	105	True
5189	十誡	じっかい	一般	None	False
5189	千慮	せんりょ	一般	105	False
5189	千振	せんぶり	一般	156	False
5189	千筋	せんすじ	一般	105	False
5189	千鈞	せんきん	一般	105	False
5189	千鳥	ちどり	一般	111	False
5189	四則	しそく	一般	105	True
5189	四壁	しへき	一般	None	False
5189	四手	よつで	一般	112	False
5189	四竹	よつだけ	一般	None	False
5189	四葉	よつば	一般	None	False
5189	四角	よつかど	一般	70	False
5189	四足	しそく	一般	141	True
5189	四足	よつあし	一般	141	False
5189	四身	よつみ	一般	None	False
5189	四阿	あずまや	一般	112	False
5189	四隅	よすみ	一般	112	False
5189	四隣	しりん	一般	105	False
5189	渡守	わたしもり	一般	95	False
5189	百事	ひゃくじ	一般	105	True
5189	百千	ひゃくせん	一般	118	True
5189	百千	ももち	一般	118	False
5189	百味	ひゃくみ	一般	105	True
5189	百官	ひゃっかん	一般	105	True
5189	百害	ひゃくがい	一般	105	True
5189	百態	ひゃくたい	一般	105	True
5189	百戦	ひゃくせん	一般	101	True
5189	百敷	ももしき	一般	None	False
5189	百獣	ひゃくじゅう	一般	105	True
5189	百聞	ひゃくぶん	一般	105	True
5189	百般	ひゃっぱん	一般	105	True
5189	百計	ひゃっけい	一般	105	True
5189	百足	むかで	一般	112	False
5189	百錬	ひゃくれん	一般	105	False
5189	百雷	ひゃくらい	一般	105	False
5189	真際	まぎわ	副詞可能	120	False
5189	頭痛	ずつう	一般	118	True
5190	一語	いちご	一般	167	True
5190	七光	ななひかり	一般	112	False
5190	万有	ばんゆう	一般	111	True
5190	二兎	にと	一般	None	False
5190	二途	にと	一般	None	True
5190	五教	ごきょう	一般	112	True
5190	件数	けんすう	一般	88	True
5190	八苦	はっく	一般	105	True
5190	十干	じっかん	一般	105	False
5190	千金	せんきん	一般	105	True
5190	四恩	しおん	一般	105	True
5190	朝臣	あそん	一般	84	False
5190	百舌	もず	一般	113	False
5190	綱目	こうもく	一般	115	True
5190	西進	せいしん	一般	115	True
5191	価額	かがく	一般	116	True
5191	六腑	ろっぷ	一般	105	False
5191	勢威	せいい	一般	115	True
5191	四手	しで	一般	112	False
5191	征衣	せいい	一般	115	True
5191	御酒	みき	一般	125	False
5191	次次	つぎつぎ	一般	172	False
5191	神酒	みき	一般	120	False
5192	九泉	きゅうせん	一般	105	False
5192	二葉	ふたば	一般	97	False
5192	栄華	えいが	一般	113	False
5192	桜桃	おうとう	一般	100	False
5192	金色	きんいろ	一般	85	False
5193	五穀	ごこく	一般	105	False
5194	三彩	さんさい	一般	105	False
5194	大道	だいどう	一般	93	True
5194	天地	てんち	一般	103	True
5194	子宮	しきゅう	一般	114	True
5194	文章	ぶんしょう	一般	72	True
5194	歩哨	ほしょう	一般	115	False
5195	一味	いちみ	一般	88	True
5195	千木	ちぎ	一般	112	False
5195	急坂	きゅうざか	一般	95	False
5195	毎晩	まいばん	副詞可能	91	True
5195	毎月	まいつき	副詞可能	58	False
5195	真諦	しんたい	一般	115	False
5195	神体	しんたい	一般	115	True
5195	神殿	しんでん	一般	113	False
5195	風車	かざぐるま	一般	84	False
5196	各自	かくじ	副詞可能	97	True
5196	四緑	しろく	一般	105	False
5196	後来	こうらい	副詞可能	115	True
5196	成心	せいしん	一般	115	True
5196	星辰	せいしん	一般	115	False
5196	昨今	さっこん	副詞可能	91	False
5196	海路	かいろ	一般	112	True
5196	生辰	せいしん	一般	115	False
5196	近年	きんねん	副詞可能	90	True
5197	冬期	とうき	副詞可能	68	True
5197	当季	とうき	副詞可能	115	True
5198	朝暮	ちょうぼ	副詞可能	115	False
5198	用水	ようすい	一般	164	True
5198	結婚	けっこん	サ変接続	80	True
5199	可用	かよう	一般	121	True
5199	同点	どうてん	一般	108	True
5199	神事	しんじ	一般	115	True
5199	秀作	しゅうさく	一般	112	False
5199	立合	たてあい	一般	111	False
5200	四幅	よの	一般	None	False
5200	日時	にちじ	一般	105	True
5200	祝詞	のりと	一般	113	False
5201	予算	よさん	一般	109	True
5201	八木	はちぼく	一般	None	True
5201	即刻	そっこく	副詞可能	91	False
5201	士長	しちょう	一般	104	True
5201	声色	こわいろ	一般	106	False
5201	投網	なげあみ	一般	117	False
5201	片側	かたがわ	一般	112	False
5201	聖火	せいか	一般	115	False
5201	腹筋	ふっきん	一般	93	False
5201	講師	こうし	一般	71	True
5202	一興	いっきょう	一般	101	True
5202	初孫	はつまご	一般	112	False
5202	当年	とうねん	副詞可能	115	True
5202	教委	きょうい	一般	108	True
5202	旧習	きゅうしゅう	一般	115	True
5202	条件	じょうけん	一般	86	True
5202	活性	かっせい	一般	101	False
5202	都民	とみん	一般	105	True
5203	信士	しんじ	一般	116	False
5203	大昔	おおむかし	副詞可能	104	False
5203	局員	きょくいん	一般	98	True
5203	平地	ひらち	一般	102	False
5203	心事	しんじ	一般	134	True
5203	心耳	しんじ	一般	115	True
5203	新字	しんじ	一般	118	True
5203	海鳥	うみどり	一般	105	False
5203	神璽	しんじ	一般	115	False
5203	芯地	しんじ	一般	115	True
5203	過程	かてい	一般	112	False
5204	万乗	ばんじょう	一般	105	True
5204	円満	えんまん	サ変接続	92	True
5204	教団	きょうだん	一般	111	True
5204	春風	しゅんぷう	一般	94	False
5204	毎秋	まいしゅう	副詞可能	91	True
5205	一場	いちじょう	一般	120	True
5205	二股	ふたまた	一般	112	False
5205	小物	こもの	一般	94	False
5205	悖理	はいり	一般	115	False
5205	立論	りつろん	サ変接続	107	True
5205	聖者	せいじゃ	一般	105	False
5205	背理	はいり	一般	115	False
5205	脱法	だつほう	一般	113	True
5205	華美	かび	形容動詞語幹	113	False
5206	上層	じょうそう	一般	111	True
5206	別棟	べっとう	一般	99	True
5206	博労	ばくろう	一般	115	False
5206	毎夜	まいよ	副詞可能	85	True
5206	皆様	みなさま	一般	None	False
5206	翌月	よくげつ	副詞可能	91	True
5206	至難	しなん	形容動詞語幹	113	False
5207	倍量	ばいりょう	副詞可能	91	True
5207	出欠	しゅっけつ	一般	115	False
5207	明方	あけがた	副詞可能	103	False
5207	私事	しじ	一般	108	True
5207	自主	じしゅ	一般	114	True
5208	主体	しゅたい	一般	113	True
5208	出缺	しゅっけつ	一般	115	False
5208	嗜眠	しみん	一般	115	False
5208	士民	しみん	一般	115	True
5208	夜中	やちゅう	一般	89	True
5208	大輪	たいりん	一般	115	True
5209	一策	いっさく	一般	105	True
5209	万朶	ばんだ	一般	105	False
5209	夜半	やはん	副詞可能	87	True
5209	無念	むねん	形容動詞語幹	92	True
5210	偽物	にせもの	一般	101	False
5210	妓生	こしょう	一般	81	False
5210	新家	しんや	一般	115	False
5210	瞋恚	しんに	一般	115	False
5210	軍団	ぐんだん	一般	96	True
5211	七堂	しちどう	一般	None	False
5211	主筆	しゅひつ	一般	105	True
5211	健児	けんじ	一般	117	False
5211	大屋	おおや	一般	112	False
5211	弱音	よわね	一般	122	False
5211	玉石	ぎょくせき	一般	103	True
5211	百合	ゆり	一般	108	False
5212	夕飯	ゆうはん	一般	82	False
5212	昨春	さくしゅん	副詞可能	91	True
5212	歯痛	しつう	一般	105	True
5212	秋涼	しゅうりょう	副詞可能	115	True
5212	薬代	くすりだい	一般	92	False
5212	道中	どうちゅう	副詞可能	69	True
5213	万丈	ばんじょう	一般	92	False
5213	三弦	さんげん	一般	0	True
5213	三絃	さんげん	一般	105	False
5213	例会	れいかい	一般	121	True
5213	幕内	まくうち	一般	113	False
5213	所信	しょしん	一般	115	True
5213	潔白	けっぱく	形容動詞語幹	113	False
5213	精霊	せいれい	一般	0	True
5213	絵画	かいが	一般	112	False
5214	今宵	こよい	副詞可能	104	False
5214	千尋	ちひろ	一般	128	False
5214	境内	けいだい	一般	103	False
5214	幾年	いくとせ	副詞可能	None	False
5214	旧時	きゅうじ	副詞可能	115	True
5214	足首	あしくび	一般	115	False
5214	適宜	てきぎ	形容動詞語幹	108	True
5214	適量	てきりょう	一般	115	True
5214	黒白	くろしろ	一般	105	False
5215	一世	いっせい	一般	135	True
5215	奥地	おくち	一般	114	False
5215	常時	じょうじ	副詞可能	135	False
5215	片時	かたとき	一般	110	False
5215	頑強	がんきょう	形容動詞語幹	121	False
5216	山下	やました	一般	140	False
5216	山手	やまて	一般	102	False
5216	早暁	そうぎょう	副詞可能	115	False
5216	昨冬	さくとう	副詞可能	91	True
5216	砂地	すなじ	一般	109	False
5216	秋日	しゅうじつ	一般	115	True
5216	若干	じゃっかん	副詞可能	91	False
5216	週日	しゅうじつ	一般	115	True
5217	先年	せんねん	副詞可能	91	True
5217	古墳	こふん	一般	115	True
5217	忠告	ちゅうこく	サ変接続	101	True
5217	拳闘	けんとう	一般	115	False
5217	楽界	がっかい	一般	116	False
5217	献灯	けんとう	一般	115	False
5217	賢答	けんとう	一般	115	True
5217	軒灯	けんとう	一般	115	True
5218	博徒	ばくと	一般	115	False
5218	卵酒	たまござけ	一般	120	False
5218	末日	まつじつ	一般	86	True
5218	来客	らいきゃく	一般	108	True
5218	爾後	じご	副詞可能	115	False
5218	瞬間	しゅんかん	副詞可能	91	False
5218	素地	そじ	一般	95	True
5219	先般	せんぱん	副詞可能	115	True
5219	共布	ともぎれ	一般	112	False
5219	微風	びふう	一般	111	True
5219	末弟	ばってい	一般	103	False
5219	生涯	しょうがい	副詞可能	83	False
5219	純金	じゅんきん	一般	113	False
5219	酔客	すいきゃく	一般	111	False
5219	野分	のわけ	一般	112	False
5220	三権	さんけん	一般	128	False
5220	人力	じんりき	一般	100	True
5220	今次	こんじ	副詞可能	114	True
5220	他面	ためん	副詞可能	115	True
5220	出処	しゅっしょ	一般	110	False
5220	去年	きょねん	副詞可能	73	True
5220	嫌気	いやけ	一般	92	False
5220	後後	あとあと	副詞可能	132	False
5220	性根	しょうこん	一般	101	True
5220	水辺	みずべ	一般	91	False
5220	舷側	げんそく	一般	133	True
5220	陸稲	おかぼ	一般	113	False
5221	三流	さんりゅう	一般	126	True
5221	世世	よよ	副詞可能	91	False
5221	今暁	こんぎょう	副詞可能	115	False
5221	今般	こんぱん	副詞可能	115	True
5221	他日	たじつ	副詞可能	115	True
5221	代代	だいだい	副詞可能	91	True
5221	余日	よじつ	副詞可能	115	True
5221	例日	れいじつ	副詞可能	115	True
5221	借家	しゃくや	一般	65	False
5221	元朝	がんちょう	副詞可能	120	True
5221	先刻	せんこく	副詞可能	114	True
5221	初度	しょど	副詞可能	115	True
5221	千歳	せんざい	一般	121	False
5221	半夜	はんや	副詞可能	115	True
5221	半時	はんとき	副詞可能	114	True
5221	半道	はんみち	副詞可能	103	False
5221	去春	きょしゅん	副詞可能	115	True
5221	去月	きょげつ	副詞可能	115	True
5221	去歳	きょさい	副詞可能	115	True
5221	地元	じもと	一般	84	False
5221	墓標	ぼひょう	一般	100	False
5221	夜分	やぶん	副詞可能	115	True
5221	夜前	やぜん	副詞可能	115	True
5221	夜夜	よよ	副詞可能	149	True
5221	夜毎	よごと	副詞可能	None	False
5221	大略	たいりゃく	副詞可能	116	True
5221	客月	かくげつ	副詞可能	115	True
5221	客歳	かくさい	副詞可能	115	True
5221	客臘	かくろう	副詞可能	115	False
5221	寒中	かんちゅう	副詞可能	115	True
5221	寒気	さむけ	一般	117	False
5221	寸分	すんぶん	副詞可能	115	True
5221	尽日	じんじつ	副詞可能	115	False
5221	居常	きょじょう	副詞可能	115	False
5221	屡次	るじ	副詞可能	115	False
5221	平生	へいぜい	副詞可能	115	False
5221	当月	とうげつ	副詞可能	115	True
5221	当歳	とうさい	副詞可能	115	True
5221	当節	とうせつ	副詞可能	115	True
5221	後月	あとげつ	副詞可能	115	False
5221	従来	じゅうらい	副詞可能	88	False
5221	所属	しょぞく	サ変接続	98	True
5221	払暁	ふつぎょう	副詞可能	115	False
5221	挙句	あげく	副詞可能	85	False
5221	揚句	あげく	副詞可能	85	False
5221	方今	ほうこん	副詞可能	110	True
5221	旋風	せんぷう	一般	101	False
5221	日毎	ひごと	副詞可能	204	False
5221	旦夕	たんせき	副詞可能	115	False
5221	旧年	きゅうねん	副詞可能	115	True
5221	旧臘	きゅうろう	副詞可能	115	False
5221	早秋	そうしゅう	副詞可能	115	True
5221	明年	みょうねん	副詞可能	115	True
5221	明晩	みょうばん	副詞可能	115	True
5221	明朝	みょうちょう	副詞可能	88	True
5221	昔時	せきじ	副詞可能	115	False
5221	昨夕	さくゆう	副詞可能	115	False
5221	昨月	さくげつ	副詞可能	None	True
5221	昨朝	さくちょう	副詞可能	115	True
5221	昼中	ひるなか	副詞可能	122	False
5221	時余	じよ	副詞可能	115	True
5221	晩冬	ばんとう	副詞可能	115	True
5221	晩方	ばんがた	副詞可能	115	False
5221	晩春	ばんしゅん	副詞可能	115	True
5221	晩節	ばんせつ	副詞可能	115	True
5221	暇暇	ひまひま	副詞可能	122	False
5221	暮方	くれがた	副詞可能	122	False
5221	月央	げつおう	副詞可能	115	True
5221	月旦	げったん	副詞可能	115	False
5221	月頃	つきごろ	副詞可能	127	False
5221	朝晩	あさばん	副詞可能	85	False
5221	末末	すえずえ	副詞可能	122	False
5221	末葉	まつよう	副詞可能	115	True
5221	朱色	しゅいろ	一般	114	False
5221	残滓	ざんし	一般	111	False
5221	毎号	まいごう	副詞可能	115	True
5221	毎夕	まいゆう	副詞可能	115	False
5221	毎度	まいど	副詞可能	115	True
5221	毎期	まいき	副詞可能	115	True
5221	毎次	まいじ	副詞可能	115	True
5221	毎食	まいしょく	副詞可能	115	True
5221	満目	まんもく	副詞可能	115	True
5221	満都	まんと	副詞可能	115	True
5221	独力	どくりょく	副詞可能	109	True
5221	玩具	おもちゃ	一般	107	False
5221	畢生	ひっせい	副詞可能	115	False
5221	白昼	はくちゅう	副詞可能	107	True
5221	目今	もっこん	副詞可能	115	False
5221	真昼	まひる	副詞可能	122	False
5221	童女	どうじょ	一般	115	False
5221	累次	るいじ	副詞可能	115	True
5221	終夜	しゅうや	副詞可能	115	True
5221	術後	じゅつご	副詞可能	90	True
5221	詠草	よみくさ	一般	117	False
5221	諸共	もろとも	副詞可能	122	False
5221	蹴鞠	けまり	一般	101	False
5221	近来	きんらい	副詞可能	115	True
5221	過日	かじつ	副詞可能	115	True
5221	鋭意	えいい	副詞可能	115	True
5221	長日	ちょうじつ	副詞可能	115	True
5221	門並	かどなみ	副詞可能	122	False
5221	間尺	ましゃく	一般	97	False
5221	陸路	りくろ	副詞可能	115	True
5221	隙隙	ひまひま	副詞可能	122	False
5221	頃日	けいじつ	副詞可能	115	False
5221	龍笛	りょうてき	一般	111	False
5222	一筆	ひとふで	一般	102	False
5222	丁丁	ちょうちょう	一般	122	True
5222	不意	ふい	形容動詞語幹	113	True
5222	他年	たねん	副詞可能	115	True
5222	元三	がんざん	副詞可能	115	False
5222	喋喋	ちょうちょう	一般	96	True
5222	大滝	おおたき	一般	None	False
5222	当世	とうせい	副詞可能	115	True
5222	御諚	ごじょう	一般	None	False
5222	曲芸	きょくげい	一般	106	True
5222	白星	しろぼし	一般	114	False
5222	蝶蝶	ちょうちょう	一般	121	True
5222	近時	きんじ	副詞可能	115	True
5222	邦人	ほうじん	一般	112	False
5223	刹那	せつな	副詞可能	91	False
5223	多年	たねん	副詞可能	115	True
5223	夜来	やらい	副詞可能	115	True
5223	屠場	とじょう	一般	115	False
5223	途次	とじ	副詞可能	115	True
5224	効果	こうか	一般	109	True
5224	地主	じぬし	一般	98	False
5224	後刻	ごこく	副詞可能	115	True
5224	新鋭	しんえい	形容動詞語幹	113	True
5224	方陣	ほうじん	一般	115	True
5224	駅名	えきめい	一般	97	True
5225	原子	げんし	一般	114	True
5225	夜目	よめ	一般	122	False
5225	揚地	ようち	一般	115	False
5225	横道	よこみち	一般	115	False
5225	行内	こうない	一般	115	True
5225	要地	ようち	一般	115	True
5226	世紀	せいき	一般	75	True
5226	同所	どうしょ	一般	120	True
5226	夜討	ようち	一般	122	False
5226	守旧	しゅきゅう	一般	112	True
5226	草木	くさき	一般	95	False
5227	率土	そっと	一般	115	False
5227	糖化	とうか	サ変接続	158	True
5228	別姓	べっせい	一般	107	True
5228	墓碑	ぼひ	一般	115	True
5228	流通	りゅうつう	サ変接続	75	True
5228	鍛冶	かじ	一般	100	False
5229	初審	しょしん	一般	115	False
5229	向後	こうご	副詞可能	113	True
5229	書信	しょしん	一般	115	True
5229	本年	ほんねん	副詞可能	93	True
5229	次代	じだい	一般	114	True
5229	酒税	しゅぜい	一般	112	True
5230	八紘	はっこう	一般	105	False
5230	流星	りゅうせい	一般	99	False
5231	塩尻	しおじり	一般	123	False
5231	大戦	たいせん	一般	127	True
5231	智識	ちしき	一般	115	False
5232	一聴	いっちょう	一般	105	False
5232	下流	かりゅう	一般	111	True
5232	国史	こくし	一般	134	True
5232	満場	まんじょう	副詞可能	115	True
5232	軍事	ぐんじ	一般	103	True
5232	顆粒	かりゅう	一般	115	False
5233	三味	しゃみ	一般	71	False
5233	団塊	だんかい	一般	115	False
5233	次男	じなん	一般	88	True
5233	筆者	ひっしゃ	一般	114	False
5234	下限	かげん	一般	115	True
5234	両翼	りょうよく	一般	115	True
5234	職人	しょくにん	一般	98	True
5234	薬湯	やくとう	一般	96	False
5234	金鉱	きんこう	一般	115	True
5235	初年	しょねん	副詞可能	116	True
5235	大将	たいしょう	一般	101	True
5235	武力	ぶりょく	一般	106	True
5235	無断	むだん	一般	114	True
5236	半額	はんがく	副詞可能	114	True
5236	四半	しはん	一般	43	True
5236	生体	せいたい	一般	115	True
5236	総裁	そうさい	一般	101	True
5236	防衛	ぼうえい	サ変接続	101	False
5236	馬喰	ばくろう	一般	115	False
5237	域外	いきがい	一般	106	True
5237	期日	きじつ	一般	107	True
5237	禍福	かふく	一般	115	False
5238	公安	こうあん	一般	106	True
5238	同店	どうてん	一般	89	True
5238	舌苔	ぜったい	一般	115	False
5238	金山	かなやま	一般	120	False
5239	検字	けんじ	一般	115	True
5239	炭鉱	たんこう	一般	115	False
5239	献辞	けんじ	一般	115	False
5240	暖海	だんかい	一般	115	True
5240	正規	せいき	形容動詞語幹	112	True
5241	三塁	さんるい	一般	112	True
5241	機敏	きびん	形容動詞語幹	121	False
5241	病後	びょうご	副詞可能	115	True
5241	真正	しんせい	形容動詞語幹	118	True
5242	大数	たいすう	副詞可能	115	True
5242	好適	こうてき	形容動詞語幹	119	True
5242	思潮	しちょう	一般	115	False
5242	支庁	しちょう	一般	115	True
5242	紙帳	しちょう	一般	115	True
5242	輜重	しちょう	一般	115	False
5242	馳走	ちそう	サ変接続	100	False
5243	同然	どうぜん	形容動詞語幹	113	True
5243	微傷	びしょう	一般	115	False
5243	懸命	けんめい	形容動詞語幹	121	False
5243	美称	びしょう	一般	115	True
5243	美粧	びしょう	一般	115	False
5243	隊商	たいしょう	一般	115	True
5244	予餞	よせん	一般	115	False
5244	俊敏	しゅんびん	形容動詞語幹	113	False
5244	医家	いか	一般	115	True
5244	如何	いか	一般	123	False
5244	敗者	はいしゃ	一般	115	True
5244	易化	いか	一般	None	True
5244	漁業	ぎょぎょう	一般	105	False
5244	烏賊	いか	一般	115	False
5245	医院	いいん	一般	111	True
5245	単向	たんこう	一般	None	False
5245	単項	たんこう	一般	115	False
5245	合体	がったい	サ変接続	131	True
5245	大柄	おおへい	形容動詞語幹	94	False
5245	大詔	たいしょう	一般	115	False
5245	対症	たいしょう	一般	115	True
5245	対称	たいしょう	一般	113	True
5245	店員	てんいん	一般	105	True
5245	探鉱	たんこう	一般	115	False
5245	炭坑	たんこう	一般	115	False
5245	炭砿	たんこう	一般	None	False
5245	炭素	たんそ	一般	108	False
5245	近郊	きんこう	一般	115	False
5245	鍛工	たんこう	一般	115	False
5246	仏経	ぶっきょう	一般	115	False
5246	旅先	たびさき	一般	120	False
5246	欣幸	きんこう	一般	115	False
5246	謹厚	きんこう	一般	115	False
5246	酸性	さんせい	一般	114	True
5246	金坑	きんこう	一般	115	False
5246	金工	きんこう	一般	115	True
5247	不信	ふしん	一般	115	True
5247	前妻	ぜんさい	一般	106	False
5247	剣道	けんどう	一般	113	True
5247	小社	しょうしゃ	一般	115	True
5248	伯父	おじ	一般	99	False
5248	各回	かくかい	一般	115	True
5248	各階	かくかい	一般	116	True
5248	回状	かいじょう	一般	115	True
5248	塊状	かいじょう	一般	115	False
5248	小父	おじ	一般	108	False
5248	廻状	かいじょう	一般	115	True
5248	戒杖	かいじょう	一般	115	False
5248	純乎	じゅんこ	一般	129	False
5248	醇乎	じゅんこ	一般	129	False
5248	階上	かいじょう	一般	102	True
5249	初回	しょかい	一般	114	True
5249	税金	ぜいきん	一般	81	True
5249	若手	わかて	一般	113	False
5249	豪放	ごうほう	形容動詞語幹	113	True
5251	少額	しょうがく	一般	115	True
5251	知命	ちめい	一般	115	False
5251	致命	ちめい	一般	115	False
5251	門戸	もんこ	一般	106	True
5252	三文	さんもん	一般	0	True
5252	極論	きょくろん	サ変接続	158	True
5252	製薬	せいやく	一般	100	True
5253	三門	さんもん	一般	None	True
5253	土木	どぼく	一般	84	True
5254	仕法	しほう	一般	115	False
5254	私法	しほう	一般	115	True
5254	至宝	しほう	一般	115	False
5254	荒野	あらの	一般	114	False
5254	道念	どうねん	一般	115	True
5255	三輪	さんりん	一般	None	True
5255	千載	せんざい	一般	111	False
5255	左様	さよう	形容動詞語幹	121	True
5255	暑気	しょき	一般	115	False
5255	木材	もくざい	一般	104	True
5255	然様	さよう	形容動詞語幹	121	False
5255	自大	じだい	一般	115	True
5256	中風	ちゅうぶ	一般	115	False
5256	地誌	ちし	一般	115	True
5256	智歯	ちし	一般	115	False
5256	知歯	ちし	一般	115	True
5256	米袋	こめぶくろ	一般	122	False
5256	置市	ちし	一般	None	True
5256	葉書	はがき	一般	106	False
5256	資産	しさん	一般	110	True
5257	一声	いっせい	一般	114	True
5257	豪雨	ごうう	一般	111	True
5257	随意	ずいい	形容動詞語幹	113	True
5258	小額	しょうがく	一般	113	True
5258	影響	えいきょう	サ変接続	101	False
5258	惨事	さんじ	一般	115	False
5258	有罪	ゆうざい	一般	115	True
5259	上着	うわぎ	一般	119	False
5259	中頃	なかごろ	副詞可能	104	False
5259	体外	たいがい	一般	115	True
5259	僧体	そうたい	一般	115	True
5259	後内	こうない	一般	153	True
5259	新刊	しんかん	一般	90	True
5259	末端	まったん	一般	104	False
5259	草体	そうたい	一般	115	True
5259	補作	ほさく	サ変接続	108	True
5259	酒量	しゅりょう	一般	115	True
5259	雨中	うちゅう	一般	91	True
5260	三角	みつかど	一般	56	False
5260	以西	いせい	一般	115	True
5260	四股	しこ	一般	105	True
5260	地上	ちじょう	一般	74	True
5260	改新	かいしん	サ変接続	101	True
5260	産児	さんじ	一般	115	True
5260	蚕児	さんじ	一般	115	False
5260	讚辞	さんじ	一般	115	False
5260	過般	かはん	副詞可能	115	False
5261	事大	じだい	一般	120	True
5261	悲歌	ひか	一般	115	False
5261	比価	ひか	一般	115	True
5261	犯罪	はんざい	一般	111	True
5261	直筆	ちょくひつ	サ変接続	98	True
5262	未来	みらい	一般	83	True
5262	黄禍	こうか	一般	115	False
5263	一女	いちじょ	一般	None	True
5263	上限	じょうげん	一般	107	True
5263	反日	はんにち	一般	115	True
5263	同港	どうこう	一般	111	True
5263	弘通	ぐずう	サ変接続	130	False
5263	木地	きじ	一般	118	False
5263	皮下	ひか	一般	115	False
5264	千仞	せんじん	一般	111	False
5264	根本	こんぽん	一般	90	False
5265	主将	しゅしょう	一般	114	True
5265	二院	にいん	一般	142	True
5265	古米	こまい	一般	112	True
5265	名所	めいしょ	一般	84	True
5265	砲火	ほうか	一般	114	True
5266	便所	べんじょ	一般	109	True
5266	回数	かいすう	一般	100	True
5266	夕日	ゆうひ	一般	121	False
5266	奨学	しょうがく	一般	115	False
5266	木像	もくぞう	一般	115	True
5266	正覚	しょうがく	一般	115	False
5266	用語	ようご	一般	85	True
5266	課長	かちょう	一般	118	True
5266	講座	こうざ	一般	114	True
5266	随時	ずいじ	副詞可能	91	True
5267	党首	とうしゅ	一般	123	True
5267	単価	たんか	一般	115	False
5268	体協	たいきょう	一般	93	True
5268	御覧	ごらん	動詞非自立的	91	True
5268	校歌	こうか	一般	115	True
5269	中称	ちゅうしょう	一般	115	True
5269	会長	かいちょう	一般	133	True
5269	光学	こうがく	一般	94	True
5269	内閣	ないかく	一般	86	False
5269	天心	てんしん	一般	115	True
5269	天真	てんしん	一般	115	True
5269	好学	こうがく	一般	115	True
5269	後学	こうがく	一般	127	True
5269	点心	てんしん	一般	115	True
5269	異色	いしょく	形容動詞語幹	120	True
5269	窓口	まどぐち	一般	120	False
5270	国道	こくどう	一般	75	True
5270	家内	かない	一般	78	True
5270	新橋	しんばし	一般	95	False
5270	武門	ぶもん	一般	115	True
5270	色紙	いろがみ	一般	100	False
5270	負債	ふさい	一般	115	True
5271	付注	ふちゅう	一般	115	True
5271	八丈	はちじょう	一般	None	False
5271	商学	しょうがく	一般	94	True
5271	国府	こくふ	一般	109	True
5271	坑内	こうない	一般	109	False
5271	堅甲	けんこう	一般	115	True
5271	検孔	けんこう	一般	None	False
5271	構内	こうない	一般	115	True
5271	権衡	けんこう	一般	115	False
5271	綱紀	こうき	一般	114	True
5271	軒昂	けんこう	一般	128	False
5271	附註	ふちゅう	一般	115	False
5272	公課	こうか	一般	115	True
5272	功科	こうか	一般	115	True
5272	功過	こうか	一般	115	True
5272	右目	みぎめ	一般	115	False
5272	工科	こうか	一般	115	True
5272	後架	こうか	一般	115	True
5272	戯夢	ぎむ	一般	115	False
5272	硬貨	こうか	一般	115	True
5272	鹿子	かのこ	一般	114	False
5273	割合	わりあい	一般	85	False
5273	哨舎	しょうしゃ	一般	115	False
5273	廠舎	しょうしゃ	一般	115	True
5273	新巻	あらまき	一般	110	False
5274	講堂	こうどう	一般	110	False
5274	醜業	しゅうぎょう	一般	115	False
5275	手腕	しゅわん	一般	115	True
5275	最期	さいご	副詞可能	91	False
5275	適例	てきれい	一般	115	True
5276	同村	どうそん	一般	111	True
5276	左官	さかん	一般	102	True
5276	無形	むけい	一般	115	True
5277	久寿	きゅうじゅ	一般	105	False
5277	商戦	しょうせん	一般	142	True
5277	濃度	のうど	一般	115	False
5277	神秘	しんぴ	形容動詞語幹	113	False
5277	私刑	しけい	一般	115	True
5277	紙型	しけい	一般	115	True
5277	詩型	しけい	一般	115	True
5277	詩形	しけい	一般	115	True
5278	以前	いぜん	副詞可能	91	True
5278	始球	しきゅう	一般	115	True
5278	密室	みっしつ	一般	115	False
5278	木綿	もめん	一般	78	False
5278	片方	かたほう	一般	74	False
5278	称号	しょうごう	一般	115	True
5278	終世	しゅうせい	副詞可能	115	True
5279	先晩	せんばん	副詞可能	115	True
5279	官庁	かんちょう	一般	80	True
5279	空軍	くうぐん	一般	115	True
5279	至急	しきゅう	一般	115	False
5280	上辺	うわべ	一般	93	False
5280	同好	どうこう	一般	115	True
5280	瞳孔	どうこう	一般	115	False
5280	銅鉱	どうこう	一般	115	True
5281	一辺	いっぺん	一般	None	False
5281	娼妓	しょうぎ	一般	115	False
5281	床几	しょうぎ	一般	115	False
5281	床机	しょうぎ	一般	115	False
5281	無菌	むきん	一般	114	True
5281	省議	しょうぎ	一般	115	True
5281	薬物	やくぶつ	一般	101	True
5281	象棋	しょうぎ	一般	None	False
5282	一得	いっとく	一般	105	True
5282	一議	いちぎ	一般	105	True
5282	公海	こうかい	一般	111	True
5282	初等	しょとう	一般	99	True
5282	市上	しじょう	一般	121	True
5282	無茶	むちゃ	サ変接続	109	True
5282	版画	はんが	一般	112	True
5282	結締	けってい	一般	115	False
5282	蔗糖	しょとう	一般	115	False
5282	行先	ゆくさき	副詞可能	123	False
5283	句風	くふう	一般	115	True
5283	対岸	たいがん	一般	104	True
5285	人権	じんけん	一般	88	False
5285	器具	きぐ	一般	112	True
5285	市外	しがい	一般	234	True
5285	良心	りょうしん	一般	114	True
5286	中隊	ちゅうたい	一般	106	True
5286	副賞	ふくしょう	一般	110	True
5286	器質	きしつ	一般	115	True
5286	基質	きしつ	一般	115	True
5286	正統	せいとう	一般	113	True
5286	精糖	せいとう	一般	115	True
5286	紐帯	ちゅうたい	一般	115	False
5286	青鞜	せいとう	一般	115	False
5287	二型	にがた	一般	None	False
5287	広大	こうだい	形容動詞語幹	121	True
5287	評判	ひょうばん	一般	115	True
5288	木曜	もくよう	副詞可能	91	True
5288	標準	ひょうじゅん	一般	114	False
5288	親仁	おやじ	一般	117	False
5288	親爺	おやじ	一般	117	False
5289	丹花	たんか	一般	115	False
5289	啖呵	たんか	一般	113	False
5289	宏大	こうだい	形容動詞語幹	121	False
5289	担架	たんか	一般	115	True
5289	炭価	たんか	一般	115	False
5289	西岸	せいがん	一般	101	True
5289	譚歌	たんか	一般	115	False
5289	高大	こうだい	形容動詞語幹	117	True
5290	人徳	にんとく	一般	115	True
5290	今日	こんにち	副詞可能	64	True
5290	千種	ちくさ	一般	113	False
5291	医籍	いせき	一般	115	True
5291	市庁	しちょう	一般	130	True
5291	病者	びょうしゃ	一般	104	True
5291	苦味	にがみ	一般	112	False
5291	証券	しょうけん	一般	114	True
5292	一束	いっそく	一般	None	True
5292	偉績	いせき	一般	None	False
5292	先度	せんど	副詞可能	117	True
5292	先程	さきほど	副詞可能	104	False
5292	忠臣	ちゅうしん	一般	115	True
5292	洋風	ようふう	形容動詞語幹	115	True
5292	遺蹟	いせき	一般	115	False
5293	四面	しめん	一般	85	True
5293	市道	しどう	一般	79	True
5293	無数	むすう	形容動詞語幹	97	True
5293	紀年	きねん	一般	115	True
5293	重度	じゅうど	形容動詞語幹	113	True
5294	千言	せんげん	一般	None	True
5294	団地	だんち	一般	115	True
5295	下町	したまち	一般	89	False
5296	事務	じむ	一般	83	True
5296	八重	やえ	一般	89	False
5296	極右	きょくう	一般	114	True
5296	艦隊	かんたい	一般	79	True
5297	万人	ばんにん	一般	104	True
5297	上段	じょうだん	一般	103	True
5297	健脚	けんきゃく	形容動詞語幹	115	False
5297	弾性	だんせい	一般	109	True
5297	男声	だんせい	一般	114	True
5298	全額	ぜんがく	一般	87	False
5298	品番	ひんばん	一般	93	True
5298	賀詞	がし	一般	115	True
5298	道筋	みちすじ	一般	123	False
5299	一文	いちもん	一般	0	True
5299	上意	じょうい	一般	115	True
5299	主力	しゅりょく	一般	112	True
5299	大艦	だいかん	一般	129	True
5299	情意	じょうい	一般	115	True
5299	攘夷	じょうい	一般	115	False
5299	闘魂	とうこん	一般	115	False
5300	水深	すいしん	一般	115	True
5300	清涼	せいりょう	形容動詞語幹	110	True
5301	内訳	うちわけ	一般	104	False
5301	県道	けんどう	一般	83	True
5301	都会	とかい	一般	66	True
5301	青果	せいか	一般	115	True
5302	党略	とうりゃく	一般	113	True
5302	守将	しゅしょう	一般	115	True
5302	拠点	きょてん	一般	115	False
5302	短大	たんだい	一般	94	True
5302	終生	しゅうせい	副詞可能	115	True
5302	金網	かなあみ	一般	120	False
5302	雨下	うか	副詞可能	101	True
5303	一路	いちろ	一般	82	True
5303	名子	なご	一般	122	False
5303	栄光	えいこう	一般	115	True
5303	構文	こうぶん	一般	115	True
5303	砂層	さそう	一般	115	False
5304	一代	いちだい	一般	116	True
5304	初任	しょにん	一般	115	True
5304	小口	こぐち	形容動詞語幹	73	False
5304	聖歌	せいか	一般	114	False
5305	一声	ひとこえ	一般	114	False
5305	器機	きき	一般	113	True
5305	大火	たいか	一般	113	True
5305	嬉嬉	きき	一般	129	False
5305	忌諱	きき	一般	101	False
5305	既記	きき	一般	115	False
5305	毀棄	きき	一般	115	False
5305	真個	しんこ	副詞可能	0	True
5305	自宅	じたく	一般	110	True
5305	船渠	せんきょ	一般	115	False
5305	難色	なんしょく	一般	113	True
5305	首将	しゅしょう	一般	115	True
5305	鬼気	きき	一般	115	False
5306	創憲	そうけん	一般	115	False
5306	創見	そうけん	一般	101	False
5306	双肩	そうけん	一般	115	False
5306	幾多	いくた	一般	104	True
5306	後者	こうしゃ	一般	110	True
5306	水曜	すいよう	副詞可能	91	True
5307	圧力	あつりょく	一般	108	True
5307	成果	せいか	一般	114	True
5307	旅費	りょひ	一般	114	True
5307	物心	ぶっしん	一般	105	False
5307	随分	ずいぶん	形容動詞語幹	101	True
5308	打席	だせき	一般	113	True
5308	満杯	まんぱい	形容動詞語幹	115	False
5309	刑事	けいじ	一般	86	True
5309	清貧	せいひん	一般	115	True
5309	赤字	あかじ	一般	86	False
5309	頽唐	たいとう	一般	115	False
5309	駘蕩	たいとう	一般	129	False
5310	城塞	じょうさい	一般	115	False
5310	定斎	じょうさい	一般	115	False
5310	等級	とうきゅう	一般	109	True
5311	典型	てんけい	一般	112	True
5311	半面	はんめん	一般	114	True
5311	本物	ほんもの	一般	106	False
5312	一席	いっせき	一般	104	True
5312	光輝	こうき	一般	113	False
5312	公器	こうき	一般	115	True
5312	口器	こうき	一般	115	True
5312	口気	こうき	一般	115	True
5312	好季	こうき	一般	None	True
5312	工期	こうき	一般	115	True
5312	広軌	こうき	一般	115	False
5312	校旗	こうき	一般	115	True
5312	校紀	こうき	一般	115	True
5312	校規	こうき	一般	115	True
5312	皇紀	こうき	一般	115	True
5312	米穀	べいこく	一般	115	False
5312	香気	こうき	一般	115	True
5313	一品	いっぴん	一般	174	True
5313	分館	ぶんかん	一般	113	True
5313	書牘	しょとく	一般	115	False
5313	牧師	ぼくし	一般	114	False
5314	初恋	はつこい	一般	117	False
5314	女史	じょし	一般	113	True
5314	死骸	しがい	一般	115	False
5315	危機	きき	一般	113	False
5315	屍骸	しがい	一般	115	False
5315	府会	ふかい	一般	100	True
5315	曲目	きょくもく	一般	169	True
5315	環境	かんきょう	一般	107	True
5316	両氏	りょうし	一般	114	True
5316	全力	ぜんりょく	一般	115	False
5316	内心	ないしん	副詞可能	91	True
5316	宮家	みやけ	一般	111	False
5316	昨晩	さくばん	副詞可能	115	True
5316	河岸	かわぎし	一般	104	False
5316	津波	つなみ	一般	107	False
5316	考課	こうか	一般	115	True
5317	声価	せいか	一般	115	True
5317	放題	ほうだい	形容動詞語幹	115	True
5317	旧冬	きゅうとう	副詞可能	115	True
5317	正価	せいか	一般	115	True
5317	正課	せいか	一般	115	True
5317	正貨	せいか	一般	115	True
5317	生花	せいか	一般	115	True
5317	盛夏	せいか	一般	115	False
5317	矯飾	きょうしょく	一般	101	False
5317	製靴	せいか	一般	115	False
5317	請暇	せいか	一般	115	False
5317	鏡銅	きょうどう	一般	115	True
5317	風味	ふうみ	一般	111	True
5318	威令	いれい	一般	115	True
5318	正木	まさき	一般	124	False
5318	違例	いれい	一般	115	True
5318	露地	ろじ	一般	110	True
5319	伝説	でんせつ	一般	115	True
5319	撞木	しゅもく	一般	109	False
5319	有印	ゆういん	一般	115	True
5319	本初	ほんしょ	副詞可能	115	True
5319	潮流	ちょうりゅう	一般	115	False
5319	要旨	ようし	一般	115	False
5319	酒席	しゅせき	一般	115	True
5320	幕末	ばくまつ	一般	111	False
5320	最良	さいりょう	形容動詞語幹	115	True
5321	全線	ぜんせん	一般	89	False
5321	専制	せんせい	一般	115	False
5321	穿井	せんせい	一般	115	False
5322	原型	げんけい	一般	112	True
5322	見立	みたて	一般	121	False
5322	麻薬	まやく	一般	115	False
5323	七草	ななくさ	一般	113	False
5323	五指	ごし	一般	105	True
5323	当期	とうき	副詞可能	115	True
5323	格別	かくべつ	形容動詞語幹	112	True
5323	王様	おうさま	一般	199	False
5323	精華	せいか	一般	122	False
5323	製菓	せいか	一般	115	False
5324	反核	はんかく	一般	114	True
5324	均等	きんとう	形容動詞語幹	112	False
5324	自己	じこ	一般	115	False
5324	課目	かもく	一般	112	True
5325	一事	いちじ	一般	106	True
5325	一昔	ひとむかし	一般	112	False
5325	前列	ぜんれつ	一般	113	True
5325	号砲	ごうほう	一般	115	True
5325	我家	わがや	一般	112	False
5325	林野	りんや	一般	115	True
5325	火難	かなん	一般	115	True
5325	玄孫	げんそん	一般	115	False
5325	首席	しゅせき	一般	115	True
5326	品位	ひんい	一般	114	True
5326	度胸	どきょう	一般	115	False
5326	神道	しんとう	一般	109	True
5326	首位	しゅい	一般	105	True
5327	妻妾	さいしょう	一般	115	False
5327	宰相	さいしょう	一般	115	False
5327	式典	しきてん	一般	115	True
5327	憂世	うきよ	一般	122	False
5327	最少	さいしょう	一般	115	True
5327	漢方	かんぽう	一般	111	False
5327	産科	さんか	一般	109	True
5327	細小	さいしょう	一般	None	False
5327	角灯	かくとう	一般	115	True
5328	一毫	いちごう	一般	105	False
5328	島内	とうない	一般	116	True
5328	衣料	いりょう	一般	114	True
5328	遠景	えんけい	一般	115	False
5329	楽長	がくちょう	一般	115	False
5329	糧食	りょうしょく	一般	113	False
5329	課題	かだい	一般	96	True
5329	都立	とりつ	一般	113	True
5330	主役	しゅやく	一般	115	True
5330	和食	わしょく	一般	113	True
5330	少女	しょうじょ	一般	73	True
5330	情勢	じょうせい	一般	99	True
5330	時事	じじ	一般	113	True
5330	温厚	おんこう	形容動詞語幹	113	False
5330	漁船	ぎょせん	一般	114	False
5330	無煙	むえん	一般	115	False
5330	理想	りそう	一般	96	True
5330	逸失	いっしつ	一般	115	True
5331	六部	ろくぶ	一般	None	True
5331	正負	せいふ	一般	115	True
5331	痴呆	ちほう	一般	115	False
5331	禁裏	きんり	一般	115	True
5331	禁裡	きんり	一般	115	False
5331	良辰	りょうしん	一般	115	False
5331	計時	けいじ	一般	115	True
5331	風上	かざかみ	一般	111	False
5332	故人	こじん	一般	115	True
5332	歌集	かしゅう	一般	105	True
5332	父親	ちちおや	一般	66	False
5332	現役	げんえき	一般	110	True
5332	生来	せいらい	副詞可能	87	True
5333	史観	しかん	一般	114	True
5333	同町	どうちょう	一般	102	True
5333	大筋	おおすじ	一般	120	False
5333	手跡	しゅせき	一般	115	True
5333	手蹟	しゅせき	一般	115	False
5334	一雨	ひとあめ	一般	112	False
5334	先輩	せんぱい	一般	105	False
5334	同派	どうは	一般	95	True
5334	柳箸	やなぎばし	一般	122	False
5334	水系	すいけい	一般	100	True
5334	私服	しふく	一般	115	True
5334	細大	さいだい	一般	115	False
5334	零細	れいさい	形容動詞語幹	121	False
5335	乳状	にゅうじょう	一般	115	True
5335	同大	どうだい	一般	118	True
5335	後天	こうてん	一般	119	True
5335	波布	はぶ	一般	115	False
5335	車両	しゃりょう	一般	109	True
5336	一時	いっとき	一般	50	True
5336	主夫	しゅふ	一般	115	False
5336	事典	じてん	一般	113	True
5336	席上	せきじょう	副詞可能	91	True
5336	文明	ぶんめい	一般	92	True
5336	総督	そうとく	一般	115	True
5336	自助	じじょ	一般	114	True
5336	首府	しゅふ	一般	115	True
5337	債権	さいけん	一般	113	False
5337	回路	かいろ	一般	113	True
5337	塩分	えんぶん	一般	98	True
5337	工芸	こうげい	一般	111	True
5337	近頃	ちかごろ	副詞可能	104	False
5337	頭首	とうしゅ	一般	115	True
5338	巻末	かんまつ	一般	101	True
5339	基準	きじゅん	一般	114	True
5339	水中	すいちゅう	一般	92	True
5339	経費	けいひ	一般	108	True
5339	郎等	ろうどう	一般	115	False
5340	原案	げんあん	一般	111	True
5340	原油	げんゆ	一般	115	True
5340	寒風	かんぷう	一般	95	False
5340	御幸	みゆき	一般	103	False
5340	民兵	みんぺい	一般	111	False
5340	深雪	みゆき	一般	127	False
5340	社寺	しゃじ	一般	80	True
5340	給料	きゅうりょう	一般	115	True
5340	総数	そうすう	一般	100	True
5340	街頭	がいとう	一般	115	True
5340	陣内	じんない	一般	166	True
5341	七道	しちどう	一般	None	True
5341	国王	こくおう	一般	103	True
5341	新居	しんきょ	一般	101	True
5341	種子	しゅし	一般	111	True
5342	侍女	じじょ	一般	115	False
5342	児女	じじょ	一般	115	True
5342	割増	わりまし	一般	132	False
5342	古人	こじん	一般	115	True
5342	台風	たいふう	一般	105	False
5342	次女	じじょ	一般	109	True
5342	次序	じじょ	一般	115	True
5342	爾汝	じじょ	一般	115	False
5342	自序	じじょ	一般	115	True
5342	階段	かいだん	一般	115	True
5343	性格	せいかく	一般	107	True
5343	盲目	もうもく	一般	0	False
5344	不撓	ふとう	一般	115	False
5344	官製	かんせい	一般	109	True
5344	幼時	ようじ	副詞可能	115	True
5344	現象	げんしょう	一般	107	False
5345	左上	ひだりうえ	一般	117	False
5345	左翼	さよく	一般	104	True
5345	昨秋	さくしゅう	副詞可能	91	True
5345	暗然	あんぜん	一般	129	True
5345	男子	だんし	一般	85	True
5345	黯然	あんぜん	一般	129	False
5346	下弦	かげん	一般	115	True
5346	嘉言	かげん	一般	115	False
5346	寡言	かげん	一般	115	False
5346	対案	たいあん	一般	113	True
5346	序盤	じょばん	一般	115	True
5346	方方	かたがた	一般	105	False
5346	木場	きば	一般	112	False
5346	毎戸	まいこ	一般	115	True
5346	神像	しんぞう	一般	115	True
5347	一巻	いっかん	一般	89	True
5347	仏式	ぶっしき	一般	114	False
5347	係長	かかりちょう	一般	186	False
5347	杉原	すぎはら	一般	134	False
5348	兎唇	いぐち	一般	115	False
5348	校舎	こうしゃ	一般	115	True
5348	業種	ぎょうしゅ	一般	99	True
5348	欠唇	いぐち	一般	122	False
5348	正賓	せいひん	一般	115	False
5349	上布	じょうふ	一般	115	False
5349	制憲	せいけん	一般	115	False
5349	参加	さんか	サ変接続	99	True
5349	市井	しせい	一般	111	True
5349	徒士	かち	一般	125	False
5349	神明	しんめい	一般	109	True
5349	舞踊	ぶよう	一般	115	False
5350	政見	せいけん	一般	115	True
5350	温泉	おんせん	一般	54	False
5350	生繭	せいけん	一般	115	False
5350	粗悪	そあく	形容動詞語幹	121	True
5350	終着	しゅうちゃく	一般	109	True
5350	聖賢	せいけん	一般	115	False
5351	値域	ちいき	一般	115	True
5351	名人	めいじん	一般	99	True
5351	島嶼	とうしょ	一般	109	False
5351	市警	しけい	一般	128	True
5351	当所	とうしょ	一般	None	True
5351	番線	ばんせん	一般	115	True
5351	白魚	しらうお	一般	122	False
5351	砂糖	さとう	一般	103	False
5351	蜘蛛	くも	一般	113	False
5351	豆腐	とうふ	一般	110	False
5352	奏者	そうしゃ	一般	112	True
5352	好捕	こうほ	一般	115	False
5352	支部	しぶ	一般	113	True
5352	漢字	かんじ	一般	95	False
5352	白人	はくじん	一般	107	True
5352	車中	しゃちゅう	副詞可能	91	True
5352	農業	のうぎょう	一般	95	True
5352	開教	かいきょう	一般	115	True
5352	陽性	ようせい	一般	112	True
5353	三葉	みつば	一般	112	False
5353	外的	がいてき	形容動詞語幹	122	True
5353	大玉	おおだま	一般	107	False
5353	難場	なんば	一般	115	False
5353	高利	こうり	一般	115	True
5354	国定	こくてい	一般	85	True
5354	大廈	たいか	一般	115	False
5354	大過	たいか	一般	115	True
5354	対価	たいか	一般	115	True
5354	戒壇	かいだん	一般	115	True
5354	礼拝	らいはい	サ変接続	82	False
5354	耐火	たいか	一般	115	True
5355	両度	りょうど	副詞可能	115	True
5355	二塁	にるい	一般	99	True
5355	日計	にっけい	一般	115	False
5355	昨週	さくしゅう	副詞可能	None	True
5355	樹脂	じゅし	一般	115	False
5355	留学	りゅうがく	サ変接続	93	False
5355	砂山	すなやま	一般	128	False
5355	細腰	さいよう	一般	115	False
5355	肉桂	にっけい	一般	119	False
5355	脚韻	きゃくいん	一般	115	True
5355	首領	しゅりょう	一般	115	False
5356	位置	いち	サ変接続	95	True
5356	心臓	しんぞう	一般	115	False
5356	痛痒	つうよう	一般	115	False
5356	見聞	けんもん	サ変接続	86	True
5357	即時	そくじ	一般	91	True
5357	司法	しほう	一般	92	False
5357	課員	かいん	一般	148	True
5357	金曜	きんよう	副詞可能	91	True
5358	家屋	かおく	一般	84	True
5358	山田	やまだ	一般	134	False
5358	心像	しんぞう	一般	115	True
5358	有功	ゆうこう	一般	115	True
5358	有向	ゆうこう	一般	115	True
5358	片目	かため	一般	122	False
5358	祝着	しゅうちゃく	一般	115	False
5358	遊行	ゆうこう	一般	101	True
5358	錐面	すいめん	一般	115	False
5359	会報	かいほう	一般	111	True
5359	希少	きしょう	形容動詞語幹	121	True
5359	序言	じょげん	一般	115	True
5359	形影	けいえい	一般	115	False
5359	慶事	けいじ	一般	115	True
5359	継泳	けいえい	一般	115	False
5360	功利	こうり	一般	115	True
5360	学課	がっか	一般	115	True
5360	新著	しんちょ	一般	115	True
5360	本四	ほんし	一般	113	True
5360	本志	ほんし	一般	115	True
5360	本旨	ほんし	一般	115	False
5360	本誌	ほんし	一般	111	True
5360	花火	はなび	一般	106	False
5360	髪型	かみがた	一般	101	False
5361	公吏	こうり	一般	115	False
5361	公理	こうり	一般	115	True
5361	口座	こうざ	一般	108	True
5361	大形	おおがた	一般	111	False
5361	権限	けんげん	一般	106	False
5361	洒落	しゃらく	形容動詞語幹	120	False
5361	留置	りゅうち	サ変接続	111	False
5361	略式	りゃくしき	形容動詞語幹	115	True
5361	行李	こうり	一般	103	False
5361	裏目	うらめ	一般	120	False
5362	一花	ひとはな	一般	112	False
5362	各項	かくこう	一般	120	True
5362	回報	かいほう	一般	115	True
5362	大盗	たいとう	一般	118	True
5362	廻報	かいほう	一般	115	True
5362	快報	かいほう	一般	115	False
5362	快方	かいほう	一般	114	False
5362	解法	かいほう	一般	115	True
5363	忌諱	きい	一般	101	False
5363	細菌	さいきん	一般	115	False
5363	貴意	きい	一般	115	True
5363	関脇	せきわけ	一般	115	False
5364	佝僂	くる	一般	115	False
5364	小舟	こぶね	一般	97	False
5364	植木	うえき	一般	76	False
5364	消極	しょうきょく	一般	110	True
5364	淫奔	いんぽん	形容動詞語幹	113	False
5364	皮革	ひかく	一般	115	False
5364	真実	しんじつ	一般	93	True
5364	系図	けいず	一般	114	True
5364	細瑾	さいきん	一般	115	False
5364	脚本	きゃくほん	一般	111	True
5364	英字	えいじ	一般	104	True
5365	人手	ひとで	一般	108	False
5365	奇童	きどう	一般	115	False
5365	奇道	きどう	一般	115	True
5365	正月	しょうがつ	一般	106	True
5365	気道	きどう	一般	111	True
5365	繋辞	けいじ	一般	115	True
5365	芳香	ほうこう	一般	114	False
5365	軌道	きどう	一般	77	False
5366	不全	ふぜん	形容動詞語幹	101	False
5366	冠状	かんじょう	一般	115	True
5366	十字	じゅうじ	一般	74	True
5366	同博	どうはく	一般	118	True
5366	宗派	しゅうは	一般	115	True
5366	干城	かんじょう	一般	115	False
5366	感状	かんじょう	一般	115	True
5366	月曜	げつよう	副詞可能	67	True
5366	木戸	きど	一般	111	False
5366	環状	かんじょう	一般	115	True
5366	管状	かんじょう	一般	115	True
5366	艦上	かんじょう	一般	110	True
5366	表情	ひょうじょう	一般	111	True
5366	輝度	きど	一般	115	False
5367	世事	せじ	一般	115	True
5367	患部	かんぶ	一般	115	False
5367	次長	じちょう	一般	60	True
5367	素材	そざい	一般	94	True
5368	喜怒	きど	一般	169	False
5368	宝物	ほうもつ	一般	114	False
5369	一首	いっしゅ	副詞可能	None	True
5369	偽札	にせさつ	一般	115	False
5369	市町	しちょう	一般	152	True
5369	政界	せいかい	一般	111	True
5370	下味	したあじ	一般	121	False
5370	伝統	でんとう	一般	114	True
5370	冷戦	れいせん	一般	113	True
5370	初球	しょきゅう	一般	115	True
5370	年齢	ねんれい	一般	77	True
5370	床下	ゆかした	一般	109	False
5370	角力	すもう	一般	101	False
5371	千切	ちぎり	一般	120	False
5371	台本	だいほん	一般	98	True
5371	憂色	ゆうしょく	一般	115	False
5371	数次	すうじ	一般	102	True
5371	有色	ゆうしょく	一般	115	True
5371	無線	むせん	一般	82	True
5371	砕身	さいしん	一般	101	False
5372	区域	くいき	一般	89	True
5372	名簿	めいぼ	一般	114	True
5372	心頭	しんとう	一般	115	True
5372	新刀	しんとう	一般	115	True
5372	無援	むえん	一般	115	True
5372	無鉛	むえん	一般	115	False
5372	神灯	しんとう	一般	115	True
5372	親等	しんとう	一般	144	True
5373	一手	いって	一般	90	False
5373	場面	ばめん	一般	85	False
5373	大差	たいさ	一般	85	True
5373	店頭	てんとう	一般	113	True
5373	所所	ところどころ	副詞可能	97	False
5373	手法	しゅほう	一般	90	True
5373	火山	かざん	一般	103	True
5373	生保	せいほ	一般	112	True
5373	若草	わかくさ	一般	107	False
5373	頭角	とうかく	一般	115	True
5374	婦長	ふちょう	一般	114	True
5374	控室	ひかえしつ	一般	115	False
5374	講社	こうしゃ	一般	115	True
5375	友達	ともだち	一般	107	False
5375	家格	かかく	一般	115	True
5375	居室	きょしつ	一般	115	True
5375	本石	ほんごく	一般	None	False
5375	直中	ただなか	一般	121	False
5375	華客	かかく	一般	116	False
5375	補選	ほせん	一般	113	True
5375	覇者	はしゃ	一般	114	True
5375	過客	かかく	一般	115	True
5376	一隻	いっせき	一般	None	True
5376	土産	みやげ	一般	91	False
5377	何頭	なんとう	一般	None	False
5377	同小	どうしょう	一般	131	True
5377	好意	こうい	一般	114	True
5377	念念	ねんねん	一般	115	True
5377	救世	きゅうせい	一般	108	False
5377	正堂	せいどう	一般	115	False
5377	継投	けいとう	一般	114	True
5377	蛇性	じゃしょう	一般	115	True
5377	親族	しんぞく	一般	114	True
5377	軟投	なんとう	一般	115	False
5378	国体	こくたい	一般	114	True
5378	書物	しょもつ	一般	108	True
5378	重点	じゅうてん	一般	100	True
5378	錦旗	きんき	一般	115	False
5378	霊水	れいすい	一般	115	True
5379	刃物	はもの	一般	122	False
5379	原器	げんき	一般	115	True
5379	大工	だいく	一般	121	False
5379	新宮	しんぐう	一般	130	True
5379	点前	てまえ	一般	102	False
5379	省線	しょうせん	一般	115	True
5379	良禽	りょうきん	一般	None	False
5379	衒気	げんき	一般	115	False
5379	返歌	へんか	一般	115	True
5379	間接	かんせつ	一般	114	True
5380	公舎	こうしゃ	一般	115	True
5380	千千	ちじ	一般	117	False
5380	参道	さんどう	一般	114	True
5380	右足	みぎあし	一般	117	False
5380	日課	にっか	一般	114	False
5380	監事	かんじ	一般	115	True
5380	英雄	えいゆう	一般	114	True
5380	莞爾	かんじ	一般	129	False
5380	青雲	せいうん	一般	103	True
5380	高射	こうしゃ	一般	115	True
5381	弁護	べんご	サ変接続	101	True
5381	政道	せいどう	一般	115	True
5381	新秋	しんしゅう	一般	115	True
5381	正道	せいどう	一般	117	True
5381	神州	しんしゅう	一般	115	True
5381	精銅	せいどう	一般	115	True
5381	聖堂	せいどう	一般	102	False
5382	叛意	はんい	一般	115	False
5382	各館	かくかん	一般	115	True
5382	同夕	どうゆう	一般	115	False
5382	同妃	どうひ	一般	114	True
5382	子房	しぼう	一般	115	True
5382	日記	にっき	一般	103	False
5382	犯意	はんい	一般	115	True
5382	総花	そうか	一般	115	True
5383	分権	ぶんけん	一般	111	False
5383	未婚	みこん	一般	104	True
5383	石神	いしがみ	一般	115	False
5383	身元	みもと	一般	116	False
5384	孤島	ことう	一般	112	True
5384	年歯	ねんし	一般	115	True
5384	旧暦	きゅうれき	一般	114	True
5384	水準	すいじゅん	一般	98	True
5384	源泉	げんせん	一般	115	False
5384	真相	しんそう	一般	115	True
5384	脂肪	しぼう	一般	115	False
5385	中段	ちゅうだん	一般	115	True
5385	野党	やとう	一般	112	True
5385	高原	こうげん	一般	108	True
5386	四諦	したい	一般	None	False
5386	小品	しょうひん	一般	115	True
5386	幅広	はばひろ	形容動詞語幹	149	False
5386	本城	ほんじょう	一般	115	True
5386	本状	ほんじょう	一般	None	True
5386	白皙	はくせき	一般	115	False
5386	行事	ぎょうじ	一般	112	True
5387	基盤	きばん	一般	115	True
5387	学資	がくし	一般	115	True
5387	彼氏	かれし	一般	108	False
5387	楽士	がくし	一般	116	False
5387	楽師	がくし	一般	120	False
5387	正念	しょうねん	一般	115	True
5387	童話	どうわ	一般	115	False
5387	頭韻	とういん	一般	115	True
5388	名義	めいぎ	一般	115	True
5388	治験	ちけん	一般	115	True
5388	産制	さんせい	一般	None	True
5388	行来	いきき	一般	None	False
5389	名曲	めいきょく	一般	102	True
5389	屋内	おくない	一般	107	True
5389	後生	ごしょう	一般	115	True
5389	扶桑	ふそう	一般	92	False
5389	朝市	あさいち	一般	108	False
5389	本選	ほんせん	一般	113	True
5389	水分	すいぶん	一般	109	True
5389	首題	しゅだい	一般	115	True
5390	上人	しょうにん	一般	115	False
5390	共和	きょうわ	一般	68	True
5390	内実	ないじつ	副詞可能	116	True
5390	動機	どうき	一般	135	True
5390	歌人	かじん	一般	88	True
5390	火口	かこう	一般	82	True
5390	甘苦	かんく	一般	115	True
5390	艱苦	かんく	一般	115	False
5391	奥秘	おうひ	一般	115	False
5391	痴態	ちたい	一般	115	False
5392	上白	じょうはく	一般	129	True
5392	小石	こいし	一般	111	False
5393	唐音	とういん	一般	115	False
5393	客室	きゃくしつ	一般	98	True
5393	当夜	とうや	副詞可能	126	True
5393	欲望	よくぼう	一般	115	False
5393	自我	じが	一般	115	True
5393	魚類	ぎょるい	一般	114	True
5394	下手	したて	形容動詞語幹	94	False
5394	営養	えいよう	一般	115	False
5394	帰路	きろ	副詞可能	115	True
5394	恒例	こうれい	一般	115	False
5394	栄耀	えいよう	一般	115	False
5394	歴博	れきはく	一般	115	True
5394	私設	しせつ	一般	115	True
5394	職印	しょくいん	一般	115	True
5395	体質	たいしつ	一般	111	True
5395	助詞	じょし	一般	110	True
5395	早春	そうしゅん	副詞可能	115	True
5395	楽曲	がっきょく	一般	109	False
5395	過去	かこ	副詞可能	91	True
5396	個室	こしつ	一般	115	True
5396	動員	どういん	サ変接続	100	True
5396	政体	せいたい	一般	115	True
5396	様式	ようしき	一般	106	True
5396	短調	たんちょう	一般	115	True
5396	電線	でんせん	一般	113	True
5397	古都	こと	一般	91	True
5397	和姦	わかん	一般	115	True
5397	固目	かため	一般	122	False
5397	声帯	せいたい	一般	115	True
5397	宝祚	ほうそ	一般	115	False
5397	成体	せいたい	一般	115	True
5397	棋風	きふう	一般	115	False
5397	構図	こうず	一般	115	True
5397	死生	しせい	一般	111	True
5397	硼素	ほうそ	一般	115	False
5397	聖体	せいたい	一般	115	False
5397	衛星	えいせい	一般	114	False
5397	間際	まぎわ	一般	113	False
5397	難民	なんみん	一般	105	True
5397	電信	でんしん	一般	115	True
5397	青黛	せいたい	一般	115	False
5397	静態	せいたい	一般	115	False
5398	人質	ひとじち	一般	106	False
5398	刺青	しせい	一般	115	True
5398	司政	しせい	一般	None	False
5398	市勢	しせい	一般	115	True
5398	施政	しせい	一般	113	True
5398	氏姓	しせい	一般	115	True
5398	熱病	ねつびょう	一般	114	True
5398	珪酸	けいさん	一般	115	False
5398	硅酸	けいさん	一般	None	False
5398	私製	しせい	一般	115	True
5398	秋波	しゅうは	一般	115	True
5398	至誠	しせい	一般	115	False
5398	詩聖	しせい	一般	115	False
5398	資性	しせい	一般	115	True
5398	金属	きんぞく	一般	92	True
5399	交霊	こうれい	一般	115	True
5399	伉儷	こうれい	一般	115	False
5399	先方	せんぽう	一般	100	True
5399	好例	こうれい	一般	115	True
5399	市政	しせい	一般	114	True
5399	新訳	しんやく	一般	114	True
5399	浪曲	ろうきょく	一般	115	False
5399	皇霊	こうれい	一般	115	True
5399	空中	くうちゅう	一般	95	True
5399	道話	どうわ	一般	115	True
5400	一葦	いちい	一般	105	False
5400	入社	にゅうしゃ	サ変接続	128	True
5400	分税	ぶんぜい	一般	71	True
5400	厚司	あつし	一般	90	False
5400	厚子	あつし	一般	90	True
5400	旅券	りょけん	一般	115	True
5400	枢機	すうき	一般	115	False
5400	辞意	じい	一般	115	True
5401	助士	じょし	一般	115	True
5401	勅語	ちょくご	一般	115	False
5401	序詞	じょし	一般	115	True
5401	序詩	じょし	一般	115	True
5401	政客	せいかく	一般	115	True
5401	敬答	けいとう	一般	None	True
5401	日刊	にっかん	一般	115	False
5401	正格	せいかく	一般	115	True
5401	気嚢	きのう	一般	115	False
5401	白楊	はくよう	一般	115	False
5401	白米	はくまい	一般	113	True
5401	舶用	はくよう	一般	115	False
5401	陰性	いんせい	一般	113	True
5401	鶏頭	けいとう	一般	103	False
5402	工員	こういん	一般	114	True
5402	断頭	だんとう	一般	115	True
5402	暖冬	だんとう	一般	115	True
5402	書名	しょめい	一般	115	True
5402	桟道	さんどう	一般	115	False
5402	王宮	おうきゅう	一般	106	True
5402	産道	さんどう	一般	115	True
5402	県議	けんぎ	一般	125	True
5402	空家	あきや	一般	115	False
5402	策戦	さくせん	一般	104	True
5403	亜麻	あま	一般	127	False
5403	債券	さいけん	一般	115	True
5403	冷飯	ひやめし	一般	122	False
5403	北端	ほくたん	一般	105	True
5403	心得	こころえ	一般	111	False
5403	歌稿	かこう	一般	115	True
5403	永世	えいせい	一般	115	False
5403	永生	えいせい	一般	115	False
5403	海人	あま	一般	115	False
5403	海女	あま	一般	124	False
5403	阿媽	あま	一般	91	False
5404	事彙	じい	一般	115	True
5404	仮構	かこう	一般	115	False
5404	佳肴	かこう	一般	115	False
5404	侍医	じい	一般	115	False
5404	化工	かこう	一般	115	True
5404	嘉肴	かこう	一般	115	False
5404	好物	こうぶつ	一般	108	True
5404	字彙	じい	一般	115	True
5404	山王	さんのう	一般	None	False
5404	横車	よこぐるま	一般	122	False
5404	次位	じい	一般	115	True
5404	河港	かこう	一般	115	False
5404	焦点	しょうてん	一般	115	False
5404	示威	じい	一般	115	True
5404	花梗	かこう	一般	115	False
5404	華甲	かこう	一般	115	False
5404	話柄	わへい	一般	115	False
5404	辞彙	じい	一般	115	True
5405	不測	ふそく	一般	115	True
5405	両面	りょうめん	一般	114	True
5405	丹頂	たんちょう	一般	115	False
5405	付則	ふそく	一般	115	True
5405	信管	しんかん	一般	115	True
5405	奥様	おくさま	一般	125	False
5405	宸翰	しんかん	一般	115	False
5405	心肝	しんかん	一般	115	True
5405	曲者	くせもの	一般	117	False
5405	森閑	しんかん	一般	129	False
5405	深閑	しんかん	一般	129	True
5405	神官	しんかん	一般	115	True
5405	附則	ふそく	一般	115	True
5406	外傷	がいしょう	一般	89	False
5406	字書	じしょ	一般	158	True
5406	寺院	じいん	一般	105	True
5406	教授	きょうじゅ	一般	85	False
5406	玄関	げんかん	一般	115	True
5406	葬祭	そうさい	一般	139	True
5407	外商	がいしょう	一般	120	True
5407	定時	ていじ	一般	104	True
5407	街娼	がいしょう	一般	115	False
5408	七三	しちさん	一般	110	True
5408	下辺	かへん	一般	108	True
5408	前庭	ぜんてい	一般	115	False
5408	北洋	ほくよう	一般	115	True
5408	千年	ちとせ	一般	None	False
5408	原点	げんてん	一般	115	True
5408	実力	じつりょく	一般	90	True
5408	通称	つうしょう	一般	115	True
5409	寒害	かんがい	一般	115	True
5409	干害	かんがい	一般	115	False
5409	悪性	あくせい	一般	73	True
5409	旱害	かんがい	一般	115	False
5409	時分	じぶん	副詞可能	82	True
5409	海浜	かいひん	一般	114	False
5409	管外	かんがい	一般	115	True
5409	線審	せんしん	一般	144	False
5409	親愛	しんあい	形容動詞語幹	113	True
5409	貝塚	かいづか	一般	147	False
5409	賞品	しょうひん	一般	114	True
5410	半季	はんき	副詞可能	115	True
5410	同機	どうき	一般	115	True
5410	小店	しょうてん	一般	115	True
5410	小篆	しょうてん	一般	115	False
5410	慶長	けいちょう	一般	None	True
5410	章典	しょうてん	一般	115	True
5410	背筋	せすじ	一般	122	False
5410	衝天	しょうてん	一般	115	False
5410	額面	がくめん	一般	109	True
5411	地位	ちい	一般	105	True
5411	大半	たいはん	一般	0	True
5411	女王	じょおう	一般	93	True
5411	本戦	ほんせん	一般	114	True
5411	近世	きんせい	一般	114	True
5411	金魚	きんぎょ	一般	99	True
5412	妥当	だとう	サ変接続	96	False
5412	宗義	しゅうぎ	一般	126	True
5412	戦法	せんぽう	一般	115	False
5412	旋法	せんぽう	一般	115	False
5412	本番	ほんばん	一般	113	True
5412	楽壇	がくだん	一般	115	False
5412	芸者	げいしゃ	一般	115	True
5413	懐剣	かいけん	一般	115	True
5413	改憲	かいけん	一般	115	False
5413	特有	とくゆう	形容動詞語幹	121	True
5413	身方	みかた	一般	102	False
5414	些些	ささ	一般	129	False
5414	他者	たしゃ	一般	113	True
5414	光熱	こうねつ	一般	115	True
5414	前途	ぜんと	一般	113	True
5414	小形	こがた	一般	115	False
5414	扇面	せんめん	一般	115	False
5414	泰平	たいへい	一般	114	False
5414	洗車	せんしゃ	一般	115	True
5414	貧乏	びんぼう	サ変接続	94	False
5415	大金	たいきん	一般	110	True
5415	嬌姿	きょうし	一般	115	False
5415	狂詩	きょうし	一般	115	True
5415	目白	めじろ	一般	117	False
5415	終戦	しゅうせん	一般	116	True
5415	風速	ふうそく	一般	114	True
5416	中火	ちゅうび	一般	100	False
5416	伝家	でんか	一般	115	True
5416	前例	ぜんれい	一般	115	True
5416	割安	わりやす	形容動詞語幹	138	False
5416	同位	どうい	一般	115	True
5416	宿酔	ふつかよい	一般	115	False
5416	正客	しょうきゃく	一般	115	True
5416	記号	きごう	一般	94	True
5416	辛口	からくち	一般	122	False
5417	同庁	どうちょう	一般	85	True
5417	政官	せいかん	一般	112	True
5417	症状	しょうじょう	一般	68	True
5417	紅絹	もみ	一般	127	False
5417	道義	どうぎ	一般	110	True
5417	頂戴	ちょうだい	動詞非自立的	101	False
5418	歩道	ほどう	一般	107	True
5418	漁村	ぎょそん	一般	106	False
5418	産地	さんち	一般	124	True
5418	調書	ちょうしょ	一般	114	True
5418	青空	あおぞら	一般	101	False
5419	十夜	じゅうや	一般	None	True
5419	厚意	こうい	一般	115	False
5419	国政	こくせい	一般	152	True
5419	夜叉	やしゃ	一般	82	False
5419	小指	こゆび	一般	107	False
5419	校医	こうい	一般	115	True
5419	校異	こうい	一般	115	True
5419	標的	ひょうてき	一般	96	False
5419	王朝	おうちょう	一般	108	True
5419	皇位	こうい	一般	115	True
5419	目前	もくぜん	一般	107	True
5419	薬禍	やっか	一般	93	False
5419	衣服	いふく	一般	114	True
5419	補則	ほそく	一般	115	True
5420	一層	いっそう	副詞可能	28	True
5420	上空	じょうくう	一般	99	True
5420	均整	きんせい	一般	115	False
5420	均斉	きんせい	一般	115	False
5420	屋敷	やしき	一般	47	False
5420	徒刑	とけい	一般	115	True
5420	心情	しんじょう	一般	115	True
5420	桑畑	くわばたけ	一般	117	False
5420	真宗	しんしゅう	一般	None	True
5420	要員	よういん	一般	114	True
5421	先見	せんけん	一般	94	True
5421	各紙	かくし	一般	114	True
5421	旅団	りょだん	一般	115	True
5421	神人	しんじん	一般	115	True
5421	雪景	せっけい	一般	115	False
5421	雪渓	せっけい	一般	115	False
5421	館長	かんちょう	一般	117	True
5422	各冊	かくさつ	一般	115	True
5422	後記	こうき	一般	122	True
5422	復路	ふくろ	副詞可能	115	True
5422	新妻	にいづま	一般	114	False
5422	沢庵	たくあん	一般	115	True
5422	蚕業	さんぎょう	一般	115	False
5422	讃仰	さんぎょう	一般	101	False
5423	土用	どよう	一般	112	True
5423	懐炉	かいろ	一般	115	True
5423	文芸	ぶんげい	一般	111	True
5423	晨鶏	しんけい	一般	115	False
5423	無色	むしょく	一般	115	True
5424	劇壇	げきだん	一般	115	True
5424	劇談	げきだん	一般	115	True
5424	北門	きたもん	一般	115	False
5424	和室	わしつ	一般	114	True
5424	地蔵	じぞう	一般	115	True
5424	戦術	せんじゅつ	一般	115	True
5424	採算	さいさん	一般	115	True
5424	教書	きょうしょ	一般	109	True
5424	方案	ほうあん	一般	115	True
5424	曲面	きょくめん	一般	115	True
5424	生母	せいぼ	一般	115	True
5424	画一	かくいつ	一般	99	True
5424	附子	ぶし	一般	115	False
5425	他聞	たぶん	一般	115	True
5425	出典	しゅってん	一般	115	False
5425	前文	ぜんぶん	一般	110	True
5425	屋号	やごう	一般	115	False
5425	平素	へいそ	副詞可能	114	True
5425	歌曲	かきょく	一般	113	True
5425	聖母	せいぼ	一般	118	False
5425	芝生	しばふ	一般	119	False
5425	電閃	でんせん	一般	115	False
5426	前兆	ぜんちょう	一般	102	True
5426	印象	いんしょう	一般	96	False
5426	板目	いため	一般	122	False
5426	欧化	おうか	サ変接続	116	False
5426	毒性	どくせい	一般	113	True
5426	煉瓦	れんが	一般	110	False
5426	発作	ほっさ	一般	111	True
5426	稲荷	いなり	一般	67	False
5426	組長	くみちょう	一般	75	False
5426	薬事	やくじ	一般	131	True
5426	辛夷	こぶし	一般	117	False
5426	頭上	ずじょう	一般	102	True
5427	同心	どうしん	一般	101	True
5427	府立	ふりつ	一般	130	True
5427	暖簾	のれん	一般	111	False
5427	着物	きもの	一般	120	False
5427	薄謝	はくしゃ	一般	115	False
5427	連歌	れんが	一般	115	False
5427	連火	れんが	一般	119	False
5427	養子	ようし	一般	103	False
5428	一葉	いちよう	一般	None	True
5428	信条	しんじょう	一般	115	True
5428	刑場	けいじょう	一般	115	True
5428	堂舎	どうしゃ	一般	115	False
5428	大枠	おおわく	一般	117	False
5428	岸辺	きしべ	一般	114	False
5428	州都	しゅうと	一般	92	True
5428	童形	どうぎょう	一般	115	False
5428	節奏	せっそう	一般	115	False
5428	道者	どうしゃ	一般	115	True
5429	吾妻	あづま	一般	135	False
5429	品種	ひんしゅ	一般	98	True
5429	忍者	にんじゃ	一般	114	False
5429	武器	ぶき	一般	115	True
5429	殿舎	でんしゃ	一般	115	False
5429	生計	せいけい	一般	142	True
5429	真情	しんじょう	一般	115	True
5430	代数	だいすう	一般	115	True
5430	同工	どうこう	一般	123	True
5430	固有	こゆう	形容動詞語幹	113	False
5430	将士	しょうし	一般	115	True
5430	小史	しょうし	一般	115	True
5430	小祠	しょうし	一般	115	False
5430	尚歯	しょうし	一般	115	False
5430	怪傑	かいけつ	一般	115	False
5430	茎葉	けいよう	一般	115	False
5430	証紙	しょうし	一般	115	True
5430	賞詞	しょうし	一般	115	True
5430	賞賜	しょうし	一般	101	False
5430	車輪	しゃりん	一般	110	True
5430	銅鏡	どうきょう	一般	101	True
5431	中葉	ちゅうよう	副詞可能	115	True
5431	乾酪	かんらく	一般	115	False
5431	圭角	けいかく	一般	115	False
5431	店内	てんない	一般	115	True
5431	新緑	しんりょく	一般	139	True
5431	火炎	かえん	一般	115	True
5431	自信	じしん	一般	101	True
5432	内内	うちうち	一般	90	False
5432	刑法	けいほう	一般	112	True
5432	塩味	しおあじ	一般	122	False
5432	大方	おおかた	副詞可能	98	False
5432	容姿	ようし	一般	115	False
5432	年次	ねんじ	一般	113	True
5432	敬譲	けいじょう	一般	115	False
5432	警乗	けいじょう	一般	115	True
5432	都下	とか	一般	102	True
5433	凝塊	ぎょうかい	一般	115	False
5433	容止	ようし	一般	115	True
5433	戸別	こべつ	一般	111	True
5433	所由	しょゆう	一般	115	True
5433	指数	しすう	一般	114	True
5433	正弦	せいげん	一般	115	True
5433	洋紙	ようし	一般	115	True
5433	深海	しんかい	一般	106	True
5433	看客	かんきゃく	一般	115	True
5433	石垣	いしがき	一般	100	False
5433	茱萸	ぐみ	一般	115	False
5433	薬価	やっか	一般	115	False
5433	西諺	せいげん	一般	115	False
5433	金製	きんせい	一般	117	True
5433	鵞毛	がもう	一般	115	False
5434	敵性	てきせい	一般	113	True
5434	木叢	こむら	一般	122	False
5434	林間	りんかん	一般	113	True
5434	正系	せいけい	一般	115	True
5434	細工	さいく	サ変接続	88	False
5434	西経	せいけい	一般	115	True
5435	名刀	めいとう	一般	115	True
5435	名答	めいとう	一般	115	True
5435	真人	しんじん	一般	118	True
5435	短期	たんき	一般	126	True
5435	私学	しがく	一般	115	True
5435	聖跡	せいせき	一般	115	False
5435	聖蹟	せいせき	一般	115	False
5435	銘刀	めいとう	一般	115	True
5435	隣室	りんしつ	一般	115	False
5436	医道	いどう	一般	115	True
5436	山辺	やまべ	一般	122	False
5436	政経	せいけい	一般	83	True
5436	校則	こうそく	一般	115	True
5436	異同	いどう	一般	115	True
5436	自浄	じじょう	一般	115	False
5436	蒲団	ふとん	一般	99	False
5437	上棟	じょうとう	一般	115	True
5437	中等	ちゅうとう	一般	79	True
5437	台辞	だいじ	一般	115	True
5437	城頭	じょうとう	一般	115	True
5437	大字	だいじ	一般	69	True
5437	大慈	だいじ	一般	115	False
5437	官設	かんせつ	一般	115	True
5437	環節	かんせつ	一般	115	True
5437	身長	しんちょう	一般	111	True
5437	逐条	ちくじょう	一般	115	False
5437	題字	だいじ	一般	115	True
5437	題辞	だいじ	一般	115	True
5438	一介	いっかい	一般	98	True
5438	別枠	べつわく	一般	114	False
5438	清風	せいふう	一般	115	True
5438	米兵	べいへい	一般	110	True
5438	雨量	うりょう	一般	114	True
5439	理由	りゆう	一般	115	True
5439	親類	しんるい	一般	108	True
5440	各次	かくじ	一般	115	True
5440	座長	ざちょう	一般	88	True
5440	式場	しきじょう	一般	155	True
5440	書展	しょてん	一般	111	True
5440	病状	びょうじょう	一般	114	True
5441	懇親	こんしん	一般	115	True
5441	文筆	ぶんぴつ	一般	115	True
5442	将兵	しょうへい	一般	115	True
5442	手帳	てちょう	一般	92	False
5442	米作	べいさく	一般	111	True
5442	素人	しろうと	一般	111	False
5442	膏薬	こうやく	一般	115	False
5442	音量	おんりょう	一般	114	True
5443	三陸	さんりく	一般	None	True
5443	同者	どうしゃ	一般	115	True
5443	窮地	きゅうち	一般	115	True
5443	葉色	はいろ	一般	122	False
5443	軍機	ぐんき	一般	195	True
5444	堂宇	どうう	一般	115	False
5444	山神	さんじん	一般	98	True
5444	斜線	しゃせん	一般	115	False
5444	法螺	ほら	一般	110	False
5444	痼疾	こしつ	一般	115	False
5444	社線	しゃせん	一般	115	True
5444	語句	ごく	一般	114	True
5445	光速	こうそく	一般	115	True
5445	四目	よつめ	一般	None	False
5445	農夫	のうふ	一般	115	False
5446	両社	りょうしゃ	一般	114	True
5446	円錐	えんすい	一般	115	False
5446	地神	ちじん	一般	115	True
5446	性能	せいのう	一般	105	True
5446	春宮	とうぐう	一般	115	False
5446	痴人	ちじん	一般	115	False
5446	祝杯	しゅくはい	一般	115	True
5446	花形	はながた	一般	109	False
5446	身内	みうち	一般	85	False
5446	関門	かんもん	一般	115	True
5447	不仲	ふなか	一般	115	False
5447	先代	せんだい	一般	115	True
5447	先鋒	せんぽう	一般	115	False
5447	公邸	こうてい	一般	114	True
5447	四海	しかい	一般	80	True
5447	手甲	てっこう	一般	128	False
5447	論調	ろんちょう	一般	111	True
5447	鉄工	てっこう	一般	115	False
5447	鉄鉱	てっこう	一般	115	False
5448	一極	いっきょく	一般	None	True
5448	傷兵	しょうへい	一般	115	False
5448	哨兵	しょうへい	一般	115	False
5448	弱火	よわび	一般	122	False
5448	念頭	ねんとう	一般	115	True
5448	標語	ひょうご	一般	115	False
5448	裏側	うらがわ	一般	119	False
5448	長寿	ちょうじゅ	形容動詞語幹	92	False
5448	顔面	がんめん	一般	115	False
5449	主審	しゅしん	一般	115	False
5449	効験	こうけん	一般	108	True
5449	動議	どうぎ	一般	115	True
5449	勝因	しょういん	一般	115	True
5449	同館	どうかん	一般	100	True
5449	宝塔	ほうとう	一般	115	False
5449	小引	しょういん	一般	115	True
5449	小鳥	ことり	一般	122	False
5449	後件	こうけん	一般	115	True
5449	文相	ぶんしょう	一般	114	True
5449	松韻	しょういん	一般	115	True
5449	無機	むき	一般	114	True
5450	不在	ふざい	一般	101	True
5450	天理	てんり	一般	141	True
5450	書淫	しょいん	一般	115	False
5450	清澄	せいちょう	形容動詞語幹	118	False
5450	田園	でんえん	一般	115	True
5450	真底	しんそこ	一般	83	False
5450	胴着	どうぎ	一般	116	False
5450	親米	しんべい	一般	115	True
5451	伝灯	でんとう	一般	115	True
5451	北東	ほくとう	一般	103	True
5451	囚徒	しゅうと	一般	115	True
5451	女将	おかみ	一般	107	False
5451	宗徒	しゅうと	一般	115	True
5451	衆徒	しゅうと	一般	115	True
5452	剣法	けんぽう	一般	115	False
5452	卓上	たくじょう	一般	113	False
5452	厭世	えんせい	一般	115	False
5452	同朋	どうほう	一般	115	False
5452	天国	てんごく	一般	104	False
5452	宿舎	しゅくしゃ	一般	115	False
5452	屏風	びょうぶ	一般	114	False
5452	延性	えんせい	一般	115	False
5452	征途	せいと	一般	115	True
5452	日額	にちがく	一般	108	True
5452	正味	しょうみ	一般	115	True
5452	王国	おうこく	一般	103	True
5452	秋冬	あきふゆ	一般	133	False
5452	笹屋	ささや	一般	122	False
5452	聖徒	せいと	一般	115	False
5452	至尊	しそん	一般	115	False
5452	西端	せいたん	一般	114	True
5453	三宝	さんぽう	一般	125	False
5453	中興	ちゅうこう	一般	115	False
5453	人臣	じんしん	一般	115	True
5453	人身	じんしん	一般	103	True
5453	廊下	ろうか	一般	113	True
5453	忠孝	ちゅうこう	一般	None	True
5453	抗力	こうりょく	一般	116	True
5453	拳法	けんぽう	一般	115	False
5453	鋳鋼	ちゅうこう	一般	115	False
5453	音曲	おんぎょく	一般	115	False
5453	高座	こうざ	一般	107	True
5454	小母	おば	一般	108	False
5454	山里	やまざと	一般	118	False
5454	弱体	じゃくたい	形容動詞語幹	113	True
5454	新内	しんない	一般	105	True
5454	理容	りよう	一般	115	True
5454	発端	ほったん	一般	115	True
5454	要領	ようりょう	一般	115	False
5454	高僧	こうそう	一般	115	True
5454	高足	こうそく	一般	115	True
5455	人生	じんせい	一般	74	True
5455	佚書	いっしょ	一般	115	False
5455	侍臣	じしん	一般	115	False
5455	俚謡	りよう	一般	115	False
5455	技法	ぎほう	一般	114	True
5455	時針	じしん	一般	115	False
5455	磁針	じしん	一般	115	False
5455	聖王	せいおう	一般	115	False
5455	肺炎	はいえん	一般	115	True
5455	花粉	かふん	一般	99	True
5455	逸書	いっしょ	一般	115	True
5455	里謡	りよう	一般	115	False
5456	小滝	こだき	一般	121	False
5456	楽器	がっき	一般	104	False
5456	深林	しんりん	一般	None	True
5456	箇別	こべつ	一般	113	False
5456	肝炎	かんえん	一般	115	True
5456	薬科	やっか	一般	115	False
5457	初級	しょきゅう	一般	114	True
5457	塊茎	かいけい	一般	115	False
5457	天上	てんじょう	一般	113	True
5457	天壌	てんじょう	一般	115	False
5457	既設	きせつ	一般	115	False
5457	殿上	てんじょう	一般	115	False
5457	気節	きせつ	一般	115	True
5457	産後	さんご	副詞可能	113	True
5457	童貞	どうてい	一般	115	False
5458	哀話	あいわ	一般	115	False
5458	廟堂	びょうどう	一般	115	False
5458	廻航	かいこう	一般	101	True
5458	役目	やくめ	一般	108	False
5458	怪光	かいこう	一般	115	True
5458	有症	ゆうしょう	一般	115	True
5458	海溝	かいこう	一般	115	False
5458	矛先	ほこさき	一般	122	False
5458	至近	しきん	一般	115	False
5458	解硬	かいこう	一般	None	True
5458	賜金	しきん	一般	115	False
5458	通念	つうねん	一般	115	True
5458	金文	きんぶん	一般	115	True
5458	金物	かなもの	一般	106	False
5459	主計	しゅけい	一般	109	True
5459	古参	こさん	一般	120	True
5459	古川	ふるかわ	一般	122	False
5459	官吏	かんり	一般	115	False
5459	帳簿	ちょうぼ	一般	115	True
5459	斜面	しゃめん	一般	109	False
5459	書院	しょいん	一般	112	True
5459	真冬	まふゆ	副詞可能	118	False
5459	隔週	かくしゅう	副詞可能	115	True
5459	非違	ひい	一般	115	True
5460	二季	にき	一般	105	True
5460	大作	たいさく	一般	114	True
5460	小判	こばん	一般	114	False
5460	性別	せいべつ	一般	110	True
5460	所内	しょない	一般	124	True
5460	病室	びょうしつ	一般	112	True
5460	鼻梁	びりょう	一般	115	False
5461	俯角	ふかく	一般	115	False
5461	戦争	せんそう	サ変接続	100	False
5461	見地	けんち	一般	115	True
5461	青葉	あおば	一般	112	False
5461	鳥獣	ちょうじゅう	一般	96	True
5462	両船	りょうせん	一般	115	True
5462	中団	ちゅうだん	一般	115	True
5462	効率	こうりつ	一般	107	True
5462	勇将	ゆうしょう	一般	115	True
5462	役人	やくにん	一般	106	True
5462	有償	ゆうしょう	一般	115	True
5462	油性	ゆせい	一般	115	True
5462	郵相	ゆうしょう	一般	None	False
5462	銀坑	ぎんこう	一般	115	False
5462	銀鉱	ぎんこう	一般	115	True
5462	開講	かいこう	一般	102	True
5462	電装	でんそう	一般	115	False
5463	上肢	じょうし	一般	115	True
5463	倥偬	こうそう	一般	113	False
5463	公葬	こうそう	一般	None	True
5463	咬創	こうそう	一般	115	False
5463	多胎	たたい	一般	115	False
5463	房内	ぼうない	一般	111	True
5463	概略	がいりゃく	一般	115	True
5463	皇宗	こうそう	一般	115	True
5463	行装	こうそう	一般	115	False
5463	訌争	こうそう	一般	101	False
5463	鉱層	こうそう	一般	115	True
5463	降霜	こうそう	一般	115	False
5464	副官	ふっかん	一般	115	False
5464	原形	げんけい	一般	115	True
5464	意志	いし	一般	115	True
5464	正法	しょうぼう	一般	118	False
5464	白票	はくひょう	一般	115	True
5464	社協	しゃきょう	一般	116	True
5464	神米	しんまい	一般	115	True
5464	頭金	あたまきん	一般	89	False
5464	鼻先	はなさき	一般	122	False
5465	傾城	けいせい	一般	115	False
5465	公庫	こうこ	一般	113	True
5465	和紙	わし	一般	114	True
5465	形勢	けいせい	一般	115	True
5465	形声	けいせい	一般	115	True
5465	御上	おかみ	一般	108	False
5465	舟場	ふなば	一般	None	False
5465	花芽	かが	一般	103	False
5465	警世	けいせい	一般	115	True
5465	警醒	けいせい	一般	115	False
5466	両側	りょうがわ	一般	111	False
5466	些事	さじ	一般	115	False
5466	傘下	さんか	一般	114	False
5466	元凶	げんきょう	一般	115	True
5466	公会	こうかい	一般	64	True
5466	品質	ひんしつ	一般	103	True
5466	官位	かんい	一般	115	True
5466	年寄	としより	一般	117	False
5466	拍車	はくしゃ	一般	112	True
5466	敢為	かんい	一般	115	False
5466	独身	どくしん	一般	111	True
5466	瑣事	さじ	一般	115	False
5466	砲塔	ほうとう	一般	115	True
5466	金権	きんけん	一般	113	False
5466	降灰	こうかい	一般	108	False
5466	階級	かいきゅう	一般	97	True
5466	雅致	がち	一般	115	False
5467	不仁	ふじん	一般	115	True
5467	不尽	ふじん	一般	114	False
5467	企業	きぎょう	一般	111	True
5467	手燭	しゅしょく	一般	115	True
5467	核種	かくしゅ	一般	115	True
5467	状況	じょうきょう	一般	88	True
5467	男児	だんじ	一般	95	True
5467	遺子	いし	一般	115	True
5467	遺志	いし	一般	115	True
5467	遺矢	いし	一般	115	True
5467	酒色	しゅしょく	一般	115	True
5467	酒食	しゅしょく	一般	115	True
5468	初値	はつね	一般	121	False
5468	史話	しわ	一般	115	True
5468	対内	たいない	一般	110	True
5468	弱気	よわき	形容動詞語幹	101	False
5468	後会	こうかい	一般	136	True
5468	愛人	あいじん	一般	95	True
5468	班長	はんちょう	一般	118	True
5468	私話	しわ	一般	None	True
5468	緑地	りょくち	一般	115	True
5468	自力	じりき	一般	113	True
5468	船台	せんだい	一般	115	True
5468	詩話	しわ	一般	115	True
5468	鹿毛	かげ	一般	104	False
5469	中枢	ちゅうすう	一般	112	False
5469	侏儒	しゅじゅ	一般	115	False
5469	初版	しょはん	一般	98	True
5469	名物	めいぶつ	一般	114	True
5469	大海	たいかい	一般	97	True
5469	官公	かんこう	一般	115	True
5469	帯状	おびじょう	一般	158	False
5469	御蔭	おかげ	一般	103	False
5469	御陰	おかげ	一般	110	False
5469	本業	ほんぎょう	一般	112	True
5469	朱儒	しゅじゅ	一般	115	False
5469	烟草	たばこ	一般	86	False
5469	煙草	たばこ	一般	86	False
5469	種種	しゅじゅ	一般	113	False
5470	上使	じょうし	一般	115	True
5470	上士	じょうし	一般	115	True
5470	上巳	じょうし	一般	104	False
5470	両者	りょうしゃ	一般	113	True
5470	側溝	そっこう	一般	115	False
5470	出身	しゅっしん	一般	113	False
5470	同相	どうしょう	一般	96	True
5470	城址	じょうし	一般	115	True
5470	夫妻	ふさい	一般	105	False
5470	好個	こうこ	一般	115	True
5470	好古	こうこ	一般	105	True
5470	後顧	こうこ	一般	115	False
5470	曠古	こうこ	一般	115	False
5470	様子	ようす	一般	114	True
5470	江湖	こうこ	一般	115	True
5470	炉心	ろしん	一般	115	True
5470	神前	しんぜん	一般	118	True
5470	衣類	いるい	一般	99	True
5470	語呂	ごろ	一般	127	False
5471	呉絽	ごろ	一般	91	False
5471	営利	えいり	一般	115	True
5471	小暑	しょうしょ	一般	115	False
5471	小書	しょうしょ	一般	None	True
5471	尚書	しょうしょ	一般	115	False
5471	我国	わがくに	一般	None	False
5471	時限	じげん	一般	115	True
5471	消暑	しょうしょ	一般	None	False
5471	花輪	はなわ	一般	115	False
5471	行文	こうぶん	一般	117	True
5471	詔書	しょうしょ	一般	115	False
5471	語路	ごろ	一般	127	True
5472	口臭	こうしゅう	一般	115	True
5472	後遺	こうい	一般	115	True
5472	無期	むき	一般	105	True
5472	石綿	いしわた	一般	86	False
5472	硝子	がらす	一般	68	False
5472	立法	りっぽう	一般	84	False
5472	経歴	けいれき	一般	113	True
5472	若葉	わかば	一般	123	False
5472	草案	そうあん	一般	115	True
5472	財政	ざいせい	一般	116	True
5472	路上	ろじょう	一般	78	True
5473	中研	ちゅうけん	一般	115	False
5473	匆匆	そうそう	一般	115	False
5473	即効	そっこう	一般	115	False
5473	古屋	ふるや	一般	123	False
5473	学区	がっく	一般	76	True
5473	怱怱	そうそう	一般	129	False
5473	整斉	せいせい	一般	96	False
5473	早早	そうそう	一般	100	True
5473	月額	げつがく	一般	94	True
5473	淙淙	そうそう	一般	129	False
5473	済済	せいせい	一般	115	False
5473	測光	そっこう	一般	115	False
5473	王将	おうしょう	一般	115	True
5473	草創	そうそう	一般	115	False
5473	草草	そうそう	一般	115	True
5473	葬送	そうそう	一般	115	True
5473	蒼蒼	そうそう	一般	129	False
5473	速効	そっこう	一般	115	False
5474	一句	いっく	一般	129	True
5474	仲冬	ちゅうとう	一般	115	False
5474	偸盗	ちゅうとう	一般	115	False
5474	好天	こうてん	一般	115	True
5474	役印	やくいん	一般	115	True
5474	快晴	かいせい	一般	115	False
5474	政令	せいれい	一般	115	True
5474	早見	はやみ	一般	122	False
5474	柱頭	ちゅうとう	一般	115	False
5474	氷蔵	ひょうぞう	一般	101	False
5474	血液	けつえき	一般	103	False
5474	達磨	だるま	一般	75	False
5475	人類	じんるい	一般	56	True
5475	兇行	きょうこう	一般	115	False
5475	公権	こうけん	一般	151	False
5475	凶荒	きょうこう	一般	115	True
5475	凶行	きょうこう	一般	115	True
5475	医局	いきょく	一般	109	True
5475	噬臍	ぜいせい	一般	115	False
5475	峡江	きょうこう	一般	None	False
5475	恐惶	きょうこう	一般	115	False
5475	恐慌	きょうこう	一般	115	False
5475	教皇	きょうこう	一般	115	True
5475	本腰	ほんごし	一般	115	False
5475	胸腔	きょうこう	一般	115	False
5475	脆性	ぜいせい	一般	None	False
5476	他馬	たば	一般	115	True
5476	古史	こし	一般	140	True
5476	古址	こし	一般	115	True
5476	古祠	こし	一般	115	False
5476	古紙	こし	一般	115	True
5476	古詩	こし	一般	115	True
5476	家電	かでん	一般	114	True
5476	御飯	ごはん	一般	93	False
5476	故紙	こし	一般	115	True
5476	新型	しんがた	一般	113	False
5476	新約	しんやく	一般	108	True
5476	牽強	けんきょう	一般	115	False
5476	生生	せいせい	一般	115	True
5476	縦糸	たていと	一般	122	False
5476	耳目	じもく	一般	114	True
5476	虎視	こし	一般	115	False
5476	誤判	ごはん	一般	115	True
5476	頭皮	とうひ	一般	115	False
5476	高見	こうけん	一般	115	True
5477	全曲	ぜんきょく	一般	102	False
5477	同郷	どうきょう	一般	115	False
5477	塩辛	しおから	一般	121	False
5477	弾痕	だんこん	一般	115	True
5477	役割	やくわり	一般	87	False
5477	技師	ぎし	一般	115	True
5477	税政	ぜいせい	一般	115	True
5477	賭博	とばく	一般	113	False
5478	勧降	かんこう	一般	115	False
5478	客年	かくねん	副詞可能	115	True
5478	家集	かしゅう	一般	136	True
5478	寛弘	かんこう	一般	None	False
5478	慣行	かんこう	一般	115	False
5478	旧友	きゅうゆう	一般	115	True
5478	甘汞	かんこう	一般	115	False
5478	美女	びじょ	一般	107	True
5478	隔年	かくねん	副詞可能	91	True
5479	夜中	よなか	副詞可能	89	False
5479	旗手	きしゅ	一般	115	True
5479	灰色	はいいろ	一般	115	False
5479	異性	いせい	一般	101	True
5479	私費	しひ	一般	115	True
5479	要人	ようじん	一般	105	True
5479	銃弾	じゅうだん	一般	115	True
5480	主権	しゅけん	一般	107	False
5480	乗員	じょういん	一般	114	True
5480	人望	じんぼう	一般	115	False
5480	儀式	ぎしき	一般	115	True
5480	取締	とりしまり	サ変接続	116	False
5480	君主	くんしゅ	一般	113	True
5480	四囲	しい	一般	105	True
5480	志士	しし	一般	115	True
5480	殺人	さつじん	一般	92	True
5480	貴命	きめい	一般	None	False
5480	願書	がんしょ	一般	115	True
5481	受入	うけいれ	一般	125	False
5481	小者	こもの	一般	122	False
5481	彫工	ちょうこう	一般	115	False
5481	徴候	ちょうこう	一般	115	True
5481	悪評	あくひょう	一般	115	True
5481	抱負	ほうふ	一般	115	False
5481	空身	からみ	一般	122	False
5481	草魚	そうぎょ	一般	115	True
5481	辛味	からみ	一般	122	False
5481	金具	かなぐ	一般	108	False
5481	長講	ちょうこう	一般	115	True
5482	一髪	いっぱつ	一般	104	False
5482	仕様	しよう	一般	102	False
5482	個利	こり	一般	115	True
5482	垢離	こり	一般	110	False
5482	天下	てんか	一般	109	True
5482	楽聖	がくせい	一般	115	False
5482	狐狸	こり	一般	115	False
5482	築法	ちくほう	一般	115	True
5482	諧声	かいせい	一般	115	False
5483	僧団	そうだん	一般	115	True
5483	創世	そうせい	一般	115	False
5483	各員	かくいん	副詞可能	115	True
5483	姿容	しよう	一般	115	False
5483	子葉	しよう	一般	115	True
5483	小党	しょうとう	一般	115	True
5483	弾薬	だんやく	一般	115	True
5483	満面	まんめん	副詞可能	115	True
5483	米価	べいか	一般	116	True
5483	苦寒	くかん	一般	None	True
5483	蒼生	そうせい	一般	115	False
5483	製法	せいほう	一般	114	True
5483	訳者	やくしゃ	一般	115	True
5483	躯幹	くかん	一般	115	True
5484	公用	こうよう	一般	81	True
5484	原産	げんさん	一般	97	True
5484	口径	こうけい	一般	115	False
5484	晩夏	ばんか	副詞可能	100	True
5484	権力	けんりょく	一般	75	False
5484	獄中	ごくちゅう	一般	112	True
5484	貧困	ひんこん	一般	113	True
5485	五分	ごぶ	副詞可能	0	True
5485	土台	どだい	一般	75	True
5485	子中	こなか	一般	123	False
5485	新婚	しんこん	一般	107	True
5485	汐見	しおみ	一般	126	False
5485	筋腫	きんしゅ	一般	115	True
5485	資源	しげん	一般	114	True
5486	中位	ちゅうい	一般	115	True
5486	中尉	ちゅうい	一般	115	False
5486	供花	きょうか	一般	115	True
5486	出目	でめ	一般	122	False
5486	富商	ふしょう	一般	115	False
5486	対訳	たいやく	一般	115	True
5486	橋架	きょうか	一般	115	True
5486	狂歌	きょうか	一般	115	True
5486	王座	おうざ	一般	113	True
5486	賢兄	けんけい	一般	115	True
5486	野辺	のべ	一般	115	False
5487	余所	よそ	一般	110	False
5487	手技	しゅぎ	一般	115	True
5487	有人	ゆうじん	一般	115	True
5487	逸史	いっし	一般	115	True
5487	黄色	おうしょく	一般	86	False
5488	加味	かみ	サ変接続	101	True
5488	室外	しつがい	一般	157	True
5488	平屋	ひらや	一般	124	False
5488	火付	ひつき	一般	114	False
5488	穂状	すいじょう	一般	115	False
5489	不肖	ふしょう	一般	115	False
5489	不詳	ふしょう	一般	115	False
5489	冗員	じょういん	一般	115	False
5489	剰員	じょういん	一般	115	False
5489	創部	そうぶ	一般	115	False
5489	同案	どうあん	一般	112	True
5489	宋朝	そうちょう	一般	None	True
5489	対極	たいきょく	一般	115	True
5489	時時	ときどき	一般	92	True
5489	曹長	そうちょう	一般	115	False
5489	町制	ちょうせい	一般	115	True
5489	畳韻	じょういん	一般	115	True
5489	虚偽	きょぎ	一般	115	False
5489	酒場	さかば	一般	121	False
5490	公民	こうみん	一般	114	True
5490	有明	ありあけ	一般	137	False
5490	朝政	ちょうせい	一般	115	True
5490	法式	ほうしき	一般	115	True
5490	無量	むりょう	一般	115	True
5490	痘痕	いも	一般	91	False
5491	全会	ぜんかい	一般	102	False
5491	刺史	しし	一般	115	True
5491	原罪	げんざい	一般	115	True
5491	史詩	しし	一般	115	True
5491	嗣子	しし	一般	115	False
5491	外界	がいかい	一般	114	True
5491	孜孜	しし	一般	129	False
5491	師資	しし	一般	115	True
5491	昇竜	しょうりゅう	一般	115	False
5491	曲線	きょくせん	一般	89	True
5491	死屍	しし	一般	115	False
5491	法会	ほうえ	一般	122	True
5491	綿糸	めんし	一般	115	True
5491	詩史	しし	一般	112	True
5491	車掌	しゃしょう	一般	115	False
5491	雑草	ざっそう	一般	113	False
5492	中身	なかみ	一般	113	False
5492	中軸	ちゅうじく	一般	113	True
5492	別巻	べっかん	一般	115	True
5492	字源	じげん	一般	115	True
5492	後部	こうぶ	一般	107	True
5492	慈眼	じげん	一般	115	False
5492	教頭	きょうとう	一般	113	True
5492	有給	ゆうきゅう	一般	115	True
5492	正教	せいきょう	一般	113	True
5492	氷菓	ひょうか	一般	115	False
5492	清興	せいきょう	一般	115	True
5492	白鳥	はくちょう	一般	109	True
5492	盛況	せいきょう	一般	115	False
5492	身許	みもと	一般	121	False
5492	銃猟	じゅうりょう	一般	115	True
5493	廃液	はいえき	一般	115	True
5493	無向	むこう	一般	None	True
5493	町名	ちょうめい	一般	112	True
5493	経路	けいろ	一般	112	True
5494	公使	こうし	一般	115	True
5494	学制	がくせい	一般	115	True
5494	戦国	せんごく	一般	115	False
5494	故事	こじ	一般	115	True
5494	教官	きょうかん	一般	84	True
5494	灯標	とうひょう	一般	115	False
5494	臥牛	がぎゅう	一般	110	True
5494	跡地	あとち	一般	95	False
5495	年鑑	ねんかん	一般	113	True
5495	敵前	てきぜん	一般	115	True
5495	満塁	まんるい	一般	115	True
5495	漁協	ぎょきょう	一般	115	False
5495	炎熱	えんねつ	一般	115	True
5495	速度	そくど	一般	116	True
5496	主知	しゅち	一般	114	True
5496	優生	ゆうせい	一般	115	False
5496	坦坦	たんたん	一般	129	False
5496	小犬	こいぬ	一般	118	False
5496	山稜	さんりょう	一般	115	True
5496	平安	へいあん	形容動詞語幹	127	True
5496	淡淡	たんたん	一般	129	False
5496	物件	ぶっけん	一般	100	False
5496	眈眈	たんたん	一般	115	False
5496	近県	きんけん	一般	106	True
5496	陶器	とうき	一般	115	True
5496	難局	なんきょく	一般	115	True
5496	難曲	なんきょく	一般	115	True
5496	高温	こうおん	一般	112	False
5497	丁年	ていねん	一般	115	False
5497	停年	ていねん	一般	100	True
5497	入管	にゅうかん	一般	115	True
5497	合弁	ごうべん	一般	115	True
5497	対物	たいぶつ	一般	115	True
5497	故意	こい	一般	115	True
5497	横糸	よこいと	一般	122	False
5497	歳旦	さいたん	一般	115	False
5497	波間	なみま	一般	119	False
5497	衆議	しゅうぎ	一般	109	True
5497	諦念	ていねん	一般	98	False
5497	軟性	なんせい	一般	115	False
5497	青木	あおき	一般	143	False
5498	両方	りょうほう	一般	90	True
5498	中倉	なかくら	一般	118	False
5498	中級	ちゅうきゅう	一般	115	True
5498	他所	よそ	一般	100	False
5498	具体	ぐたい	一般	105	True
5498	右記	うき	一般	115	True
5498	大台	おおだい	一般	82	False
5498	竹林	ちくりん	一般	96	False
5498	筆頭	ひっとう	一般	88	False
5498	羊水	ようすい	一般	115	False
5498	船上	せんじょう	一般	115	True
5498	雨季	うき	一般	114	True
5498	風呂	ふろ	一般	88	False
5499	兵制	へいせい	一般	115	True
5499	内証	ないしょう	一般	115	True
5499	円盤	えんばん	一般	115	True
5499	女神	めがみ	一般	91	False
5499	奸計	かんけい	一般	115	False
5499	姦計	かんけい	一般	115	True
5499	幣制	へいせい	一般	115	False
5499	度外	どがい	サ変接続	123	True
5499	弊政	へいせい	一般	115	True
5499	税別	ぜいべつ	一般	96	True
5499	親方	おやかた	一般	110	False
5499	難病	なんびょう	一般	106	True
5500	両論	りょうろん	一般	109	True
5500	信念	しんねん	一般	115	True
5500	兵仗	ひょうじょう	一般	115	False
5500	凹凸	おうとつ	一般	115	False
5500	宗室	そうしつ	一般	115	True
5500	小川	おがわ	一般	89	False
5500	小目	こもく	一般	114	False
5500	私邸	してい	一般	115	True
5500	素顔	すがお	一般	121	False
5500	評語	ひょうご	一般	115	True
5500	酒手	さかて	一般	122	False
5501	国富	こくふ	一般	110	False
5501	国父	こくふ	一般	115	True
5501	左目	ひだりめ	一般	120	False
5501	本船	ほんせん	一般	115	True
5501	母親	ははおや	一般	101	False
5501	秋興	しゅうきょう	一般	115	True
5501	貴様	きさま	一般	117	False
5502	不況	ふきょう	一般	111	True
5502	主任	しゅにん	一般	114	True
5502	代将	だいしょう	一般	118	True
5502	光彩	こうさい	一般	115	False
5502	公債	こうさい	一般	115	True
5502	口才	こうさい	一般	115	True
5502	園芸	えんげい	一般	115	True
5502	敵艦	てきかん	一般	125	True
5502	林道	りんどう	一般	80	True
5502	火砲	かほう	一般	115	True
5502	片手	かたて	一般	116	False
5502	異端	いたん	一般	115	True
5502	船員	せんいん	一般	99	True
5502	虹彩	こうさい	一般	115	False
5502	鉱山	こうざん	一般	115	True
5502	鉱滓	こうさい	一般	115	False
5502	風雪	ふうせつ	一般	115	True
5503	勝機	しょうき	一般	115	True
5503	夜空	よぞら	一般	115	False
5503	楽所	らくしょ	一般	103	True
5503	水質	すいしつ	一般	112	True
5503	緑化	りょっか	サ変接続	100	False
5503	要録	ようろく	一般	115	True
5503	買手	かいて	一般	127	False
5503	賞状	しょうじょう	一般	88	True
5504	余人	よじん	一般	169	True
5504	名作	めいさく	一般	105	True
5504	廃校	はいこう	一般	115	True
5504	摂氏	せっし	一般	115	False
5504	方策	ほうさく	一般	98	True
5504	贋物	にせもの	一般	109	False
5505	右端	みぎはし	一般	92	False
5505	寿命	じゅみょう	一般	103	False
5505	巨利	きょり	一般	115	False
5505	徒歩	とほ	一般	73	True
5505	悪貨	あっか	一般	115	True
5505	本心	ほんしん	一般	114	True
5505	水墨	すいぼく	一般	105	False
5505	縁日	えんにち	一般	114	True
5505	評者	ひょうしゃ	一般	116	True
5505	道床	どうしょう	一般	115	True
5505	達人	たつじん	一般	106	True
5505	銅賞	どうしょう	一般	115	True
5505	随所	ずいしょ	一般	115	True
5505	食堂	しょくどう	一般	83	False
5506	全裸	ぜんら	一般	115	False
5506	円堂	えんどう	一般	115	False
5506	手口	てぐち	一般	121	False
5506	気息	きそく	一般	115	False
5506	異父	いふ	一般	115	True
5506	紙幣	しへい	一般	114	False
5506	財産	ざいさん	一般	107	True
5506	賛否	さんぴ	一般	115	False
5506	随一	ずいいち	一般	115	True
5506	驥足	きそく	一般	115	False
5507	先手	せんて	一般	64	False
5507	土橋	どばし	一般	128	False
5507	床上	ゆかうえ	一般	94	False
5507	早版	はやばん	一般	115	False
5507	樹林	じゅりん	一般	175	True
5507	洋品	ようひん	一般	113	True
5507	父母	ちちはは	一般	143	False
5507	痔瘻	じろう	一般	115	False
5507	神木	しんぼく	一般	111	True
5507	耳漏	じろう	一般	115	False
5507	至善	しぜん	一般	115	False
5507	若木	わかぎ	一般	107	False
5507	辞表	じひょう	一般	114	True
5507	降雹	こうひょう	一般	115	False
5507	限界	げんかい	一般	114	True
5507	高評	こうひょう	一般	116	True
5508	唾腺	だせん	一般	115	False
5508	太陽	たいよう	一般	110	True
5508	奇聞	きぶん	一般	115	True
5508	岩場	いわば	一般	122	False
5508	棚田	たなだ	一般	97	False
5508	法曹	ほうそう	一般	115	False
5508	疱瘡	ほうそう	一般	108	False
5508	艦艇	かんてい	一般	115	True
5508	記文	きぶん	一般	115	True
5508	記聞	きぶん	一般	None	True
5508	開明	かいめい	一般	115	True
5509	三食	さんしょく	一般	None	True
5509	丹毒	たんどく	一般	115	False
5509	声楽	せいがく	一般	112	False
5509	小粒	こつぶ	一般	115	False
5509	弓矢	ゆみや	一般	122	False
5509	掏児	すり	一般	120	False
5509	掏摸	すり	一般	120	False
5509	文様	もんよう	一般	112	True
5509	朝野	ちょうや	一般	114	True
5509	木星	もくせい	一般	None	False
5509	浮華	ふか	一般	115	False
5509	温室	おんしつ	一般	82	False
5509	無敗	むはい	一般	115	True
5510	古称	こしょう	一般	115	True
5510	士人	しじん	一般	115	True
5510	小姓	こしょう	一般	102	False
5510	弔旗	ちょうき	一般	115	True
5510	急所	きゅうしょ	一般	112	True
5510	愛犬	あいけん	一般	115	True
5510	本薬	ほんやく	一般	115	True
5510	湖沼	こしょう	一般	115	False
5510	私人	しじん	一般	115	True
5510	胡椒	こしょう	一般	115	False
5510	至人	しじん	一般	115	False
5510	赤地	あかじ	一般	115	False
5510	革命	かくめい	一般	115	False
5510	黒石	くろいし	一般	132	False
5511	中古	ちゅうこ	一般	84	True
5511	二輪	にりん	一般	156	True
5511	公私	こうし	一般	115	True
5511	士官	しかん	一般	123	True
5511	家宅	かたく	一般	114	True
5511	左記	さき	一般	115	True
5511	打率	だりつ	一般	99	True
5511	本官	ほんかん	一般	115	True
5511	本管	ほんかん	一般	115	True
5511	海原	うなばら	一般	113	False
5512	使命	しめい	一般	115	False
5512	効用	こうよう	一般	111	True
5512	図画	ずが	一般	114	True
5512	容器	ようき	一般	115	True
5512	心筋	しんきん	一般	108	True
5512	感冒	かんぼう	一般	115	False
5512	痩身	そうしん	一般	113	False
5512	監房	かんぼう	一般	115	True
5512	総身	そうしん	一般	115	True
5512	裏金	うらがね	一般	113	False
5512	都心	としん	一般	82	True
5513	全階	ぜんかい	一般	115	False
5513	公知	こうち	一般	115	True
5513	前身	ぜんしん	一般	112	True
5513	報賞	ほうしょう	一般	115	True
5513	外向	がいこう	一般	115	True
5513	外寇	がいこう	一般	115	False
5513	外港	がいこう	一般	115	True
5513	大地	だいち	一般	116	True
5513	契機	けいき	一般	115	True
5513	姉妹	しまい	一般	114	False
5513	射手	しゃしゅ	一般	91	True
5513	巧遅	こうち	一般	115	False
5513	意欲	いよく	一般	115	True
5513	指命	しめい	一般	101	False
5513	有性	ゆうせい	一般	115	True
5513	有生	ゆうせい	一般	115	True
5513	有精	ゆうせい	一般	115	True
5513	根性	こんじょう	一般	86	False
5513	歴代	れきだい	一般	113	True
5513	死命	しめい	一般	115	False
5513	海港	かいこう	一般	115	True
5513	狡智	こうち	一般	115	False
5513	狡知	こうち	一般	115	False
5513	耕地	こうち	一般	118	True
5513	菜花	なのはな	一般	120	False
5513	褒賞	ほうしょう	一般	101	False
5513	遊星	ゆうせい	一般	115	False
5514	作意	さくい	一般	115	True
5514	初夏	しょか	一般	84	True
5514	周期	しゅうき	一般	114	False
5514	売出	うりだし	一般	125	False
5514	態度	たいど	一般	114	True
5514	指事	しじ	一般	0	True
5514	文末	ぶんまつ	一般	82	True
5514	格子	こうし	一般	103	False
5514	死児	しじ	一般	115	True
5514	県花	けんか	一般	102	True
5514	近所	きんじょ	一般	67	True
5514	風穴	かざあな	一般	104	False
5515	初老	しょろう	一般	113	True
5515	制令	せいれい	一般	115	True
5515	厚志	こうし	一般	115	False
5515	古着	ふるぎ	一般	134	False
5515	商魂	しょうこん	一般	115	False
5515	嚆矢	こうし	一般	115	False
5515	居士	こじ	一般	115	False
5515	差損	さそん	一般	114	True
5515	後嗣	こうし	一般	115	False
5515	後翅	こうし	一般	115	False
5515	波状	はじょう	一般	114	True
5515	涼秋	りょうしゅう	一般	115	True
5515	皇嗣	こうし	一般	115	False
5515	皓歯	こうし	一般	115	False
5515	紅紫	こうし	一般	115	False
5515	美風	びふう	一般	115	True
5515	聖霊	せいれい	一般	115	False
5515	通年	つうねん	一般	113	True
5515	領袖	りょうしゅう	一般	115	False
5515	高士	こうし	一般	115	True
5515	高空	こうくう	一般	115	True
5516	偽者	にせもの	一般	122	False
5516	別名	べつめい	一般	80	True
5516	功名	こうみょう	一般	115	True
5516	区割	くわり	一般	109	False
5516	夫人	ふじん	一般	95	False
5516	小数	しょうすう	一般	99	True
5516	小豆	あずき	一般	112	False
5516	山人	さんじん	一般	115	True
5516	損益	そんえき	一般	115	True
5516	散人	さんじん	一般	115	True
5516	機密	きみつ	一般	115	True
5516	母体	ぼたい	一般	115	True
5516	粉雪	こゆき	一般	111	False
5516	羽織	はおり	一般	105	False
5516	考試	こうし	一般	115	True
5516	臨海	りんかい	一般	115	True
5516	船頭	せんどう	一般	115	False
5516	褒章	ほうしょう	一般	115	False
5516	贋者	にせもの	一般	122	False
5516	農場	のうじょう	一般	115	True
5516	陣地	じんち	一般	115	True
5517	城市	じょうし	一般	128	True
5517	手段	しゅだん	一般	114	True
5517	文教	ぶんきょう	一般	108	True
5517	楼主	ろうしゅ	一般	115	True
5517	楽屋	がくや	一般	97	False
5517	武人	ぶじん	一般	110	True
5517	沼田	ぬまた	一般	None	False
5517	海辺	うみべ	一般	93	False
5517	老手	ろうしゅ	一般	115	True
5517	骨髄	こつづい	一般	96	False
5517	黒船	くろふね	一般	122	False
5518	助言	じょごん	サ変接続	76	True
5518	同展	どうてん	一般	111	True
5518	執着	しゅうじゃく	サ変接続	87	False
5518	子弟	してい	一般	115	False
5518	小雀	こがら	一般	122	False
5518	横穴	よこあな	一般	121	False
5518	沿海	えんかい	一般	115	False
5518	精農	せいのう	一般	115	True
5518	縁海	えんかい	一般	115	True
5518	習作	しゅうさく	一般	115	True
5518	遠海	えんかい	一般	115	False
5518	養父	ようふ	一般	101	False
5519	光画	こうが	一般	115	True
5519	公衙	こうが	一般	115	False
5519	出色	しゅっしょく	一般	111	False
5519	新曲	しんきょく	一般	77	True
5519	時短	じたん	一般	115	True
5519	機材	きざい	一般	113	True
5519	水屋	みずや	一般	109	False
5519	江河	こうが	一般	None	False
5519	法律	ほうりつ	一般	110	True
5519	海面	かいめん	一般	86	True
5519	玄米	げんまい	一般	93	True
5519	紙面	しめん	一般	108	True
5519	腕力	わんりょく	一般	101	True
5520	各市	かくし	一般	100	True
5520	各誌	かくし	一般	115	True
5520	和冦	わこう	一般	None	False
5520	小片	しょうへん	一般	112	True
5520	悪夢	あくむ	一般	100	False
5520	放資	ほうし	一般	115	True
5520	旅人	たびびと	一般	86	False
5520	旗印	はたじるし	一般	122	False
5520	正邪	せいじゃ	一般	115	True
5520	決河	けっか	一般	115	False
5520	法嗣	ほうし	一般	115	False
5520	法師	ほうし	一般	89	True
5520	漁舟	ぎょしゅう	一般	116	False
5520	特段	とくだん	副詞可能	115	True
5520	胞子	ほうし	一般	115	False
5520	芳志	ほうし	一般	115	False
5520	褒詞	ほうし	一般	115	False
5520	豆汁	ご	一般	122	False
5520	豆油	ご	一般	122	False
5521	仕丁	してい	一般	115	False
5521	使丁	してい	一般	115	False
5521	全形	ぜんけい	一般	115	False
5521	別当	べっとう	一般	115	True
5521	反戦	はんせん	一般	115	True
5521	天宮	てんぐう	一般	104	True
5521	実務	じつむ	一般	115	True
5521	師弟	してい	一般	115	False
5521	年数	ねんすう	一般	99	True
5521	府下	ふか	一般	115	True
5521	招魂	しょうこん	一般	115	False
5521	有半	ゆうはん	一般	115	True
5521	止痛	しつう	一般	115	True
5521	私通	しつう	一般	115	True
5521	薄口	うすくち	一般	121	False
5521	袈裟	けさ	一般	78	False
5521	視程	してい	一般	115	False
5521	雄藩	ゆうはん	一般	115	True
5521	頂上	ちょうじょう	一般	111	False
5522	体力	たいりょく	一般	107	True
5522	各車	かくしゃ	一般	116	True
5522	在米	ざいべい	一般	119	True
5522	基調	きちょう	一般	115	True
5522	墓表	ぼひょう	一般	110	True
5522	客舎	かくしゃ	一般	115	True
5522	措辞	そじ	一般	115	False
5522	洛陽	らくよう	一般	None	True
5522	茶色	ちゃいろ	一般	96	False
5522	荷物	にもつ	一般	110	True
5522	落陽	らくよう	一般	115	True
5522	裸族	らぞく	一般	115	False
5523	光明	こうみょう	一般	100	True
5523	加俸	かほう	一般	115	False
5523	加法	かほう	一般	115	True
5523	地殻	ちかく	一般	115	False
5523	家宝	かほう	一般	134	False
5523	常態	じょうたい	一般	115	False
5523	果報	かほう	一般	113	True
5523	盲人	もうじん	一般	112	False
5523	罰則	ばっそく	一般	115	True
5523	義弟	ぎてい	一般	115	False
5523	過褒	かほう	一般	115	False
5523	門徒	もんと	一般	114	True
5524	伯楽	ばくろう	一般	115	False
5524	元祖	がんそ	一般	115	True
5524	全身	ぜんしん	一般	110	False
5524	呉服	ごふく	一般	119	False
5524	地核	ちかく	一般	114	True
5524	官制	かんせい	一般	115	True
5524	幣紙	へいし	一般	None	False
5524	弊紙	へいし	一般	None	True
5524	弊誌	へいし	一般	None	True
5524	時下	じか	副詞可能	119	True
5524	本庁	ほんちょう	一般	113	True
5524	比丘	びく	一般	91	False
5524	無実	むじつ	一般	112	True
5524	無銘	むめい	一般	115	True
5524	男優	だんゆう	一般	101	False
5524	農産	のうさん	一般	105	True
5524	途端	とたん	一般	95	True
5524	魚心	うおごころ	一般	122	False
5524	魚篭	びく	一般	123	False
5524	魚籃	びく	一般	123	False
5525	主砲	しゅほう	一般	115	True
5525	事前	じぜん	一般	109	True
5525	他校	たこう	一般	115	True
5525	他項	たこう	一般	115	True
5525	地権	ちけん	一般	92	False
5525	夕陽	ゆうひ	一般	122	False
5525	多孔	たこう	一般	115	False
5525	多項	たこう	一般	115	True
5525	小麦	こむぎ	一般	92	False
5525	市価	しか	一般	112	True
5525	戸数	こすう	一般	113	True
5525	日算	にっさん	一般	None	False
5525	機械	きかい	一般	114	True
5525	綽然	しゃくぜん	一般	129	False
5525	親分	おやぶん	一般	95	False
5525	黒星	くろぼし	一般	119	False
5526	上体	じょうたい	一般	115	True
5526	上腿	じょうたい	一般	115	False
5526	不為	ふため	一般	115	False
5526	二業	にぎょう	一般	114	True
5526	令嬢	れいじょう	一般	115	True
5526	唐皮	からかわ	一般	122	False
5526	夜鳥	やちょう	一般	115	True
5526	大尽	だいじん	一般	115	False
5526	常体	じょうたい	一般	115	False
5526	情態	じょうたい	一般	115	True
5526	手順	てじゅん	一般	103	False
5526	有線	ゆうせん	一般	114	True
5526	礼状	れいじょう	一般	89	True
5526	礼譲	れいじょう	一般	115	False
5526	神田	しんでん	一般	153	True
5526	算数	さんすう	一般	115	True
5526	羽毛	うもう	一般	115	False
5526	辞令	じれい	一般	115	True
5526	霊場	れいじょう	一般	115	True
5527	乾性	かんせい	一般	116	False
5527	付合	つきあい	一般	101	False
5527	使者	ししゃ	一般	114	True
5527	喊声	かんせい	一般	115	False
5527	喚声	かんせい	一般	115	False
5527	孝子	こうし	一般	124	True
5527	情感	じょうかん	一般	115	True
5527	慣性	かんせい	一般	115	False
5527	日子	にっし	一般	93	False
5527	春闘	しゅんとう	一般	115	False
5527	本朝	ほんちょう	一般	117	True
5527	歓声	かんせい	一般	115	True
5527	没後	ぼつご	副詞可能	91	True
5527	減作	げんさく	一般	115	True
5527	片面	かためん	一般	115	False
5527	牛歩	ぎゅうほ	一般	115	True
5527	砂粒	さりゅう	一般	99	False
5527	秋季	しゅうき	一般	115	True
5527	衆徒	しゅと	一般	115	False
5527	言論	げんろん	一般	114	True
5527	軒先	のきさき	一般	122	False
5527	酒徒	しゅと	一般	115	True
5527	陥穽	かんせい	一般	115	False
5527	首途	しゅと	一般	108	True
5527	鼾声	かんせい	一般	115	False
5528	下風	かふう	一般	169	True
5528	側壁	そくへき	一般	97	False
5528	原料	げんりょう	一般	115	True
5528	同形	どうけい	一般	122	True
5528	大群	たいぐん	一般	113	True
5528	客船	きゃくせん	一般	124	True
5528	家風	かふう	一般	115	True
5528	小池	こいけ	一般	127	False
5528	手羽	てば	一般	106	False
5528	拝金	はいきん	一般	115	True
5528	毛根	もうこん	一般	114	True
5528	砲身	ほうしん	一般	115	True
5528	肥料	ひりょう	一般	115	False
5528	芳信	ほうしん	一般	115	False
5528	芳心	ほうしん	一般	115	False
5528	語頭	ごとう	一般	110	True
5528	身柄	みがら	一般	122	False
5529	傲然	ごうぜん	一般	129	False
5529	助字	じょじ	一般	115	True
5529	助辞	じょじ	一般	115	True
5529	叙事	じょじ	一般	115	True
5529	多肉	たにく	一般	115	True
5529	学期	がっき	一般	96	True
5529	寵姫	ちょうき	一般	115	False
5529	年号	ねんごう	一般	115	True
5529	幾代	いくよ	一般	None	False
5529	序次	じょじ	一般	115	True
5529	新作	しんさく	サ変接続	117	True
5529	空気	くうき	一般	80	True
5529	豪雪	ごうせつ	一般	115	True
5529	轟然	ごうぜん	一般	129	False
5529	隣家	りんか	一般	115	False
5529	顔色	かおいろ	一般	91	False
5530	保険	ほけん	一般	108	True
5530	国旗	こっき	一般	114	True
5530	在寮	ざいりょう	一般	None	True
5530	大使	たいし	一般	86	True
5530	大葉	おおば	一般	122	False
5530	好守	こうしゅ	一般	115	True
5530	宗規	しゅうき	一般	115	True
5530	岩山	いわやま	一般	114	False
5530	曠野	あらの	一般	115	False
5530	横丁	よこちょう	一般	114	False
5530	浮輪	うきわ	一般	122	False
5530	秋期	しゅうき	一般	115	True
5530	秋気	しゅうき	一般	115	True
5530	臭気	しゅうき	一般	115	True
5530	騎馬	きば	一般	115	True
5531	中将	ちゅうじょう	一般	114	False
5531	共著	きょうちょ	一般	112	True
5531	地図	ちず	一般	109	True
5531	客地	かくち	一般	115	True
5531	憑物	つきもの	一般	122	False
5531	晨明	しんめい	一般	115	False
5531	法敵	ほうてき	一般	115	True
5531	生死	せいし	一般	80	True
5531	白系	はくけい	一般	115	True
5531	羽翼	うよく	一般	115	False
5531	解党	かいとう	一般	115	True
5531	身命	しんめい	一般	115	False
5531	過当	かとう	形容動詞語幹	113	True
5532	不離	ふり	一般	115	True
5532	光耀	こうよう	一般	115	False
5532	光陽	こうよう	一般	None	True
5532	堆肥	たいひ	一般	0	False
5532	女流	じょりゅう	一般	115	True
5532	形態	けいたい	一般	112	True
5532	後葉	こうよう	一般	115	True
5532	源流	げんりゅう	一般	115	True
5532	結末	けつまつ	一般	99	True
5532	要綱	ようこう	一般	115	True
5532	諄諄	じゅんじゅん	一般	129	False
5532	貸費	たいひ	一般	115	False
5532	隊舎	たいしゃ	一般	115	True
5532	順順	じゅんじゅん	一般	113	True
5533	写実	しゃじつ	一般	113	True
5533	初稿	しょこう	一般	114	True
5533	前任	ぜんにん	一般	115	True
5533	力学	りきがく	一般	91	True
5533	小禽	しょうきん	一般	115	False
5533	情熱	じょうねつ	一般	115	True
5533	本局	ほんきょく	一般	113	True
5533	正金	しょうきん	一般	115	True
5533	町民	ちょうみん	一般	125	True
5533	社説	しゃせつ	一般	115	True
5533	緒戦	しょせん	一般	115	False
5533	長所	ちょうしょ	一般	114	True
5533	音質	おんしつ	一般	115	True
5534	伝票	でんぴょう	一般	115	False
5534	兵力	へいりょく	一般	85	True
5534	医務	いむ	一般	115	True
5534	外伝	がいでん	一般	114	True
5534	容疑	ようぎ	一般	115	True
5534	店長	てんちょう	一般	116	True
5534	教材	きょうざい	一般	109	True
5534	教理	きょうり	一般	115	True
5534	本気	ほんき	形容動詞語幹	74	True
5534	等号	とうごう	一般	115	True
5534	終盤	しゅうばん	一般	90	True
5534	胸裏	きょうり	一般	115	False
5534	胸裡	きょうり	一般	115	False
5534	配点	はいてん	一般	101	True
5534	長女	ちょうじょ	一般	82	True
5534	鳩尾	みずおち	一般	122	False
5534	麒麟	きりん	一般	112	False
5535	器械	きかい	一般	115	True
5535	夜光	やこう	一般	115	True
5535	幼児	ようじ	一般	86	True
5535	数理	すうり	一般	114	True
5535	有料	ゆうりょう	一般	115	True
5535	権道	けんどう	一般	115	False
5535	職場	しょくば	一般	104	False
5535	辞書	じしょ	一般	107	True
5535	開府	かいふ	一般	115	True
5535	魚粉	ぎょふん	一般	114	True
5535	鮑魚	ほうぎょ	一般	115	False
5536	債鬼	さいき	一般	115	False
5536	初雪	はつゆき	一般	120	False
5536	天機	てんき	一般	115	True
5536	弱点	じゃくてん	一般	115	True
5536	才気	さいき	一般	115	True
5536	支社	ししゃ	一般	115	True
5536	文面	ぶんめん	一般	114	True
5536	気運	きうん	一般	115	True
5536	熟語	じゅくご	一般	115	True
5536	猜忌	さいき	一般	115	False
5536	祭器	さいき	一般	115	True
5536	転帰	てんき	一般	115	True
5537	信書	しんしょ	一般	115	True
5537	実科	じっか	一般	115	True
5537	家法	かほう	一般	116	True
5537	後備	こうび	一般	115	True
5537	心緒	しんしょ	一般	115	False
5537	懐紙	かいし	一般	115	True
5537	文系	ぶんけい	一般	103	True
5537	株価	かぶか	一般	110	False
5537	真書	しんしょ	一般	115	True
5537	短編	たんぺん	一般	96	False
5537	砲丸	ほうがん	一般	90	True
5537	裸視	らし	一般	None	False
5537	親書	しんしょ	一般	115	True
5537	親署	しんしょ	一般	115	True
5537	足並	あしなみ	一般	122	False
5537	駅員	えきいん	一般	85	True
5537	骨格	こっかく	一般	104	False
5538	上上	じょうじょう	一般	151	True
5538	仙丹	せんたん	一般	115	False
5538	代赭	たいしゃ	一般	114	False
5538	余地	よち	一般	113	True
5538	偶然	ぐうぜん	形容動詞語幹	113	True
5538	元手	もとで	一般	125	False
5538	制球	せいきゅう	一般	115	True
5538	大判	おおばん	一般	112	False
5538	大赦	たいしゃ	一般	101	False
5538	嫋嫋	じょうじょう	一般	115	False
5538	尖端	せんたん	一般	115	False
5538	師家	しか	一般	115	True
5538	情状	じょうじょう	一般	115	True
5538	戦端	せんたん	一般	115	True
5538	曲名	きょくめい	一般	107	True
5538	条条	じょうじょう	一般	115	True
5538	精子	せいし	一般	115	True
5538	糸価	しか	一般	115	True
5538	紙価	しか	一般	115	True
5538	規模	きぼ	一般	115	False
5538	詞花	しか	一般	115	True
5538	詞華	しか	一般	115	False
5538	詩家	しか	一般	115	True
5538	詩歌	しか	一般	115	True
5538	販社	はんしゃ	一般	115	True
5538	賜暇	しか	一般	115	False
5539	全長	ぜんちょう	一般	111	False
5539	労音	ろうおん	一般	None	True
5539	半搗	はんつき	一般	115	False
5539	執念	しゅうねん	一般	104	False
5539	天漢	てんかん	一般	115	False
5539	廃語	はいご	一般	115	True
5539	悪政	あくせい	一般	115	True
5539	暦法	れきほう	一般	115	True
5539	柱状	ちゅうじょう	一般	107	False
5539	済世	さいせい	一般	115	True
5539	火薬	かやく	一般	109	True
5539	癲癇	てんかん	一般	102	False
5539	祝舞	いわいまい	一般	122	False
5539	祭政	さいせい	一般	115	True
5539	黒地	くろじ	一般	115	False
5540	世嗣	せいし	一般	122	False
5540	世子	せいし	一般	115	True
5540	卵白	らんぱく	一般	115	False
5540	大雨	おおあめ	一般	114	False
5540	夫権	ふけん	一般	115	False
5540	姓氏	せいし	一般	115	True
5540	戦場	せんじょう	一般	98	True
5540	新劇	しんげき	一般	115	True
5540	有無	うむ	一般	115	True
5540	本場	ほんば	一般	112	False
5540	様相	ようそう	一般	117	True
5540	横綱	よこづな	一般	122	False
5540	正史	せいし	一般	116	True
5540	瀉剤	しゃざい	一般	115	False
5540	父権	ふけん	一般	115	False
5540	王族	おうぞく	一般	115	True
5540	珍味	ちんみ	一般	115	True
5540	聖旨	せいし	一般	115	False
5540	製糸	せいし	一般	115	True
5540	誓紙	せいし	一般	115	False
5540	誓詞	せいし	一般	115	False
5540	趣旨	しゅし	一般	115	False
5540	青史	せいし	一般	115	True
5541	上面	うわつら	一般	117	False
5541	仮象	かしょう	一般	115	False
5541	倍率	ばいりつ	一般	106	True
5541	党費	とうひ	一般	115	True
5541	大暑	たいしょ	一般	115	False
5541	太初	たいしょ	一般	115	True
5541	奨金	しょうきん	一般	116	False
5541	対蹠	たいしょ	一般	115	False
5541	川下	かわしも	一般	117	False
5541	新品	しんぴん	一般	114	True
5541	昼食	ちゅうしょく	一般	60	True
5541	烏兎	うと	一般	115	False
5541	白日	はくじつ	一般	113	True
5541	銃声	じゅうせい	一般	115	True
5542	不通	ふつう	一般	111	True
5542	別線	べつせん	一般	112	True
5542	声紋	せいもん	一般	115	True
5542	声門	せいもん	一般	115	True
5542	大目	おおめ	一般	122	False
5542	大空	おおぞら	一般	87	False
5542	扇子	せんす	一般	106	False
5542	抄造	しょうぞう	一般	115	False
5542	架線	かせん	一般	115	True
5542	次席	じせき	一般	115	True
5542	歌声	うたごえ	一般	121	False
5542	沈吟	ちんぎん	一般	101	False
5542	滔滔	とうとう	一般	134	False
5542	肖像	しょうぞう	一般	87	False
5542	英紙	えいし	一般	108	True
5542	蕩蕩	とうとう	一般	127	False
5542	誓文	せいもん	一般	115	False
5542	賃銀	ちんぎん	一般	102	True
5542	道行	みちゆき	一般	115	False
5542	雨林	うりん	一般	117	True
5543	一軒	いっけん	一般	0	True
5543	両像	りょうぞう	一般	113	True
5543	仕舞	しまい	一般	104	False
5543	佳景	かけい	一般	115	True
5543	党外	とうがい	一般	115	True
5543	家兄	かけい	一般	115	True
5543	家系	かけい	一般	113	True
5543	所天	しょてん	一般	None	True
5543	数寄	すき	一般	123	True
5543	湾岸	わんがん	一般	112	True
5543	火刑	かけい	一般	115	True
5543	純銀	じゅんぎん	一般	115	False
5543	編物	あみもの	一般	122	False
5543	花茎	かけい	一般	115	False
5543	茶宇	ちゃう	一般	91	False
5543	諸点	しょてん	一般	115	True
5543	資材	しざい	一般	115	True
5543	路面	ろめん	一般	114	True
5543	軍陣	ぐんじん	一般	115	True
5543	重傷	じゅうしょう	一般	86	False
5543	青春	せいしゅん	一般	101	True
5543	風水	ふうすい	一般	115	True
5544	内角	ないかく	一般	115	True
5544	利率	りりつ	一般	101	True
5544	前節	ぜんせつ	一般	112	True
5544	婚家	こんか	一般	112	True
5544	巨人	きょじん	一般	110	False
5544	後任	こうにん	一般	115	True
5544	文鎮	ぶんちん	一般	115	False
5544	時文	じぶん	一般	115	True
5544	末位	まつい	一般	115	True
5544	横町	よこちょう	一般	110	False
5544	水源	すいげん	一般	113	True
5544	無間	むげん	一般	115	False
5544	熱線	ねっせん	一般	115	True
5544	祭殿	さいでん	一般	114	False
5544	米寿	べいじゅ	一般	115	False
5544	綱要	こうよう	一般	115	True
5544	蒸篭	せいろう	一般	115	False
5544	要所	ようしょ	一般	110	True
5544	貴種	きしゅ	一般	115	True
5544	賃料	ちんりょう	一般	115	True
5544	重油	じゅうゆ	一般	115	True
5544	青楼	せいろう	一般	115	True
5544	飛瀑	ひばく	一般	115	False
5544	養蚕	ようさん	一般	115	False
5545	俚耳	りじ	一般	115	False
5545	公金	こうきん	一般	113	True
5545	卵子	らんし	一般	114	True
5545	山行	さんこう	一般	93	True
5545	川岸	かわぎし	一般	114	False
5545	心裏	しんり	一般	115	True
5545	散光	さんこう	一般	115	True
5545	方方	ほうぼう	副詞可能	105	False
5545	片刃	かたは	一般	122	False
5545	珈琲	こーひー	一般	91	False
5545	異状	いじょう	一般	115	True
5545	硫酸	りゅうさん	一般	115	True
5545	虚像	きょぞう	一般	115	True
5545	西暦	せいれき	一般	114	True
5545	諸国	しょこく	一般	81	True
5545	讚仰	さんこう	一般	115	False
5545	賛仰	さんこう	一般	101	False
5545	軽油	けいゆ	一般	115	True
5545	逆接	ぎゃくせつ	一般	115	True
5545	配下	はいか	一般	115	True
5545	音頭	おんど	一般	114	False
5546	上角	うえすみ	一般	None	False
5546	便数	びんすう	一般	115	True
5546	偽計	ぎけい	一般	115	False
5546	前歯	まえば	一般	121	False
5546	原画	げんが	一般	114	True
5546	喪中	もちゅう	一般	115	True
5546	地獄	じごく	一般	115	True
5546	天性	てんせい	副詞可能	118	True
5546	性質	せいしつ	一般	112	True
5546	旧家	きゅうか	一般	96	True
5546	旧知	きゅうち	一般	115	True
5546	火花	ひばな	一般	115	False
5546	熱気	ねっき	一般	115	True
5546	物資	ぶっし	一般	115	False
5546	薄氷	はくひょう	一般	100	False
5546	訃報	ふほう	一般	115	True
5546	身分	みぶん	一般	104	False
5546	農薬	のうやく	一般	114	True
5547	個展	こてん	一般	115	True
5547	再話	さいわ	一般	101	True
5547	凶弾	きょうだん	一般	115	True
5547	初動	しょどう	一般	112	True
5547	卒中	そっちゅう	一般	72	False
5547	壁画	へきが	一般	115	False
5547	大局	たいきょく	一般	114	True
5547	女房	にょうぼう	一般	98	False
5547	時論	じろん	一般	115	True
5547	湿気	しっけ	一般	103	False
5547	激痛	げきつう	一般	115	True
5547	無税	むぜい	一般	109	True
5547	皇室	こうしつ	一般	114	True
5547	薄型	うすがた	一般	116	False
5547	表側	おもてがわ	一般	118	False
5547	要素	ようそ	一般	113	True
5547	諸道	しょどう	一般	123	True
5547	費目	ひもく	一般	115	True
5547	郷土	きょうど	一般	115	False
5547	食膳	しょくぜん	一般	115	True
5548	不死	ふし	一般	118	True
5548	付子	ふし	一般	114	True
5548	各位	かくい	一般	115	True
5548	各店	かくてん	一般	115	True
5548	垂心	すいしん	一般	115	False
5548	塗料	とりょう	一般	115	False
5548	実態	じったい	一般	106	True
5548	封書	ふうしょ	一般	115	True
5548	左党	さとう	一般	114	True
5548	快刀	かいとう	一般	115	False
5548	急電	きゅうでん	一般	121	True
5548	怪盗	かいとう	一般	115	True
5548	悪声	あくせい	一般	115	True
5548	機首	きしゅ	一般	115	True
5548	法要	ほうよう	一般	115	True
5548	火手	かしゅ	一般	115	True
5548	火酒	かしゅ	一般	115	True
5548	異臭	いしゅう	一般	115	True
5548	終期	しゅうき	一般	115	True
5548	街角	まちかど	一般	120	False
5548	見付	みつけ	一般	122	False
5548	訳書	やくしょ	一般	115	True
5548	読後	どくご	一般	115	True
5548	道場	どうじょう	一般	102	True
5548	里方	さとかた	一般	122	False
5548	銃砲	じゅうほう	一般	115	True
5548	騎手	きしゅ	一般	115	True
5549	南郊	なんこう	一般	115	False
5549	名称	めいしょう	一般	115	True
5549	吹雪	ふぶき	一般	121	False
5549	液状	えきじょう	一般	108	True
5549	現員	げんいん	一般	115	True
5549	秋桜	あきざくら	一般	94	False
5549	総勢	そうぜい	一般	115	True
5549	軟膏	なんこう	一般	115	False
5549	軟鋼	なんこう	一般	115	False
5549	農村	のうそん	一般	113	True
5549	金鉄	きんてつ	一般	115	True
5549	頂点	ちょうてん	一般	115	False
5549	鼻唄	はなうた	一般	108	False
5550	同府	どうふ	一般	102	True
5550	声名	せいめい	一般	115	True
5550	大男	おおおとこ	一般	108	False
5550	奇手	きしゅ	一般	115	True
5550	小使	こづかい	一般	122	False
5550	廃案	はいあん	一般	115	True
5550	戦士	せんし	一般	112	True
5550	手袋	てぶくろ	一般	108	False
5550	数列	すうれつ	一般	115	True
5550	桐油	とうゆ	一般	115	False
5550	母性	ぼせい	一般	114	True
5550	消印	けしいん	一般	115	False
5550	病床	びょうしょう	一般	113	True
5550	盛名	せいめい	一般	115	False
5550	直球	ちょっきゅう	一般	115	False
5550	硯池	けんち	一般	115	False
5550	紙魚	しみ	一般	125	False
5550	蠧魚	しみ	一般	125	False
5550	衣魚	しみ	一般	125	False
5550	軽傷	けいしょう	一般	115	False
5551	下角	したすみ	一般	None	False
5551	何事	なにごと	一般	104	False
5551	例外	れいがい	一般	108	True
5551	刺客	しかく	一般	88	True
5551	大所	たいしょ	一般	135	True
5551	宝永	ほうえい	一般	None	False
5551	小遣	こづかい	一般	122	False
5551	征矢	そや	一般	122	False
5551	接点	せってん	一般	115	True
5551	旧型	きゅうがた	一般	104	False
5551	民家	みんか	一般	114	True
5551	白丁	はくちょう	一般	115	True
5551	蔵元	くらもと	一般	117	False
5551	路程	ろてい	一般	115	False
5551	較差	かくさ	一般	115	False
5551	陸士	りくし	一般	113	True
5551	風土	ふうど	一般	103	True
5552	代地	だいち	一般	116	True
5552	代打	だいだ	一般	95	True
5552	会誌	かいし	一般	126	True
5552	医長	いちょう	一般	133	True
5552	咄嗟	とっさ	一般	114	False
5552	地面	じめん	一般	115	True
5552	外部	がいぶ	一般	108	True
5552	大麦	おおむぎ	一般	122	False
5552	学芸	がくげい	一般	101	True
5552	弾道	だんどう	一般	114	True
5552	数学	すうがく	一般	61	True
5552	旧遊	きゅうゆう	一般	115	True
5552	海損	かいそん	一般	115	True
5552	無位	むい	一般	115	True
5552	知性	ちせい	一般	112	True
5552	私書	ししょ	一般	107	True
5552	純銅	じゅんどう	一般	115	False
5552	級友	きゅうゆう	一般	115	True
5552	繊切	せんぎり	一般	102	False
5552	航路	こうろ	一般	115	True
5552	観点	かんてん	一般	114	True
5553	会規	かいき	一般	115	True
5553	保安	ほあん	一般	79	True
5553	全期	ぜんき	一般	118	False
5553	公園	こうえん	一般	42	True
5553	原版	げんばん	一般	115	True
5553	名士	めいし	一般	114	True
5553	干潮	かんちょう	一般	113	False
5553	数奇	すき	一般	121	True
5553	春雨	はるさめ	一般	89	False
5553	海気	かいき	一般	106	True
5553	皆既	かいき	一般	115	False
5553	礬水	どうさ	一般	115	False
5553	買気	かいき	一般	115	False
5553	週間	しゅうかん	一般	108	True
5553	銀色	ぎんいろ	一般	80	False
5553	開基	かいき	一般	115	True
5553	陶砂	どうさ	一般	115	False
5553	黒板	こくばん	一般	114	True
5554	俳文	はいぶん	一般	115	False
5554	左隅	ひだりすみ	一般	122	False
5554	時速	じそく	一般	114	True
5554	活力	かつりょく	一般	115	True
5554	潅腸	かんちょう	一般	None	False
5554	異国	いこく	一般	114	True
5554	直系	ちょっけい	一般	112	False
5554	真心	まごころ	一般	122	False
5554	空域	くういき	一般	115	True
5554	管長	かんちょう	一般	115	True
5554	艦長	かんちょう	一般	114	True
5554	視覚	しかく	一般	115	False
5554	貫長	かんちょう	一般	None	True
5554	貫頂	かんちょう	一般	None	False
5554	貸付	かしつけ	一般	107	False
5554	釘隠	くぎかくし	一般	122	False
5554	鉄筋	てっきん	一般	115	False
5554	間諜	かんちょう	一般	115	False
5555	人材	じんざい	一般	83	True
5555	伏目	ふしめ	一般	122	False
5555	准尉	じゅんい	一般	115	False
5555	右岸	うがん	一般	113	True
5555	存分	ぞんぶん	一般	122	True
5555	小玉	こだま	一般	122	False
5555	果樹	かじゅ	一般	114	True
5555	桃色	ももいろ	一般	122	False
5555	片隅	かたすみ	一般	122	False
5555	砂浜	すなはま	一般	122	False
5555	総記	そうき	一般	115	True
5555	胸痛	きょうつう	一般	115	False
5555	薄給	はっきゅう	一般	115	False
5555	視角	しかく	一般	115	True
5556	土中	どちゅう	一般	102	True
5556	学究	がっきゅう	一般	115	True
5556	教壇	きょうだん	一般	115	True
5556	材質	ざいしつ	一般	115	True
5556	条項	じょうこう	一般	109	True
5556	死角	しかく	一般	115	True
5556	潮風	しおかぜ	一般	122	False
5556	療法	りょうほう	一般	115	False
5556	稜線	りょうせん	一般	115	True
5556	算術	さんじゅつ	一般	115	True
5556	線路	せんろ	一般	106	True
5556	詩格	しかく	一般	115	True
5556	財閥	ざいばつ	一般	115	True
5556	鋼板	こうはん	一般	115	True
5556	領域	りょういき	一般	104	False
5557	古制	こせい	一般	115	True
5557	大潮	おおしお	一般	122	False
5557	字形	じけい	一般	168	True
5557	小瓶	こびん	一般	113	False
5557	小難	しょうなん	一般	115	True
5557	幸先	さいさき	一般	122	False
5557	怒気	どき	一般	115	False
5557	普遍	ふへん	一般	113	True
5557	杜鵑	とけん	一般	115	False
5557	松林	まつばやし	一般	106	False
5557	架空	かくう	一般	113	True
5557	歯車	はぐるま	一般	122	False
5557	羚羊	かもしか	一般	115	False
5557	路地	ろじ	一般	115	True
5557	車枠	くるまわく	一般	122	False
5557	酒屋	さかや	一般	102	False
5558	不才	ふさい	一般	115	True
5558	体面	たいめん	一般	115	True
5558	倭文	しず	一般	122	False
5558	即座	そくざ	一般	115	True
5558	喪主	もしゅ	一般	115	True
5558	多産	たさん	一般	115	True
5558	大腿	だいたい	一般	115	False
5558	大隊	だいたい	一般	115	True
5558	形見	かたみ	一般	123	False
5558	恋心	こいごころ	一般	122	False
5558	愚者	ぐしゃ	一般	115	True
5558	撰集	せんしゅう	一般	115	True
5558	景観	けいかん	一般	109	True
5558	本籍	ほんせき	一般	113	True
5558	武家	ぶけ	一般	99	True
5558	油絵	あぶらえ	一般	115	False
5558	港湾	こうわん	一般	112	True
5558	聖戦	せいせん	一般	115	False
5558	色弱	しきじゃく	一般	115	False
5558	難所	なんしょ	一般	115	True
5559	不偏	ふへん	一般	115	True
5559	人件	じんけん	一般	115	True
5559	初婚	しょこん	一般	115	True
5559	原液	げんえき	一般	115	True
5559	双極	そうきょく	一般	113	True
5559	土日	どにち	一般	179	True
5559	小鉢	こばち	一般	114	False
5559	急談	きゅうだん	一般	115	True
5559	悪日	あくび	一般	115	False
5559	新芽	しんめ	一般	115	True
5559	旧債	きゅうさい	一般	115	True
5559	有志	ゆうし	一般	98	True
5559	無言	むごん	一般	112	True
5559	破瓜	はか	一般	115	False
5559	薬味	やくみ	一般	115	True
5559	要件	ようけん	一般	115	True
5559	賭場	とば	一般	115	False
5559	迫力	はくりょく	一般	115	True
5559	長拳	ちょうけん	一般	114	True
5559	面輪	おもわ	一般	122	False
5560	一難	いちなん	一般	105	True
5560	下屋	げや	一般	115	False
5560	兇弾	きょうだん	一般	115	False
5560	区民	くみん	一般	147	True
5560	各線	かくせん	一般	108	True
5560	墓場	はかば	一般	121	False
5560	守勢	しゅせい	一般	115	True
5560	小銃	しょうじゅう	一般	115	True
5560	府庁	ふちょう	一般	92	True
5560	後継	こうけい	一般	88	True
5560	特典	とくてん	一般	115	True
5560	盗賊	とうぞく	一般	112	True
5560	社主	しゃしゅ	一般	120	True
5560	祖国	そこく	一般	113	True
5560	秋桜	こすもす	一般	94	False
5560	経堂	きょうどう	一般	None	False
5560	評伝	ひょうでん	一般	115	True
5560	語録	ごろく	一般	115	True
5560	足元	あしもと	一般	104	False
5560	軒数	けんすう	一般	115	True
5560	陶工	とうこう	一般	115	True
5561	上官	じょうかん	一般	111	True
5561	他方	たほう	一般	106	True
5561	伏兵	ふくへい	一般	115	True
5561	全容	ぜんよう	一般	115	False
5561	全景	ぜんけい	一般	115	False
5561	前掲	ぜんけい	一般	115	False
5561	前景	ぜんけい	一般	115	True
5561	家長	かちょう	一般	115	True
5561	恋人	こいびと	一般	114	False
5561	教主	きょうしゅ	一般	115	True
5561	文物	ぶんぶつ	一般	84	True
5561	横議	おうぎ	一般	115	True
5561	眼下	がんか	一般	112	True
5561	社頭	しゃとう	一般	115	True
5561	私案	しあん	一般	115	True
5561	筋力	きんりょく	一般	115	True
5561	締切	しめきり	一般	117	False
5561	胆汁	たんじゅう	一般	115	False
5561	行進	こうしん	サ変接続	101	True
5561	親元	おやもと	一般	107	False
5561	金券	きんけん	一般	115	True
5561	鋼鉄	こうてつ	一般	99	True
5561	高床	たかゆか	一般	122	False
5562	一礼	いちれい	サ変接続	150	True
5562	不作	ふさく	一般	114	True
5562	井戸	いど	一般	83	False
5562	休暇	きゅうか	一般	115	False
5562	元宵	げんしょう	一般	115	False
5562	内耳	ないじ	一般	114	True
5562	円上	えんじょう	一般	115	True
5562	哲学	てつがく	一般	94	False
5562	回文	かいぶん	一般	115	True
5562	威力	いりょく	一般	115	True
5562	家裁	かさい	一般	115	True
5562	尚早	しょうそう	形容動詞語幹	115	False
5562	廻文	かいぶん	一般	115	True
5562	御形	ごぎょう	一般	115	True
5562	怪獣	かいじゅう	一般	114	True
5562	怪聞	かいぶん	一般	115	True
5562	情操	じょうそう	一般	115	True
5562	日次	にちじ	一般	115	True
5562	旭光	きょっこう	一般	115	False
5562	景色	けしき	一般	73	False
5562	正妻	せいさい	一般	115	False
5562	死神	しにがみ	一般	101	False
5562	母国	ぼこく	一般	90	True
5562	清宴	せいえん	一般	115	True
5562	現職	げんしょく	一般	111	True
5562	生彩	せいさい	一般	115	False
5562	盛宴	せいえん	一般	115	False
5562	社団	しゃだん	一般	115	True
5562	私財	しざい	一般	115	True
5562	精彩	せいさい	一般	115	False
5562	聖祭	せいさい	一般	115	False
5562	自体	じたい	一般	113	True
5562	薬剤	やくざい	一般	115	True
5562	裏面	りめん	一般	108	True
5562	言笑	げんしょう	一般	115	False
5562	輪禍	りんか	一般	115	True
5562	風景	ふうけい	一般	114	True
5562	風潮	ふうちょう	一般	115	False
5563	主旨	しゅし	一般	115	False
5563	伴走	ばんそう	一般	101	False
5563	公費	こうひ	一般	115	True
5563	原人	げんじん	一般	115	True
5563	原潜	げんせん	一般	102	False
5563	台地	だいち	一般	111	True
5563	夏物	なつもの	一般	118	False
5563	小吏	しょうり	一般	115	False
5563	年下	としした	一般	70	False
5563	幼年	ようねん	一般	114	True
5563	扇状	せんじょう	一般	115	False
5563	捷利	しょうり	一般	101	False
5563	昼前	ひるまえ	副詞可能	84	False
5563	未完	みかん	一般	116	True
5563	朱筆	しゅひつ	一般	115	True
5563	村立	そんりつ	一般	148	True
5563	条鋼	じょうこう	一般	115	True
5563	松籟	しょうらい	一般	115	False
5563	気力	きりょく	一般	106	True
5563	混沌	こんとん	一般	114	False
5563	立場	たちば	一般	0	False
5563	線条	せんじょう	一般	115	True
5563	色街	いろまち	一般	122	False
5563	課徴	かちょう	一般	115	True
5563	貴国	きこく	一般	115	True
5563	賀状	がじょう	一般	127	True
5563	軍談	ぐんだん	一般	115	True
5563	郵船	ゆうせん	一般	115	False
5563	陽光	ようこう	一般	120	True
5563	鮮場	せんじょう	一般	None	False
5564	元素	げんそ	一般	115	True
5564	全文	ぜんぶん	一般	114	False
5564	冷灰	れいかい	一般	115	False
5564	単語	たんご	一般	93	False
5564	口先	くちさき	一般	122	False
5564	夕鶴	ゆうづる	一般	122	False
5564	外人	がいじん	一般	105	True
5564	御世	みよ	一般	160	False
5564	御膳	ごぜん	一般	None	True
5564	悪臭	あくしゅう	一般	114	True
5564	最貧	さいひん	一般	110	True
5564	果物	くだもの	一般	122	False
5564	私腹	しふく	一般	115	False
5564	越権	えっけん	一般	115	False
5564	道庁	どうちょう	一般	111	True
5564	雷雨	らいう	一般	114	False
5564	霊界	れいかい	一般	113	True
5564	鬼哭	きこく	一般	115	False
5564	麻紙	まし	一般	115	False
5565	内政	ないせい	一般	114	True
5565	労相	ろうしょう	一般	128	True
5565	厳刑	げんけい	一般	115	True
5565	古典	こてん	一般	114	True
5565	土手	どて	一般	114	False
5565	家人	かじん	一般	117	True
5565	尾根	おね	一般	122	False
5565	底辺	ていへん	一般	115	True
5565	採火	さいか	一般	115	True
5565	新春	しんしゅん	一般	114	True
5565	災禍	さいか	一般	115	False
5565	牛肉	ぎゅうにく	一般	115	True
5565	現形	げんけい	一般	115	True
5565	皮癬	ひぜん	一般	115	False
5565	細瑕	さいか	一般	115	False
5565	腰痛	ようつう	一般	115	False
5565	載貨	さいか	一般	115	True
5565	食料	しょくりょう	一般	113	True
5566	交点	こうてん	一般	115	True
5566	光点	こうてん	一般	115	True
5566	別製	べっせい	一般	115	True
5566	各人	かくじん	副詞可能	115	True
5566	大命	たいめい	一般	115	False
5566	屋外	おくがい	一般	115	True
5566	文名	ぶんめい	一般	115	True
5566	新都	しんと	一般	97	True
5566	津浪	つなみ	一般	119	False
5566	海嘯	つなみ	一般	115	False
5566	煮汁	にじる	一般	122	False
5566	群島	ぐんとう	一般	112	True
5566	老木	ろうぼく	一般	115	True
5566	脳裏	のうり	一般	115	True
5566	腸線	ちょうせん	一般	115	True
5566	荒天	こうてん	一般	115	True
5566	裏口	うらぐち	一般	121	False
5566	視線	しせん	一般	102	True
5566	託児	たくじ	一般	115	True
5566	銅像	どうぞう	一般	115	True
5566	首級	しゅきゅう	一般	115	True
5566	馬券	ばけん	一般	108	True
5566	高点	こうてん	一般	115	True
5567	人格	じんかく	一般	138	True
5567	左下	ひだりした	一般	75	False
5567	廃車	はいしゃ	一般	115	True
5567	忌日	きじつ	一般	115	True
5567	情歌	じょうか	一般	115	True
5567	情火	じょうか	一般	115	True
5567	木製	もくせい	一般	93	True
5567	核化	かくか	一般	145	True
5567	水位	すいい	一般	105	True
5567	浄火	じょうか	一般	115	False
5567	石像	せきぞう	一般	115	True
5567	終値	おわりね	一般	122	False
5567	総論	そうろん	一般	111	True
5567	転院	てんいん	一般	101	True
5567	農相	のうしょう	一般	115	True
5567	食器	しょっき	一般	113	False
5567	高坏	たかつき	一般	122	False
5568	上面	じょうめん	一般	117	True
5568	不渡	ふわたり	一般	115	False
5568	中啓	ちゅうけい	一般	115	True
5568	主祭	しゅさい	一般	115	True
5568	仲兄	ちゅうけい	一般	115	False
5568	内廓	ないかく	一般	115	False
5568	内郭	ないかく	一般	115	False
5568	剛腕	ごうわん	一般	115	True
5568	妖星	ようせい	一般	115	False
5568	妖精	ようせい	一般	115	False
5568	妙味	みょうみ	一般	115	True
5568	定員	ていいん	一般	114	True
5568	寄道	よりみち	一般	108	False
5568	幼生	ようせい	一般	115	True
5568	弧光	ここう	一般	115	True
5568	心肺	しんぱい	一般	115	False
5568	溶性	ようせい	一般	116	False
5568	炭疽	たんそ	一般	115	False
5568	端午	たんご	一般	115	True
5568	糊口	ここう	一般	115	False
5568	総力	そうりょく	一般	97	True
5568	線量	せんりょう	一般	163	True
5568	美人	びじん	一般	78	True
5568	股肱	ここう	一般	115	False
5568	背骨	せぼね	一般	122	False
5568	花鳥	かちょう	一般	115	True
5568	虎口	ここう	一般	115	False
5568	表札	ひょうさつ	一般	115	True
5568	軒下	のきした	一般	122	False
5568	鉛筆	えんぴつ	一般	115	False
5568	音程	おんてい	一般	118	False
5568	餬口	ここう	一般	115	False
5568	高卒	こうそつ	一般	109	True
5569	丘陵	きゅうりょう	一般	115	False
5569	前菜	ぜんさい	一般	115	True
5569	動悸	どうき	一般	115	False
5569	動意	どうい	一般	115	True
5569	史官	しかん	一般	115	True
5569	同気	どうき	一般	115	True
5569	国司	こくし	一般	109	False
5569	国師	こくし	一般	115	True
5569	士関	しかん	一般	None	True
5569	奴僕	どぼく	一般	115	False
5569	子癇	しかん	一般	115	True
5569	年頭	ねんとう	一般	100	True
5569	急流	きゅうりゅう	一般	115	True
5569	悪玉	あくだま	一般	115	False
5569	時化	しけ	一般	120	False
5569	本体	ほんたい	一般	105	True
5569	止観	しかん	一般	115	True
5569	水槽	すいそう	一般	119	True
5569	海布	め	一般	122	False
5569	祠官	しかん	一般	115	False
5569	胴衣	どうい	一般	113	True
5569	舞楽	ぶがく	一般	115	False
5569	詩巻	しかん	一般	115	True
5569	都銀	とぎん	一般	98	True
5569	金堂	こんどう	一般	115	False
5569	電灯	でんとう	一般	115	True
5569	駐禁	ちゅうきん	一般	115	True
5570	上衣	うわぎ	一般	121	False
5570	党則	とうそく	一般	115	True
5570	内側	うちがわ	一般	76	False
5570	切切	せつせつ	一般	129	True
5570	初給	しょきゅう	一般	115	True
5570	台帳	だいちょう	一般	114	True
5570	司書	ししょ	一般	115	False
5570	小皺	こじわ	一般	122	False
5570	師団	しだん	一般	114	True
5570	悪役	あくやく	一般	115	True
5570	戦利	せんり	一般	115	True
5570	文句	もんく	一般	113	True
5570	晴眼	せいがん	一般	115	True
5570	正眼	せいがん	一般	115	True
5570	比重	ひじゅう	一般	113	True
5570	浴用	よくよう	一般	115	True
5570	痴情	ちじょう	一般	115	False
5570	私産	しさん	一般	115	True
5570	管財	かんざい	一般	115	True
5570	艦内	かんない	一般	113	True
5570	誓願	せいがん	一般	101	False
5570	賜餐	しさん	一般	115	False
5570	足音	あしおと	一般	121	False
5570	農政	のうせい	一般	111	True
5570	銃後	じゅうご	一般	113	True
5570	青眼	せいがん	一般	99	True
5570	魔女	まじょ	一般	144	True
5570	黒翁	こくおう	一般	115	False
5571	上弦	じょうげん	一般	115	True
5571	士道	しどう	一般	116	True
5571	夜桜	よざくら	一般	113	False
5571	大猟	たいりょう	一般	115	True
5571	大詰	おおづめ	一般	118	False
5571	府警	ふけい	一般	125	True
5571	木舞	こまい	一般	122	False
5571	横笛	よこぶえ	一般	122	False
5571	気持	きもち	一般	113	False
5571	洋語	ようご	一般	126	True
5571	無冠	むかん	一般	115	True
5571	片道	かたみち	一般	118	False
5571	用後	ようご	一般	115	True
5571	真顔	まがお	一般	117	False
5571	系列	けいれつ	一般	114	True
5571	陣中	じんちゅう	一般	109	True
5571	階数	かいすう	一般	115	True
5572	人絹	じんけん	一般	115	False
5572	偉人	いじん	一般	113	False
5572	元始	げんし	一般	115	True
5572	原紙	げんし	一般	115	True
5572	原詩	げんし	一般	115	True
5572	原資	げんし	一般	115	True
5572	夕刊	ゆうかん	一般	115	False
5572	学派	がくは	一般	111	True
5572	幻視	げんし	一般	115	False
5572	御霊	みたま	一般	145	False
5572	忠士	ちゅうし	一般	115	True
5572	感覚	かんかく	一般	99	False
5572	攻勢	こうせい	一般	115	True
5572	潮位	ちょうい	一般	115	False
5572	現物	げんぶつ	一般	115	True
5572	築地	つきじ	一般	129	False
5572	結核	けっかく	一般	97	True
5572	茶室	ちゃしつ	一般	113	True
5572	陣痛	じんつう	一般	114	True
5572	駅弁	えきべん	一般	115	True
5573	会席	かいせき	一般	115	True
5573	信実	しんじつ	一般	115	True
5573	冗談	じょうだん	一般	120	False
5573	合金	ごうきん	一般	113	True
5573	地理	ちり	一般	111	True
5573	宿願	しゅくがん	一般	115	False
5573	師道	しどう	一般	115	True
5573	常談	じょうだん	一般	115	False
5573	愛車	あいしゃ	一般	108	True
5573	所懐	しょかい	一般	115	True
5573	手編	てあみ	一般	122	False
5573	斯道	しどう	一般	115	False
5573	無稽	むけい	一般	113	True
5573	盛年	せいねん	一般	115	False
5573	祠堂	しどう	一般	115	False
5573	私道	しどう	一般	113	True
5573	童心	どうしん	一般	115	False
5573	色彩	しきさい	一般	115	False
5573	薬用	やくよう	一般	115	True
5573	話題	わだい	一般	115	True
5573	農奴	のうど	一般	115	False
5573	金品	きんぴん	一般	113	True
5573	食卓	しょくたく	一般	114	False
5574	両隣	りょうどなり	一般	115	False
5574	信金	しんきん	一般	95	True
5574	副将	ふくしょう	一般	115	True
5574	卒論	そつろん	一般	115	True
5574	図柄	ずがら	一般	115	False
5574	大粒	おおつぶ	一般	104	False
5574	大願	たいがん	一般	115	True
5574	天道	てんとう	一般	115	True
5574	形像	けいぞう	一般	115	True
5574	後方	こうほう	一般	0	True
5574	恵贈	けいぞう	一般	115	False
5574	日陰	ひかげ	一般	122	False
5574	木具	きぐ	一般	115	False
5574	橙色	だいだいいろ	一般	122	False
5574	機具	きぐ	一般	76	True
5574	欠点	けってん	一般	115	False
5574	歩調	ほちょう	一般	115	True
5574	水色	みずいろ	一般	95	False
5574	涼感	りょうかん	一般	118	True
5574	粘性	ねんせい	一般	115	False
5574	蚕種	さんしゅ	一般	115	False
5574	親善	しんぜん	一般	109	True
5574	謝辞	しゃじ	一般	115	False
5574	逸品	いっぴん	一般	115	True
5574	鼻骨	びこつ	一般	115	False
5575	両極	りょうきょく	一般	115	True
5575	仮題	かだい	一般	115	False
5575	会舘	かいかん	一般	None	False
5575	内廷	ないてい	一般	115	False
5575	商圏	しょうけん	一般	111	True
5575	商権	しょうけん	一般	115	False
5575	大瓶	おおびん	一般	114	False
5575	大砲	たいほう	一般	115	True
5575	寒帯	かんたい	一般	115	True
5575	差等	さとう	一般	115	True
5575	怪漢	かいかん	一般	115	False
5575	慶弔	けいちょう	一般	115	True
5575	日傭	ひよう	一般	115	False
5575	旧名	きゅうめい	一般	115	True
5575	暖地	だんち	一般	115	True
5575	権益	けんえき	一般	114	False
5575	正絹	しょうけん	一般	115	False
5575	無休	むきゅう	一般	115	True
5575	理性	りせい	一般	116	True
5575	病舎	びょうしゃ	一般	115	True
5575	竹叢	たかむら	一般	121	False
5575	緩怠	かんたい	一般	115	False
5575	美顔	びがん	一般	115	False
5575	航法	こうほう	一般	115	True
5575	證券	しょうけん	一般	115	False
5575	軍楽	ぐんがく	一般	90	False
5575	開巻	かいかん	一般	115	True
5575	靴箱	くつばこ	一般	122	False
5576	主観	しゅかん	一般	115	True
5576	余暇	よか	一般	114	False
5576	係官	かかりかん	一般	105	False
5576	円陣	えんじん	一般	115	True
5576	刀痕	とうこん	一般	115	True
5576	力士	りきし	一般	113	True
5576	原審	げんしん	一般	115	False
5576	厭人	えんじん	一般	115	False
5576	定休	ていきゅう	一般	112	True
5576	探題	たんだい	一般	115	False
5576	敬称	けいしょう	一般	115	True
5576	本命	ほんめい	一般	115	False
5576	本箱	ほんばこ	一般	114	False
5576	極限	きょくげん	一般	114	True
5576	略歴	りゃくれき	一般	115	True
5576	痘痕	とうこん	一般	91	False
5576	砕片	さいへん	一般	115	False
5576	絵柄	えがら	一般	115	False
5576	至福	しふく	一般	115	False
5576	要項	ようこう	一般	115	True
5576	読方	よみかた	一般	None	False
5576	路次	ろじ	一般	115	True
5576	軍隊	ぐんたい	一般	82	True
5576	霊力	れいりょく	一般	114	True
5576	香道	こうどう	一般	115	True
5577	下着	したぎ	一般	120	False
5577	出番	でばん	一般	115	False
5577	原理	げんり	一般	118	True
5577	原野	げんや	一般	126	True
5577	基数	きすう	一般	115	True
5577	夕暮	ゆうぐれ	一般	117	False
5577	大権	たいけん	一般	112	False
5577	已上	いじょう	一般	91	False
5577	新郎	しんろう	一般	115	True
5577	染料	せんりょう	一般	115	True
5577	法量	ほうりょう	一般	115	True
5577	満席	まんせき	一般	115	True
5577	男色	なんしょく	一般	115	True
5577	目頭	めがしら	一般	122	False
5577	祭典	さいてん	一般	115	True
5577	竹筒	たけづつ	一般	122	False
5577	絵巻	えまき	一般	112	False
5577	縮図	しゅくず	一般	115	False
5577	螢袋	ほたるぶくろ	一般	122	False
5577	風物	ふうぶつ	一般	114	True
5577	食物	くいもの	一般	104	False
5578	半紙	はんし	一般	103	True
5578	反感	はんかん	一般	114	True
5578	天刑	てんけい	一般	115	True
5578	天啓	てんけい	一般	115	True
5578	天恵	てんけい	一般	115	False
5578	家元	いえもと	一般	105	False
5578	導管	どうかん	一般	115	False
5578	工費	こうひ	一般	115	True
5578	底力	そこぢから	一般	122	False
5578	店先	みせさき	一般	122	False
5578	感興	かんきょう	一般	115	True
5578	手鏡	てかがみ	一般	122	False
5578	文官	ぶんかん	一般	115	True
5578	添景	てんけい	一般	115	False
5578	点景	てんけい	一般	115	True
5578	目先	めさき	一般	122	False
5578	紫色	むらさきいろ	一般	122	False
5578	総評	そうひょう	一般	115	True
5578	自棄	やけ	一般	109	False
5578	艦橋	かんきょう	一般	115	True
5578	藩士	はんし	一般	162	True
5578	運命	うんめい	一般	114	False
5578	道管	どうかん	一般	115	True
5578	金棒	かなぼう	一般	121	False
5578	随筆	ずいひつ	一般	115	True
5578	雄図	ゆうと	一般	115	True
5578	雄途	ゆうと	一般	115	True
5578	雑音	ざつおん	一般	114	True
5578	靴下	くつした	一般	122	False
5578	骨盤	こつばん	一般	115	True
5579	中型	ちゅうがた	一般	107	False
5579	主峰	しゅほう	一般	115	True
5579	修法	しゅほう	一般	111	False
5579	全店	ぜんてん	一般	118	False
5579	同族	どうぞく	一般	115	True
5579	大邦	たいほう	一般	115	False
5579	悪女	あくじょ	一般	116	True
5579	意外	いがい	形容動詞語幹	119	True
5579	本土	ほんど	一般	109	True
5579	架台	かだい	一般	115	True
5579	海中	かいちゅう	一般	94	True
5579	溜息	ためいき	一般	119	False
5579	漏斗	ろうと	一般	103	False
5579	紙幅	しふく	一般	115	True
5579	脾臓	ひぞう	一般	115	False
5579	花台	かだい	一般	115	True
5579	血便	けつべん	一般	115	False
5579	行楽	こうらく	一般	108	True
5579	装束	しょうぞく	一般	0	False
5579	誘因	ゆういん	一般	115	False
5579	趣意	しゅい	一般	115	False
5579	近著	きんちょ	一般	115	True
5579	長流	ちょうりゅう	一般	115	True
5579	電設	でんせつ	一般	115	True
5579	音階	おんかい	一般	115	True
5579	饂飩	うどん	一般	110	False
5580	不問	ふもん	一般	115	True
5580	主位	しゅい	一般	115	True
5580	主意	しゅい	一般	115	True
5580	主薬	しゅやく	一般	115	True
5580	出先	でさき	一般	123	False
5580	半角	はんかく	一般	115	True
5580	厚相	こうしょう	一般	115	False
5580	境目	さかいめ	一般	121	False
5580	大盤	おおばん	一般	114	False
5580	官報	かんぽう	一般	115	False
5580	宝刀	ほうとう	一般	115	False
5580	小骨	こぼね	一般	112	False
5580	座像	ざぞう	一般	115	True
5580	康平	こうへい	一般	None	True
5580	御撰	ぎょせん	一般	115	True
5580	恩師	おんし	一般	114	True
5580	悪法	あくほう	一般	113	True
5580	手薄	てうす	形容動詞語幹	139	False
5580	救療	きゅうりょう	一般	115	False
5580	旧領	きゅうりょう	一般	115	False
5580	有事	ゆうじ	一般	108	True
5580	朋党	ほうとう	一般	115	False
5580	段差	だんさ	一般	115	True
5580	法灯	ほうとう	一般	115	True
5580	法統	ほうとう	一般	115	True
5580	産廃	さんぱい	一般	113	False
5580	用事	ようじ	一般	119	True
5580	社署	しゃしょ	一般	115	True
5580	空洞	くうどう	一般	115	False
5580	空腹	くうふく	一般	113	False
5580	紅玉	こうぎょく	一般	0	False
5580	胎児	たいじ	一般	115	False
5580	艶聞	えんぶん	一般	115	False
5580	艷文	えんぶん	一般	None	False
5580	艷聞	えんぶん	一般	None	False
5580	衍文	えんぶん	一般	115	False
5580	見世	みせ	一般	113	False
5580	観法	かんぽう	一般	115	False
5580	販拡	はんかく	一般	None	False
5580	足場	あしば	一般	122	False
5580	道教	どうきょう	一般	None	True
5580	銅器	どうき	一般	128	True
5581	写字	しゃじ	一般	115	True
5581	劇薬	げきやく	一般	115	True
5581	境地	きょうち	一般	120	True
5581	大軍	たいぐん	一般	88	True
5581	寮舎	りょうしゃ	一般	115	True
5581	帝政	ていせい	一般	115	True
5581	平常	へいじょう	副詞可能	91	False
5581	後味	あとあじ	一般	118	False
5581	得策	とくさく	一般	115	True
5581	御宇	ぎょう	一般	115	False
5581	戦敗	せんぱい	一般	115	False
5581	毒薬	どくやく	一般	115	True
5581	肥饒	ひじょう	一般	None	False
5581	背水	はいすい	一般	115	False
5581	脇役	わきやく	一般	115	True
5581	薄紙	うすがみ	一般	122	False
5581	貨幣	かへい	一般	115	False
5581	貸出	かしだし	一般	110	False
5581	車体	しゃたい	一般	114	True
5581	車輌	しゃりょう	一般	114	False
5581	車輛	しゃりょう	一般	114	False
5581	選良	せんりょう	一般	115	True
5581	高弟	こうてい	一般	115	False
5582	人柄	ひとがら	一般	122	False
5582	光景	こうけい	一般	115	True
5582	全盲	ぜんもう	一般	115	False
5582	副審	ふくしん	一般	115	False
5582	半月	はんつき	副詞可能	90	False
5582	南口	みなみぐち	一般	119	False
5582	原価	げんか	一般	115	True
5582	原由	げんゆ	一般	118	True
5582	同家	どうけ	一般	111	True
5582	商状	しょうじょう	一般	108	True
5582	外套	がいとう	一般	115	False
5582	外来	がいらい	一般	114	True
5582	外灯	がいとう	一般	115	True
5582	多核	たかく	一般	115	True
5582	大便	だいべん	一般	114	True
5582	定性	ていせい	一般	131	True
5582	小乗	しょうじょう	一般	115	True
5582	屋根	やね	一般	119	False
5582	市有	しゆう	一般	106	True
5582	手話	しゅわ	一般	115	True
5582	掌上	しょうじょう	一般	None	False
5582	桂皮	けいひ	一般	115	False
5582	樹下	じゅか	一般	115	True
5582	民法	みんぽう	一般	113	False
5582	猩猩	しょうじょう	一般	115	False
5582	盛会	せいかい	一般	115	False
5582	粉末	ふんまつ	一般	98	True
5582	腹心	ふくしん	一般	115	False
5582	蕭条	しょうじょう	一般	129	False
5582	街灯	がいとう	一般	115	True
5582	被告	ひこく	一般	114	True
5582	規準	きじゅん	一般	115	True
5582	追手	おって	一般	112	False
5582	関取	せきとり	一般	122	False
5582	颱風	たいふう	一般	113	False
5583	中途	ちゅうと	一般	114	True
5583	主幹	しゅかん	一般	127	True
5583	代用	だいよう	サ変接続	109	True
5583	口中	くちじゅう	一般	172	False
5583	城府	じょうふ	一般	115	True
5583	多種	たしゅ	形容動詞語幹	115	True
5583	女難	じょなん	一般	115	True
5583	官僚	かんりょう	一般	115	False
5583	定府	じょうふ	一般	113	True
5583	届先	とどけさき	一般	None	False
5583	工兵	こうへい	一般	115	True
5583	情夫	じょうふ	一般	115	False
5583	情婦	じょうふ	一般	115	True
5583	戦力	せんりょく	一般	89	True
5583	旧来	きゅうらい	副詞可能	108	True
5583	早計	そうけい	一般	115	True
5583	果汁	かじゅう	一般	115	False
5583	檀紙	だんし	一般	115	False
5583	母校	ぼこう	一般	115	True
5583	炎症	えんしょう	一般	98	True
5583	異種	いしゅ	一般	115	True
5583	白刃	はくじん	一般	115	False
5583	稲作	いなさく	一般	115	False
5583	空前	くうぜん	一般	110	True
5583	竜胆	りんどう	一般	112	False
5583	符丁	ふちょう	一般	115	True
5583	符牒	ふちょう	一般	115	False
5583	花束	はなたば	一般	108	False
5583	花片	かへん	一般	115	True
5583	若妻	わかづま	一般	122	False
5583	裏地	うらじ	一般	115	False
5583	角度	かくど	一般	109	True
5583	貸金	かしきん	一般	114	False
5583	里親	さとおや	一般	121	False
5583	鶏肉	けいにく	一般	101	False
5584	両人	りょうにん	一般	115	True
5584	事態	じたい	一般	114	True
5584	仮痘	かとう	一般	115	False
5584	出前	でまえ	一般	117	False
5584	前歴	ぜんれき	一般	115	True
5584	勝率	しょうりつ	一般	115	True
5584	勤倹	きんけん	一般	115	False
5584	即事	そくじ	一般	115	True
5584	名車	めいしゃ	一般	115	True
5584	大老	たいろう	一般	114	True
5584	大腸	だいちょう	一般	111	True
5584	天元	てんげん	一般	88	True
5584	孺子	じゅし	一般	115	False
5584	巻数	かんすう	一般	100	True
5584	御前	ごぜん	一般	63	True
5584	新開	しんかい	一般	115	True
5584	木芽	きのめ	一般	119	False
5584	未墾	みこん	一般	115	False
5584	本展	ほんてん	一般	115	True
5584	果糖	かとう	一般	115	True
5584	案件	あんけん	一般	112	True
5584	楊子	ようじ	一般	111	False
5584	楊枝	ようじ	一般	111	False
5584	権原	けんげん	一般	115	False
5584	沙羅	さら	一般	91	False
5584	用件	ようけん	一般	115	True
5584	用字	ようじ	一般	115	True
5584	目玉	めだま	一般	117	False
5584	神階	しんかい	一般	115	True
5584	秘訣	ひけつ	一般	115	False
5584	竹光	たけみつ	一般	122	False
5584	豎子	じゅし	一般	115	False
5584	軍属	ぐんぞく	一般	114	True
5584	黄身	きみ	一般	122	False
5585	主眼	しゅがん	一般	111	True
5585	人里	ひとざと	一般	122	False
5585	係員	かかりいん	一般	110	False
5585	全土	ぜんど	一般	114	False
5585	公道	こうどう	一般	115	True
5585	原泉	げんせん	一般	115	False
5585	古銅	こどう	一般	115	True
5585	可否	かひ	一般	115	True
5585	司祭	しさい	一般	115	False
5585	名声	めいせい	一般	115	True
5585	外史	がいし	一般	115	True
5585	外紙	がいし	一般	115	True
5585	定価	ていか	一般	115	True
5585	実権	じっけん	一般	110	False
5585	尊属	そんぞく	一般	115	False
5585	小曲	しょうきょく	一般	115	True
5585	尖鋭	せんえい	一般	113	False
5585	廃屋	はいおく	一般	115	True
5585	心緒	しんちょ	一般	115	True
5585	棒状	ぼうじょう	一般	114	True
5585	業主	ぎょうしゅ	一般	126	True
5585	歌碑	かひ	一般	115	True
5585	涙声	なみだごえ	一般	122	False
5585	球児	きゅうじ	一般	117	True
5585	生生	しょうじょう	一般	115	False
5585	真意	しんい	一般	115	True
5585	碍子	がいし	一般	115	False
5585	笑話	しょうわ	一般	0	False
5585	線香	せんこう	一般	115	True
5585	肩書	かたがき	一般	122	False
5585	背景	はいけい	一般	115	False
5585	船影	せんえい	一般	115	False
5585	菜園	さいえん	一般	115	True
5585	貫録	かんろく	一般	115	True
5585	賛歌	さんか	一般	115	True
5585	隊員	たいいん	一般	147	True
5585	題名	だいめい	一般	115	True
5585	鮮鋭	せんえい	一般	121	False
5586	与党	よとう	一般	103	False
5586	人魚	にんぎょ	一般	114	True
5586	仕丁	じちょう	一般	115	False
5586	佳人	かじん	一般	115	True
5586	先考	せんこう	一般	115	True
5586	円卓	えんたく	一般	115	False
5586	単品	たんぴん	一般	114	False
5586	図式	ずしき	一般	101	True
5586	国技	こくぎ	一般	115	True
5586	大安	たいあん	一般	99	True
5586	天体	てんたい	一般	115	True
5586	奇禍	きか	一般	115	True
5586	奇貨	きか	一般	115	True
5586	季夏	きか	一般	115	True
5586	山岳	さんがく	一般	115	False
5586	年令	ねんれい	一般	107	True
5586	年限	ねんげん	一般	108	True
5586	幾何	きか	一般	115	False
5586	当否	とうひ	一般	115	True
5586	当確	とうかく	一般	115	True
5586	戦功	せんこう	一般	115	True
5586	旗下	きか	一般	115	True
5586	本屋	ほんや	一般	116	False
5586	本領	ほんりょう	一般	114	False
5586	机下	きか	一般	115	False
5586	次節	じせつ	一般	115	True
5586	正犯	せいはん	一般	115	True
5586	気書	きか	一般	None	False
5586	水着	みずぎ	一般	102	False
5586	浅紅	せんこう	一般	115	False
5586	無銭	むせん	一般	115	True
5586	礎材	そざい	一般	115	False
5586	社報	しゃほう	一般	115	True
5586	総菜	そうざい	一般	115	False
5586	美観	びかん	一般	115	True
5586	色情	しきじょう	一般	115	False
5586	華人	かじん	一般	115	False
5586	諸君	しょくん	一般	115	True
5586	財布	さいふ	一般	115	False
5586	貧打	ひんだ	一般	115	True
5586	貴下	きか	一般	114	True
5586	貴家	きか	一般	115	True
5586	贋札	にせさつ	一般	115	False
5586	閃光	せんこう	一般	115	False
5586	限月	げんげつ	一般	112	True
5586	隣県	りんけん	一般	115	False
5586	鮮紅	せんこう	一般	115	False
5586	麾下	きか	一般	115	False
5587	丸太	まるた	一般	115	False
5587	乳児	にゅうじ	一般	109	True
5587	体重	たいじゅう	一般	112	True
5587	保線	ほせん	一般	115	True
5587	全館	ぜんかん	一般	115	False
5587	公益	こうえき	一般	114	True
5587	力点	りきてん	一般	115	True
5587	同局	どうきょく	一般	126	True
5587	同率	どうりつ	一般	109	True
5587	国士	こくし	一般	113	True
5587	孟浪	もうろう	一般	None	False
5587	定評	ていひょう	一般	133	True
5587	宝島	たからじま	一般	122	False
5587	実定	じってい	一般	114	True
5587	座下	ざか	一般	115	True
5587	手芸	しゅげい	一般	115	True
5587	文法	ぶんぽう	一般	78	False
5587	期首	きしゅ	一般	115	True
5587	朦朧	もうろう	一般	129	False
5587	気配	けはい	一般	91	True
5587	法家	ほうか	一般	115	True
5587	法科	ほうか	一般	113	True
5587	法貨	ほうか	一般	115	True
5587	烽火	ほうか	一般	115	False
5587	牛糞	ぎゅうふん	一般	115	True
5587	皇軍	こうぐん	一般	115	True
5587	皮質	ひしつ	一般	115	False
5587	真俗	しんぞく	一般	115	True
5587	真券	しんけん	一般	115	True
5587	石門	せきもん	一般	115	True
5587	端物	はもの	一般	122	False
5587	等角	とうかく	一般	115	True
5587	紺色	こんいろ	一般	115	False
5587	結社	けっしゃ	一般	114	True
5587	統覚	とうかく	一般	115	False
5587	胸中	きょうちゅう	一般	108	False
5587	茶会	ちゃかい	一般	115	True
5587	蜂窩	ほうか	一般	115	False
5587	運輸	うんゆ	一般	114	False
5587	邦家	ほうか	一般	115	False
5587	邦貨	ほうか	一般	115	False
5587	酒癖	さけぐせ	一般	117	False
5588	主軸	しゅじく	一般	115	True
5588	交声	こうせい	一般	115	True
5588	休錘	きゅうすい	一般	101	False
5588	低音	ていおん	一般	115	True
5588	利便	りべん	一般	104	True
5588	口紅	くちべに	一般	122	False
5588	口車	くちぐるま	一般	121	False
5588	各層	かくそう	一般	101	True
5588	吸水	きゅうすい	一般	94	False
5588	土質	どしつ	一般	115	True
5588	基板	きばん	一般	115	True
5588	夜盗	やとう	一般	115	True
5588	大山	おおやま	一般	126	False
5588	学位	がくい	一般	113	True
5588	孫娘	まごむすめ	一般	122	False
5588	宝庫	ほうこ	一般	115	False
5588	局部	きょくぶ	一般	115	True
5588	屎尿	しにょう	一般	113	False
5588	後生	こうせい	一般	115	True
5588	恒星	こうせい	一般	115	False
5588	文献	ぶんけん	一般	115	False
5588	日貨	にっか	一般	115	False
5588	曠世	こうせい	一般	115	False
5588	汲水	きゅうすい	一般	101	False
5588	活路	かつろ	一般	115	True
5588	満点	まんてん	一般	115	True
5588	火力	かりょく	一般	112	True
5588	牧草	ぼくそう	一般	90	False
5588	男物	おとこもの	一般	120	False
5588	看守	かんしゅ	一般	115	True
5588	硬性	こうせい	一般	115	True
5588	職種	しょくしゅ	一般	94	True
5588	能会	のうかい	一般	115	True
5588	血筋	ちすじ	一般	122	False
5588	車寄	くるまよせ	一般	122	False
5588	階下	かいか	一般	116	True
5588	頭脳	ずのう	一般	115	True
5588	顔料	がんりょう	一般	115	False
5589	上膊	じょうはく	一般	115	False
5589	不実	ふじつ	一般	110	True
5589	主戦	しゅせん	一般	101	True
5589	傾向	けいこう	一般	115	False
5589	名妓	めいぎ	一般	115	False
5589	味醂	みりん	一般	115	False
5589	坑道	こうどう	一般	115	False
5589	大黄	だいおう	一般	115	False
5589	妻子	さいし	一般	86	False
5589	富鉱	ふこう	一般	115	False
5589	弘道	こうどう	一般	None	True
5589	彼是	あれこれ	一般	101	False
5589	心力	しんりょく	一般	123	True
5589	情人	じょうにん	一般	115	True
5589	慾望	よくぼう	一般	115	False
5589	才能	さいのう	一般	115	True
5589	断面	だんめん	一般	151	True
5589	毛色	けいろ	一般	122	False
5589	毛虫	けむし	一般	122	False
5589	水力	すいりょく	一般	111	True
5589	沢山	たくさん	一般	106	True
5589	深緑	しんりょく	一般	115	True
5589	理系	りけい	一般	115	True
5589	白球	はっきゅう	一般	115	False
5589	砲台	ほうだい	一般	115	True
5589	硯箱	すずりばこ	一般	122	False
5589	私僕	しぼく	一般	115	True
5589	譜面	ふめん	一般	115	True
5589	議席	ぎせき	一般	112	True
5589	質量	しつりょう	一般	115	True
5589	逆進	ぎゃくしん	一般	115	True
5589	逸材	いつざい	一般	115	True
5589	醤油	しょうゆ	一般	86	False
5589	門松	かどまつ	一般	122	False
5589	音源	おんげん	一般	111	True
5589	高堂	こうどう	一般	115	False
5589	黄道	こうどう	一般	115	False
5589	黄銅	こうどう	一般	115	False
5590	党名	とうめい	一般	117	True
5590	冊子	そうし	一般	0	False
5590	出端	では	一般	122	False
5590	別荘	べっそう	一般	103	True
5590	古刀	ことう	一般	115	True
5590	名水	めいすい	一般	125	True
5590	壁面	へきめん	一般	115	False
5590	壮者	そうしゃ	一般	115	False
5590	大乱	たいらん	一般	115	True
5590	孤灯	ことう	一般	115	True
5590	巻物	まきもの	一般	122	False
5590	弟分	おとうとぶん	一般	115	False
5590	慶兆	けいちょう	一般	115	True
5590	抗体	こうたい	一般	115	True
5590	抽斗	ひきだし	一般	124	False
5590	文語	ぶんご	一般	119	True
5590	時差	じさ	一般	114	True
5590	月忌	がっき	一般	115	False
5590	村人	むらびと	一般	123	False
5590	洋式	ようしき	一般	132	True
5590	渦中	かちゅう	一般	115	False
5590	玉葱	たまねぎ	一般	119	False
5590	王家	おうけ	一般	112	True
5590	相者	そうしゃ	一般	115	True
5590	短躯	たんく	一般	115	True
5590	石材	せきざい	一般	115	True
5590	祝電	しゅくでん	一般	115	True
5590	紺碧	こんぺき	一般	115	False
5590	組曲	くみきょく	一般	114	False
5590	耐湿	たいしつ	一般	115	False
5590	菌糸	きんし	一般	115	True
5590	藩主	はんしゅ	一般	177	True
5590	要式	ようしき	一般	115	True
5590	論理	ろんり	一般	111	True
5590	軽重	けいちょう	一般	115	True
5590	近視	きんし	一般	115	True
5590	道具	どうぐ	一般	82	True
5590	邦題	ほうだい	一般	115	False
5590	金枝	きんし	一般	115	False
5590	金糸	きんし	一般	115	True
5590	金鵄	きんし	一般	115	False
5590	陰口	かげぐち	一般	122	False
5590	風船	ふうせん	一般	114	True
5591	不弁	ふべん	一般	115	True
5591	元職	げんしょく	一般	115	True
5591	兵員	へいいん	一般	113	True
5591	再度	さいど	副詞可能	91	True
5591	厳寒	げんかん	一般	115	True
5591	名門	めいもん	一般	113	True
5591	威勢	いせい	一般	115	True
5591	嫌疑	けんぎ	一般	115	False
5591	小男	こおとこ	一般	122	False
5591	応急	おうきゅう	一般	115	True
5591	振出	ふりだし	一般	120	False
5591	日日	ひにち	一般	103	False
5591	本尊	ほんぞん	一般	114	False
5591	柔道	じゅうどう	一般	110	False
5591	焼肉	やきにく	一般	114	False
5591	特性	とくせい	一般	110	True
5591	現官	げんかん	一般	115	True
5591	白髪	はくはつ	一般	104	True
5591	知恵	ちえ	一般	84	False
5591	老母	ろうぼ	一般	115	True
5591	肉感	にっかん	一般	115	False
5591	荒巻	あらまき	一般	122	False
5591	荒波	あらなみ	一般	122	False
5591	製紙	せいし	一般	96	True
5591	製販	せいはん	一般	115	True
5591	鉄蹄	てってい	一般	115	False
5591	鉱物	こうぶつ	一般	115	True
5591	際限	さいげん	一般	114	True
5591	首長	しゅちょう	一般	113	True
5591	驚異	きょうい	一般	115	False
5592	上役	うわやく	一般	115	False
5592	中気	ちゅうき	一般	115	True
5592	伯母	おば	一般	99	False
5592	倫理	りんり	一般	108	True
5592	出方	でかた	一般	181	False
5592	利権	りけん	一般	105	False
5592	原典	げんてん	一般	115	True
5592	地衣	ちい	一般	115	True
5592	塵芥	ごみ	一般	115	False
5592	大藩	たいはん	一般	115	True
5592	媒体	ばいたい	一般	115	False
5592	官舎	かんしゃ	一般	115	True
5592	弄火	ろうか	一般	115	True
5592	弄花	ろうか	一般	115	True
5592	性感	せいかん	一般	115	True
5592	戦型	せんけい	一般	115	True
5592	投機	とうき	一般	117	True
5592	文學	ぶんがく	一般	86	False
5592	机上	きじょう	一般	114	False
5592	桜草	さくらそう	一般	115	False
5592	機上	きじょう	一般	114	True
5592	沖合	おきあい	一般	122	False
5592	淵叢	えんそう	一般	115	False
5592	清鑑	せいかん	一般	115	True
5592	清閑	せいかん	一般	115	True
5592	狼火	ろうか	一般	115	False
5592	甘蔗	かんしゃ	一般	115	False
5592	盛観	せいかん	一般	115	False
5592	矢板	やいた	一般	105	False
5592	礼金	れいきん	一般	108	True
5592	神話	しんわ	一般	114	True
5592	禁漁	きんぎょ	一般	111	False
5592	素案	そあん	一般	114	True
5592	老年	ろうねん	一般	110	True
5592	胸囲	きょうい	一般	115	False
5592	脅威	きょうい	一般	115	False
5592	腕輪	うでわ	一般	122	False
5592	裏町	うらまち	一般	121	False
5592	谷行	たにいき	一般	122	False
5592	軒並	のきなみ	一般	104	False
5592	迎車	げいしゃ	一般	115	False
5592	重罰	じゅうばつ	一般	115	True
5592	野外	やがい	一般	115	True
5592	長上	ちょうじょう	一般	115	True
5592	隣国	りんごく	一般	119	False
5592	難点	なんてん	一般	115	True
5593	不敗	ふはい	一般	115	True
5593	傍役	わきやく	一般	115	False
5593	全校	ぜんこう	一般	115	False
5593	全編	ぜんぺん	一般	115	False
5593	厭忌	えんき	一般	115	False
5593	図鑑	ずかん	一般	115	True
5593	塩基	えんき	一般	115	True
5593	容量	ようりょう	一般	123	True
5593	封筒	ふうとう	一般	104	True
5593	廃水	はいすい	一般	115	True
5593	弔砲	ちょうほう	一般	115	True
5593	従姉	じゅうし	一般	115	False
5593	文楽	ぶんらく	一般	112	True
5593	新説	しんせつ	一般	115	True
5593	枠組	わくぐみ	一般	122	False
5593	水圏	すいけん	一般	117	True
5593	湖底	こてい	一般	115	True
5593	特色	とくしょく	一般	115	True
5593	獣脂	じゅうし	一般	115	False
5593	理念	りねん	一般	115	True
5593	異腹	いふく	一般	115	False
5593	病人	びょうにん	一般	113	True
5593	病巣	びょうそう	一般	113	False
5593	祭祀	さいし	一般	115	False
5593	窪地	くぼち	一般	115	False
5593	笑顔	えがお	一般	120	False
5593	等比	とうひ	一般	115	True
5593	純益	じゅんえき	一般	115	False
5593	終巻	しゅうかん	一般	None	True
5593	羅漢	らかん	一般	90	False
5593	習慣	しゅうかん	一般	115	False
5593	舗道	ほどう	一般	115	False
5593	芸風	げいふう	一般	115	True
5593	討匪	とうひ	一般	115	False
5593	諜報	ちょうほう	一般	115	False
5593	賊子	ぞくし	一般	115	True
5593	遠忌	えんき	一般	115	False
5593	鋪道	ほどう	一般	115	False
5593	青豆	あおまめ	一般	122	False
5593	魚雷	ぎょらい	一般	114	False
5594	両校	りょうこう	一般	115	True
5594	仙術	せんじゅつ	一般	115	False
5594	佳局	かきょく	一般	115	True
5594	信徒	しんと	一般	115	True
5594	全霊	ぜんれい	一般	114	False
5594	内局	ないきょく	一般	115	True
5594	劃一	かくいつ	一般	101	False
5594	北町	きたまち	一般	None	False
5594	句碑	くひ	一般	115	True
5594	同数	どうすう	一般	109	True
5594	図上	ずじょう	一般	108	True
5594	図版	ずはん	一般	114	True
5594	女坂	おんなざか	一般	122	False
5594	子犬	こいぬ	一般	109	False
5594	富豪	ふごう	一般	115	False
5594	島民	とうみん	一般	93	True
5594	微熱	びねつ	一般	114	True
5594	愚痴	ぐち	一般	106	False
5594	手管	てくだ	一般	122	False
5594	才子	さいし	一般	115	True
5594	抗原	こうげん	一般	115	True
5594	敵勢	てきせい	一般	115	True
5594	新撰	しんせん	一般	115	True
5594	新税	しんぜい	一般	105	True
5594	日割	ひわり	一般	122	False
5594	林冠	りんかん	一般	115	True
5594	深浅	しんせん	一般	115	False
5594	潸然	さんぜん	一般	129	False
5594	燦然	さんぜん	一般	129	False
5594	産前	さんぜん	一般	115	True
5594	用具	ようぐ	一般	183	True
5594	神仙	しんせん	一般	115	False
5594	神饌	しんせん	一般	115	False
5594	祭司	さいし	一般	115	False
5594	競書	きょうしょ	一般	115	False
5594	老親	ろうしん	一般	115	True
5594	芯線	しんせん	一般	115	True
5594	薬餌	やくじ	一般	115	False
5594	衣糧	いりょう	一般	115	False
5594	資力	しりょく	一般	115	True
5594	軍国	ぐんこく	一般	95	True
5594	適性	てきせい	一般	115	True
5594	霊泉	れいせん	一般	115	False
5594	順番	じゅんばん	一般	115	True
5595	下水	げすい	一般	95	True
5595	主因	しゅいん	一般	115	True
5595	事例	じれい	一般	111	True
5595	事項	じこう	一般	115	True
5595	僚船	りょうせん	一般	115	False
5595	先賢	せんけん	一般	115	True
5595	公傷	こうしょう	一般	115	False
5595	公娼	こうしょう	一般	115	False
5595	公証	こうしょう	一般	115	True
5595	前審	ぜんしん	一般	115	False
5595	前震	ぜんしん	一般	115	False
5595	単機	たんき	一般	116	False
5595	単記	たんき	一般	115	False
5595	単軌	たんき	一般	129	False
5595	単騎	たんき	一般	115	False
5595	口証	こうしょう	一般	115	True
5595	台車	だいしゃ	一般	115	True
5595	史学	しがく	一般	75	True
5595	咬傷	こうしょう	一般	115	False
5595	善心	ぜんしん	一般	115	True
5595	国名	こくめい	一般	115	True
5595	地異	ちい	一般	115	True
5595	女心	おんなごころ	一般	122	False
5595	好尚	こうしょう	一般	115	False
5595	嬋娟	せんけん	一般	129	False
5595	客足	きゃくあし	一般	110	False
5595	専権	せんけん	一般	115	False
5595	工匠	こうしょう	一般	115	False
5595	工廠	こうしょう	一般	115	True
5595	店名	てんめい	一般	111	True
5595	後景	こうけい	一般	115	True
5595	志学	しがく	一般	115	True
5595	憶病	おくびょう	一般	113	False
5595	斯学	しがく	一般	115	False
5595	新渡	しんと	一般	115	True
5595	校章	こうしょう	一般	115	True
5595	歯学	しがく	一般	94	True
5595	毒腺	どくせん	一般	115	True
5595	淋疾	りんしつ	一般	115	False
5595	火焔	かえん	一般	115	False
5595	田紳	でんしん	一般	117	False
5595	病名	びょうめい	一般	115	True
5595	痳疾	りんしつ	一般	115	False
5595	盤上	ばんじょう	一般	115	True
5595	石頭	いしあたま	一般	122	False
5595	神都	しんと	一般	115	True
5595	糸状	いとじょう	一般	159	False
5595	肯綮	こうけい	一般	115	False
5595	船長	せんちょう	一般	114	True
5595	行賞	こうしょう	一般	115	True
5595	視学	しがく	一般	115	True
5595	計器	けいき	一般	115	True
5595	詩学	しがく	一般	94	True
5595	造花	ぞうか	一般	115	True
5595	道心	どうしん	一般	115	True
5595	鉱床	こうしょう	一般	115	True
5595	銃刀	じゅうとう	一般	110	True
5595	雀斑	そばかす	一般	122	False
5595	食欲	しょくよく	一般	115	True
5595	馬術	ばじゅつ	一般	115	True
5596	不発	ふはつ	一般	116	True
5596	亭主	ていしゅ	一般	115	True
5596	今朝	こんちょう	副詞可能	94	True
5596	低空	ていくう	一般	115	True
5596	元利	がんり	一般	104	True
5596	全域	ぜんいき	一般	115	False
5596	功罪	こうざい	一般	115	True
5596	単形	たんけい	一般	115	False
5596	印鑑	いんかん	一般	115	True
5596	取付	とりつけ	一般	120	False
5596	器材	きざい	一般	115	True
5596	基軸	きじく	一般	115	True
5596	外角	がいかく	一般	115	True
5596	天火	てんか	一般	115	True
5596	実技	じつぎ	一般	115	True
5596	小包	こづつみ	一般	104	False
5596	少将	しょうしょう	一般	115	True
5596	怨霊	おんりょう	一般	115	False
5596	悪疾	あくしつ	一般	115	False
5596	手帖	てちょう	一般	109	False
5596	接骨	せっこつ	一般	115	True
5596	本数	ほんすう	一般	102	True
5596	本棚	ほんだな	一般	115	False
5596	水虫	みずむし	一般	122	False
5596	洋酒	ようしゅ	一般	115	True
5596	温度	おんど	一般	117	False
5596	渾身	こんしん	一般	115	False
5596	無神	むしん	一般	122	True
5596	現下	げんか	一般	115	True
5596	球筋	たますじ	一般	122	False
5596	理数	りすう	一般	115	True
5596	目上	めうえ	一般	119	False
5596	笑芸	しょうげい	一般	115	False
5596	義兄	ぎけい	一般	115	True
5596	脚力	きゃくりょく	一般	115	True
5596	荷台	にだい	一般	115	True
5596	運勢	うんせい	一般	114	True
5596	隣人	りんじん	一般	115	False
5596	題材	だいざい	一般	115	True
5596	鬱病	うつびょう	一般	114	False
5597	下面	かめん	一般	115	True
5597	主神	しゅしん	一般	115	True
5597	乳腺	にゅうせん	一般	115	True
5597	倉庫	そうこ	一般	115	False
5597	光来	こうらい	一般	115	True
5597	党紀	とうき	一般	115	True
5597	兵隊	へいたい	一般	124	True
5597	単願	たんがん	一般	115	False
5597	厭戦	えんせん	一般	115	False
5597	古楽	こがく	一般	115	False
5597	和風	わふう	一般	109	True
5597	夏場	なつば	一般	123	False
5597	大義	たいぎ	一般	114	True
5597	子役	こやく	一般	120	False
5597	実情	じつじょう	一般	112	True
5597	小差	しょうさ	一般	114	True
5597	巧言	こうげん	一般	115	False
5597	師匠	ししょう	一般	115	False
5597	広原	こうげん	一般	None	True
5597	往信	おうしん	一般	115	True
5597	戦災	せんさい	一般	115	False
5597	暑中	しょちゅう	一般	115	False
5597	朱唇	しゅしん	一般	115	False
5597	朱脣	しゅしん	一般	115	False
5597	極地	きょくち	一般	115	True
5597	概要	がいよう	一般	115	True
5597	正使	せいし	一般	116	True
5597	波紋	はもん	一般	115	True
5597	熟柿	じゅくし	一般	115	False
5597	産別	さんべつ	一般	111	True
5597	皇后	こうごう	一般	115	False
5597	祝盃	しゅくはい	一般	115	False
5597	積立	つみたて	一般	118	False
5597	終点	しゅうてん	一般	115	True
5597	胸部	きょうぶ	一般	115	False
5597	舷梯	げんてい	一般	115	False
5597	荒原	こうげん	一般	115	True
5597	赤毛	あかげ	一般	122	False
5597	軍旗	ぐんき	一般	115	True
5597	軍紀	ぐんき	一般	115	True
5597	軍規	ぐんき	一般	115	True
5597	軍記	ぐんき	一般	115	True
5597	通所	つうしょ	一般	113	True
5597	鉄砲	てっぽう	一般	100	False
5597	風雨	ふうう	一般	115	True
5598	人世	じんせい	一般	115	True
5598	人性	じんせい	一般	116	True
5598	仁政	じんせい	一般	115	True
5598	体格	たいかく	一般	115	True
5598	修身	しゅうしん	一般	114	True
5598	兇漢	きょうかん	一般	115	False
5598	党規	とうき	一般	115	True
5598	共管	きょうかん	一般	115	True
5598	典獄	てんごく	一般	115	True
5598	冷房	れいぼう	一般	101	True
5598	凶漢	きょうかん	一般	115	False
5598	出足	であし	一般	122	False
5598	前哨	ぜんしょう	一般	115	False
5598	反共	はんきょう	一般	115	True
5598	反動	はんどう	一般	115	True
5598	叫喚	きょうかん	一般	115	False
5598	墓相	ぼそう	一般	115	True
5598	声量	せいりょう	一般	115	True
5598	外形	がいけい	一般	115	True
5598	嫡嫡	ちゃくちゃく	一般	115	False
5598	寸法	すんぽう	一般	115	False
5598	小康	しょうこう	一般	115	True
5598	小智	しょうち	一般	115	False
5598	小知	しょうち	一般	115	True
5598	岩盤	がんばん	一般	115	False
5598	峡間	きょうかん	一般	115	False
5598	工程	こうてい	一般	113	False
5598	廃園	はいえん	一般	115	True
5598	当機	とうき	一般	None	True
5598	朝命	ちょうめい	一般	115	False
5598	木樋	きどい	一般	113	False
5598	株数	かぶすう	一般	114	False
5598	根気	こんき	一般	109	True
5598	気品	きひん	一般	112	True
5598	気心	きごころ	一般	115	False
5598	水流	すいりゅう	一般	115	True
5598	汎論	はんろん	一般	115	False
5598	浸染	しんぜん	一般	101	False
5598	湯船	ゆぶね	一般	122	False
5598	皮膚	ひふ	一般	115	False
5598	相性	あいしょう	一般	0	True
5598	経巻	きょうかん	一般	115	True
5598	線区	せんく	一般	109	True
5598	胸間	きょうかん	一般	115	False
5598	良法	りょうほう	一般	115	True
5598	褐藻	かっそう	一般	115	False
5598	通期	つうき	一般	115	True
5598	郷関	きょうかん	一般	115	False
5598	里芋	さといも	一般	122	False
5598	野菜	やさい	一般	107	True
5598	金庫	きんこ	一般	112	True
5598	金満	きんまん	一般	115	True
5598	陰晴	いんせい	一般	115	True
5598	難題	なんだい	一般	115	True
5598	霊前	れいぜん	一般	114	True
5598	食材	しょくざい	一般	112	True
5599	事後	じご	一般	114	True
5599	伝記	でんき	一般	115	True
5599	党籍	とうせき	一般	115	True
5599	入塾	にゅうじゅく	一般	101	True
5599	全席	ぜんせき	一般	114	False
5599	冥冥	めいめい	一般	115	True
5599	几帳	きちょう	一般	115	False
5599	勝地	しょうち	一般	115	True
5599	卑称	ひしょう	一般	115	False
5599	取扱	とりあつかい	一般	116	False
5599	名刺	めいし	一般	115	True
5599	名画	めいが	一般	114	True
5599	和服	わふく	一般	115	True
5599	土石	どせき	一般	115	True
5599	垣根	かきね	一般	122	False
5599	大皿	おおざら	一般	122	False
5599	安否	あんぴ	一般	115	False
5599	定説	ていせつ	一般	115	True
5599	工率	こうりつ	一般	115	True
5599	弔銃	ちょうじゅう	一般	115	True
5599	彗星	すいせい	一般	114	False
5599	悲傷	ひしょう	一般	115	False
5599	所用	しょよう	一般	136	True
5599	敢然	かんぜん	一般	113	False
5599	敵失	てきしつ	一般	115	True
5599	文庫	ぶんこ	一般	110	True
5599	晩餐	ばんさん	一般	113	False
5599	格下	かくした	一般	110	False
5599	機長	きちょう	一般	135	True
5599	水勢	すいせい	一般	115	True
5599	水声	すいせい	一般	115	True
5599	水性	すいせい	一般	116	True
5599	水星	すいせい	一般	None	False
5599	水棲	すいせい	一般	115	False
5599	水生	すいせい	一般	114	True
5599	油井	ゆせい	一般	115	True
5599	白布	しろぬの	一般	102	False
5599	直間	ちょっかん	一般	114	False
5599	真空	しんくう	一般	114	True
5599	税込	ぜいこみ	一般	113	False
5599	空白	くうはく	一般	110	True
5599	窯業	ようぎょう	一般	115	False
5599	給餌	きゅうじ	一般	115	False
5599	色石	しょくせき	一般	122	True
5599	衰勢	すいせい	一般	115	False
5599	金銭	きんせん	一般	115	True
5599	銘銘	めいめい	一般	115	True
5599	間然	かんぜん	一般	115	True
5599	間道	かんどう	一般	115	True
5599	随員	ずいいん	一般	115	True
5599	音盤	おんばん	一般	115	True
5599	頭取	とうどり	一般	106	False
5599	魚価	ぎょか	一般	115	True
5599	鳥銃	ちょうじゅう	一般	115	True
5600	一義	いちぎ	一般	144	True
5600	元兇	げんきょう	一般	115	False
5600	写経	しゃきょう	一般	115	True
5600	列島	れっとう	一般	111	True
5600	初会	しょかい	一般	117	True
5600	初子	はつね	一般	122	False
5600	初犯	しょはん	一般	115	True
5600	初音	はつね	一般	119	False
5600	利剣	りけん	一般	115	True
5600	商港	しょうこう	一般	115	True
5600	国論	こくろん	一般	116	True
5600	婚期	こんき	一般	115	True
5600	孤軍	こぐん	一般	115	True
5600	小我	しょうが	一般	115	True
5600	少雨	しょうう	一般	115	True
5600	屠所	としょ	一般	115	False
5600	急足	いそぎあし	一般	122	False
5600	憲章	けんしょう	一般	111	False
5600	懐旧	かいきゅう	一般	115	True
5600	抗戦	こうせん	サ変接続	110	True
5600	料亭	りょうてい	一般	115	True
5600	昇汞	しょうこう	一般	115	False
5600	根基	こんき	一般	115	True
5600	機業	きぎょう	一般	116	True
5600	次善	じぜん	一般	115	True
5600	水軍	すいぐん	一般	115	True
5600	決選	けっせん	一般	115	True
5600	洋上	ようじょう	一般	124	True
5600	特徴	とくちょう	一般	115	True
5600	現況	げんきょう	一般	115	True
5600	生姜	しょうが	一般	114	False
5600	生理	せいり	一般	78	True
5600	生薑	しょうが	一般	114	False
5600	甲板	かんぱん	一般	89	False
5600	異類	いるい	一般	115	True
5600	目線	めせん	一般	127	False
5600	短冊	たんざく	一般	107	False
5600	短刀	たんとう	一般	115	True
5600	社共	しゃきょう	一般	115	True
5600	稟質	ひんしつ	一般	115	False
5600	美技	びぎ	一般	115	True
5600	義姉	ぎし	一般	115	False
5600	胆嚢	たんのう	一般	115	False
5600	臨死	りんし	一般	115	True
5600	葛藤	かっとう	一般	93	False
5600	表敬	ひょうけい	一般	115	True
5600	衷情	ちゅうじょう	一般	115	False
5600	複軌	ふっき	一般	None	False
5600	諸般	しょはん	一般	115	False
5600	週給	しゅうきゅう	一般	115	True
5600	陸運	りくうん	一般	115	True
5600	鱗翅	りんし	一般	115	False
